workload1,idx1,workload2,idx2,w1_Threads,w1_Compute (SM) Throughput,w1_DRAM Throughput,w1_Memory Throughput,w1_Registers,w1_Static Shared Memory,w2_Threads,w2_Compute (SM) Throughput,w2_DRAM Throughput,w2_Memory Throughput,w2_Registers,w2_Static Shared Memory,w1throughput,w2throughput,w1exclusive_throughput,w1sm%,w1mem%,w1memcap,w2exclusive_throughput,w2sm%,w2mem%,w2memcap
bert-base-cased_batch2-inf,0,bert-base-cased_batch2-inf,0,210588.1095979778,73.11711703442735,15.196149452714376,63.87781954030234,14134984.63908432,13218.430422937075,210588.1095979778,73.11711703442735,15.196149452714376,63.87781954030234,14134984.63908432,13218.430422937075,46.12889663042825,40.437612519041686,84.1300191204589,92.5,40.0,1.2,84.1300191204589,92.5,40.0,1.2
bert-base-cased_batch2-inf,0,albert-base-v2_batch8-train,1,210588.1095979778,73.11711703442735,15.196149452714376,63.87781954030234,14134984.63908432,13218.430422937075,2011555.2744192549,48.32407816574221,50.96574818117043,78.11175775979989,42373993.86889671,8963.297179442388,35.36607521346817,18.52814671267193,84.1300191204589,92.5,40.0,1.2,29.67588370763072,97.38028169014083,46.74647887323944,6.6
bert-base-cased_batch2-inf,0,gpt2-xl_batch100-inf,2,210588.1095979778,73.11711703442735,15.196149452714376,63.87781954030234,14134984.63908432,13218.430422937075,59703.85028143122,34.166956171194144,43.16222413955438,44.12589122395779,3169894.376506317,2911.0801668674217,70.23309311987981,12.649621301962272,84.1300191204589,92.5,40.0,1.2,41.38216428719222,50.97826086956522,26.782608695652176,7.1
bert-base-cased_batch2-inf,0,gpt2-xl_batch214-inf,3,210588.1095979778,73.11711703442735,15.196149452714376,63.87781954030234,14134984.63908432,13218.430422937075,59703.85028143122,34.166956171194144,43.16222413955438,44.12589122395779,3169894.376506317,2911.0801668674217,62.14560182781182,10.13177621715458,84.1300191204589,92.5,40.0,1.2,36.05,72.05833333333334,35.75,11.7
bert-base-cased_batch2-inf,0,vit-base-patch16-224_batch2-inf,4,210588.1095979778,73.11711703442735,15.196149452714376,63.87781954030234,14134984.63908432,13218.430422937075,35961.4603913098,67.45085472767737,10.815099777889127,40.24518066467102,3779001.50924272,2914.346235876293,64.01403047243232,60.78178694158076,84.1300191204589,92.5,40.0,1.2,63.42342342342342,29.454545454545453,4.181818181818182,1.6
bert-base-cased_batch2-inf,0,albert-base-v2_batch16-train,6,210588.1095979778,73.11711703442735,15.196149452714376,63.87781954030234,14134984.63908432,13218.430422937075,4277649.00888219,50.385998213386,52.11208358723994,82.58865975224239,92390692.05828495,25482.817460549733,34.6710995013061,18.01222257960759,84.1300191204589,92.5,40.0,1.2,31.21636167922497,97.3793103448276,45.672413793103445,12.4
bert-base-cased_batch2-inf,0,bert-base-cased_batch16-inf,8,210588.1095979778,73.11711703442735,15.196149452714376,63.87781954030234,14134984.63908432,13218.430422937075,835718.6565414541,77.39705851566664,19.5069773693752,80.25152845506604,33046364.645043664,21136.22413125796,34.45631010679096,61.33205558217536,84.1300191204589,92.5,40.0,1.2,99.82511698255897,97.0,38.0,1.6
bert-base-cased_batch2-inf,0,bert-base-cased_batch8-train,10,210588.1095979778,73.11711703442735,15.196149452714376,63.87781954030234,14134984.63908432,13218.430422937075,282529.3614028022,53.30323833870383,33.27643892259864,72.11510146261294,13680331.758935943,5646.101384772973,35.25079978270055,18.224178099922337,84.1300191204589,92.5,40.0,1.2,29.24021138236145,96.7,45.2,4.9
bert-base-cased_batch2-inf,0,vit-base-patch16-224_batch16-inf,11,210588.1095979778,73.11711703442735,15.196149452714376,63.87781954030234,14134984.63908432,13218.430422937075,270226.21847462544,71.58411662529359,16.757964890563972,71.13546341295469,13244786.852812832,6611.217845498419,69.37514849132812,72.22767419038273,84.1300191204589,92.5,40.0,1.2,81.32013201320132,29.0,6.026315789473684,5.1
bert-base-cased_batch2-inf,0,bert-base-cased_batch2-train,13,210588.1095979778,73.11711703442735,15.196149452714376,63.87781954030234,14134984.63908432,13218.430422937075,190287.54368530755,50.355027213149135,39.03476297296079,70.42541520673052,11074376.322716216,8536.651206481605,36.26878648615079,14.159803496604535,84.1300191204589,92.5,40.0,1.2,23.23807288304677,97.27272727272728,47.76623376623377,3.1
bert-base-cased_batch2-inf,0,vit-base-patch16-224_batch8-inf,14,210588.1095979778,73.11711703442735,15.196149452714376,63.87781954030234,14134984.63908432,13218.430422937075,109686.3558871527,80.57405153349794,12.838127168904558,56.01186382090581,8835599.308909625,6234.131132549218,66.46181859565266,69.15287725364287,84.1300191204589,92.5,40.0,1.2,79.59099074202018,27.05555555555556,6.055555555555555,3.1
bert-base-cased_batch2-inf,0,albert-base-v2_batch2-train,16,210588.1095979778,73.11711703442735,15.196149452714376,63.87781954030234,14134984.63908432,13218.430422937075,411285.4853574395,58.4276542042436,34.26425178992512,68.37910891218571,15451966.342910131,11099.815030370692,35.945097556471964,16.219809439397295,84.1300191204589,92.5,40.0,1.2,25.6782694402656,97.0,43.0,2.3
bert-base-cased_batch2-inf,0,gpt2-xl_batch20-inf,18,210588.1095979778,73.11711703442735,15.196149452714376,63.87781954030234,14134984.63908432,13218.430422937075,59703.85028143122,34.166956171194144,43.16222413955438,44.12589122395779,3169894.376506317,2911.0801668674217,80.28448772986481,22.97970126388357,84.1300191204589,92.5,40.0,1.2,43.57,35.166666666666664,20.0,6.8
bert-base-cased_batch2-inf,0,bert-base-cased_batch8-inf,21,210588.1095979778,73.11711703442735,15.196149452714376,63.87781954030234,14134984.63908432,13218.430422937075,321403.49372387805,68.94063933472631,16.380971505511898,69.15212811160453,16463690.915910697,7439.555750717122,37.67255837956392,56.63117134559536,84.1300191204589,92.5,40.0,1.2,98.34844157456848,96.0,38.0,1.4
bert-base-cased_batch2-inf,0,bert-base-cased_batch16-train,22,210588.1095979778,73.11711703442735,15.196149452714376,63.87781954030234,14134984.63908432,13218.430422937075,692527.7301330821,62.5482786063805,33.25333145673535,80.83888015236029,27323770.3166314,16724.462236768497,34.79089717621827,19.67510193514983,84.1300191204589,92.5,40.0,1.2,32.58655804480652,97.01724137931036,42.82758620689656,7.4
albert-base-v2_batch8-train,1,albert-base-v2_batch8-train,1,2011555.2744192549,48.32407816574221,50.96574818117043,78.11175775979989,42373993.86889671,8963.297179442388,2011555.2744192549,48.32407816574221,50.96574818117043,78.11175775979989,42373993.86889671,8963.297179442388,14.474174690196293,14.208534419430729,29.67588370763072,97.38028169014083,46.74647887323944,6.6,29.67588370763072,97.38028169014083,46.74647887323944,6.6
albert-base-v2_batch8-train,1,gpt2-xl_batch100-inf,2,2011555.2744192549,48.32407816574221,50.96574818117043,78.11175775979989,42373993.86889671,8963.297179442388,59703.85028143122,34.166956171194144,43.16222413955438,44.12589122395779,3169894.376506317,2911.0801668674217,28.59980940183438,9.725734292939118,29.67588370763072,97.38028169014083,46.74647887323944,6.6,41.38216428719222,50.97826086956522,26.782608695652176,7.1
albert-base-v2_batch8-train,1,gpt2-xl_batch214-inf,3,2011555.2744192549,48.32407816574221,50.96574818117043,78.11175775979989,42373993.86889671,8963.297179442388,59703.85028143122,34.166956171194144,43.16222413955438,44.12589122395779,3169894.376506317,2911.0801668674217,26.53757690998314,8.146070979939347,29.67588370763072,97.38028169014083,46.74647887323944,6.6,36.05,72.05833333333334,35.75,11.7
albert-base-v2_batch8-train,1,vit-base-patch16-224_batch2-inf,4,2011555.2744192549,48.32407816574221,50.96574818117043,78.11175775979989,42373993.86889671,8963.297179442388,35961.4603913098,67.45085472767737,10.815099777889127,40.24518066467102,3779001.50924272,2914.346235876293,25.010780508840018,50.89768171518215,29.67588370763072,97.38028169014083,46.74647887323944,6.6,63.42342342342342,29.454545454545453,4.181818181818182,1.6
albert-base-v2_batch8-train,1,vit_h_14_batch16-train,5,2011555.2744192549,48.32407816574221,50.96574818117043,78.11175775979989,42373993.86889671,8963.297179442388,1691379.0692694078,15.650645216259049,84.56479567654743,84.99004188310414,34529068.77101502,180.8677358253554,15.89944227087322,5.2973311015873605,29.67588370763072,97.38028169014083,46.74647887323944,6.6,10.390129377091762,96.87847222222224,30.67013888888889,21.2
albert-base-v2_batch8-train,1,albert-base-v2_batch16-train,6,2011555.2744192549,48.32407816574221,50.96574818117043,78.11175775979989,42373993.86889671,8963.297179442388,4277649.00888219,50.385998213386,52.11208358723994,82.58865975224239,92390692.05828495,25482.817460549733,14.047345437830383,15.022904238469636,29.67588370763072,97.38028169014083,46.74647887323944,6.6,31.21636167922497,97.3793103448276,45.672413793103445,12.4
albert-base-v2_batch8-train,1,vit_h_14_batch2-train,7,2011555.2744192549,48.32407816574221,50.96574818117043,78.11175775979989,42373993.86889671,8963.297179442388,183316.888392316,44.95736442315827,46.30171509953436,72.30406066464882,9279376.251384592,6320.710134302391,15.831407938497884,3.300985331711797,29.67588370763072,97.38028169014083,46.74647887323944,6.6,6.908856242645105,97.51923076923076,47.9423,14.3
albert-base-v2_batch8-train,1,bert-base-cased_batch16-inf,8,2011555.2744192549,48.32407816574221,50.96574818117043,78.11175775979989,42373993.86889671,8963.297179442388,835718.6565414541,77.39705851566664,19.5069773693752,80.25152845506604,33046364.645043664,21136.22413125796,14.890646812470916,47.658879934713866,29.67588370763072,97.38028169014083,46.74647887323944,6.6,99.82511698255897,97.0,38.0,1.6
albert-base-v2_batch8-train,1,bert-base-cased_batch8-train,10,2011555.2744192549,48.32407816574221,50.96574818117043,78.11175775979989,42373993.86889671,8963.297179442388,282529.3614028022,53.30323833870383,33.27643892259864,72.11510146261294,13680331.758935943,5646.101384772973,14.138853161347631,15.101355517401656,29.67588370763072,97.38028169014083,46.74647887323944,6.6,29.24021138236145,96.7,45.2,4.9
albert-base-v2_batch8-train,1,vit-base-patch16-224_batch16-inf,11,2011555.2744192549,48.32407816574221,50.96574818117043,78.11175775979989,42373993.86889671,8963.297179442388,270226.21847462544,71.58411662529359,16.757964890563972,71.13546341295469,13244786.852812832,6611.217845498419,23.742380395295857,64.01841625673138,29.67588370763072,97.38028169014083,46.74647887323944,6.6,81.32013201320132,29.0,6.026315789473684,5.1
albert-base-v2_batch8-train,1,whisper-large-v2_batch8-inf,12,2011555.2744192549,48.32407816574221,50.96574818117043,78.11175775979989,42373993.86889671,8963.297179442388,5661591.512012222,33.63998724849095,55.31684738960696,64.7932709326375,117732415.08983348,1056.3817410779272,14.458010168107768,1.8174153356129088,29.67588370763072,97.38028169014083,46.74647887323944,6.6,10.73243670597552,45.11811023622048,19.79265091863517,11.4
albert-base-v2_batch8-train,1,bert-base-cased_batch2-train,13,2011555.2744192549,48.32407816574221,50.96574818117043,78.11175775979989,42373993.86889671,8963.297179442388,190287.54368530755,50.355027213149135,39.03476297296079,70.42541520673052,11074376.322716216,8536.651206481605,14.476551397441972,10.919410614945122,29.67588370763072,97.38028169014083,46.74647887323944,6.6,23.23807288304677,97.27272727272728,47.76623376623377,3.1
albert-base-v2_batch8-train,1,vit-base-patch16-224_batch8-inf,14,2011555.2744192549,48.32407816574221,50.96574818117043,78.11175775979989,42373993.86889671,8963.297179442388,109686.3558871527,80.57405153349794,12.838127168904558,56.01186382090581,8835599.308909625,6234.131132549218,24.17611505713151,62.36151525668063,29.67588370763072,97.38028169014083,46.74647887323944,6.6,79.59099074202018,27.05555555555556,6.055555555555555,3.1
albert-base-v2_batch8-train,1,albert-base-v2_batch2-train,16,2011555.2744192549,48.32407816574221,50.96574818117043,78.11175775979989,42373993.86889671,8963.297179442388,411285.4853574395,58.4276542042436,34.26425178992512,68.37910891218571,15451966.342910131,11099.815030370692,15.520699746802144,11.675173446621228,29.67588370763072,97.38028169014083,46.74647887323944,6.6,25.6782694402656,97.0,43.0,2.3
albert-base-v2_batch8-train,1,whisper-large-v2_batch2-inf,17,2011555.2744192549,48.32407816574221,50.96574818117043,78.11175775979989,42373993.86889671,8963.297179442388,407273.6437354477,71.71888252706013,17.28196639963645,63.66662208308519,15566445.000576952,10410.317650169076,15.842311834268186,1.6374163707875915,29.67588370763072,97.38028169014083,46.74647887323944,6.6,1.7085028704506966,37.63403263403264,16.834498834498834,8.3
albert-base-v2_batch8-train,1,gpt2-xl_batch20-inf,18,2011555.2744192549,48.32407816574221,50.96574818117043,78.11175775979989,42373993.86889671,8963.297179442388,59703.85028143122,34.166956171194144,43.16222413955438,44.12589122395779,3169894.376506317,2911.0801668674217,30.221942389422324,12.5,29.67588370763072,97.38028169014083,46.74647887323944,6.6,43.57,35.166666666666664,20.0,6.8
albert-base-v2_batch8-train,1,vit_h_14_batch8-train,20,2011555.2744192549,48.32407816574221,50.96574818117043,78.11175775979989,42373993.86889671,8963.297179442388,496067.9989140645,33.65768151737584,59.00252471417957,78.60977177747729,16690912.72524413,3652.032077044045,15.90589704887316,4.757277328962826,29.67588370763072,97.38028169014083,46.74647887323944,6.6,9.500815660685156,96.99371069182388,32.52201,17.4
albert-base-v2_batch8-train,1,bert-base-cased_batch8-inf,21,2011555.2744192549,48.32407816574221,50.96574818117043,78.11175775979989,42373993.86889671,8963.297179442388,321403.49372387805,68.94063933472631,16.380971505511898,69.15212811160453,16463690.915910697,7439.555750717122,15.739257608468556,45.70087058593368,29.67588370763072,97.38028169014083,46.74647887323944,6.6,98.34844157456848,96.0,38.0,1.4
albert-base-v2_batch8-train,1,bert-base-cased_batch16-train,22,2011555.2744192549,48.32407816574221,50.96574818117043,78.11175775979989,42373993.86889671,8963.297179442388,692527.7301330821,62.5482786063805,33.25333145673535,80.83888015236029,27323770.3166314,16724.462236768497,13.955612384692667,16.023092103325382,29.67588370763072,97.38028169014083,46.74647887323944,6.6,32.58655804480652,97.01724137931036,42.82758620689656,7.4
albert-base-v2_batch8-train,1,whisper-large-v2_batch16-inf,23,2011555.2744192549,48.32407816574221,50.96574818117043,78.11175775979989,42373993.86889671,8963.297179442388,11591573.55669206,29.18332008231777,58.632473452760095,67.5808277077139,198198381.70553783,1529.2248322788505,14.127018873630712,1.9241967325850071,29.67588370763072,97.38028169014083,46.74647887323944,6.6,24.59818976428725,50.03021148036254,22.38368580060423,15.4
gpt2-xl_batch100-inf,2,gpt2-xl_batch100-inf,2,59703.85028143122,34.166956171194144,43.16222413955438,44.12589122395779,3169894.376506317,2911.0801668674217,59703.85028143122,34.166956171194144,43.16222413955438,44.12589122395779,3169894.376506317,2911.0801668674217,16.45097609124808,28.3661119515885,41.38216428719222,50.97826086956522,26.782608695652176,7.1,41.38216428719222,50.97826086956522,26.782608695652176,7.1
gpt2-xl_batch100-inf,2,gpt2-xl_batch214-inf,3,59703.85028143122,34.166956171194144,43.16222413955438,44.12589122395779,3169894.376506317,2911.0801668674217,59703.85028143122,34.166956171194144,43.16222413955438,44.12589122395779,3169894.376506317,2911.0801668674217,22.59036144578313,13.78044657662154,41.38216428719222,50.97826086956522,26.782608695652176,7.1,36.05,72.05833333333334,35.75,11.7
gpt2-xl_batch100-inf,2,vit-base-patch16-224_batch2-inf,4,59703.85028143122,34.166956171194144,43.16222413955438,44.12589122395779,3169894.376506317,2911.0801668674217,35961.4603913098,67.45085472767737,10.815099777889127,40.24518066467102,3779001.50924272,2914.346235876293,25.17200872629636,61.41409407767559,41.38216428719222,50.97826086956522,26.782608695652176,7.1,63.42342342342342,29.454545454545453,4.181818181818182,1.6
gpt2-xl_batch100-inf,2,vit_h_14_batch16-train,5,59703.85028143122,34.166956171194144,43.16222413955438,44.12589122395779,3169894.376506317,2911.0801668674217,1691379.0692694078,15.650645216259049,84.56479567654743,84.99004188310414,34529068.77101502,180.8677358253554,5.524149741285654,10.409264750932444,41.38216428719222,50.97826086956522,26.782608695652176,7.1,10.390129377091762,96.87847222222224,30.67013888888889,21.2
gpt2-xl_batch100-inf,2,albert-base-v2_batch16-train,6,59703.85028143122,34.166956171194144,43.16222413955438,44.12589122395779,3169894.376506317,2911.0801668674217,4277649.00888219,50.385998213386,52.11208358723994,82.58865975224239,92390692.05828495,25482.817460549733,5.988860719062544,31.094134428520828,41.38216428719222,50.97826086956522,26.782608695652176,7.1,31.21636167922497,97.3793103448276,45.672413793103445,12.4
gpt2-xl_batch100-inf,2,bert-base-cased_batch16-inf,8,59703.85028143122,34.166956171194144,43.16222413955438,44.12589122395779,3169894.376506317,2911.0801668674217,835718.6565414541,77.39705851566664,19.5069773693752,80.25152845506604,33046364.645043664,21136.22413125796,5.606323933396872,100.53269939187416,41.38216428719222,50.97826086956522,26.782608695652176,7.1,99.82511698255897,97.0,38.0,1.6
gpt2-xl_batch100-inf,2,bert-base-cased_batch8-train,10,59703.85028143122,34.166956171194144,43.16222413955438,44.12589122395779,3169894.376506317,2911.0801668674217,282529.3614028022,53.30323833870383,33.27643892259864,72.11510146261294,13680331.758935943,5646.101384772973,10.81626766657052,28.841186621382487,41.38216428719222,50.97826086956522,26.782608695652176,7.1,29.24021138236145,96.7,45.2,4.9
gpt2-xl_batch100-inf,2,vit-base-patch16-224_batch16-inf,11,59703.85028143122,34.166956171194144,43.16222413955438,44.12589122395779,3169894.376506317,2911.0801668674217,270226.21847462544,71.58411662529359,16.757964890563972,71.13546341295469,13244786.852812832,6611.217845498419,21.554821094984916,82.08424761257224,41.38216428719222,50.97826086956522,26.782608695652176,7.1,81.32013201320132,29.0,6.026315789473684,5.1
gpt2-xl_batch100-inf,2,whisper-large-v2_batch8-inf,12,59703.85028143122,34.166956171194144,43.16222413955438,44.12589122395779,3169894.376506317,2911.0801668674217,5661591.512012222,33.63998724849095,55.31684738960696,64.7932709326375,117732415.08983348,1056.3817410779272,4.849190185239065,3.856073954901811,41.38216428719222,50.97826086956522,26.782608695652176,7.1,10.73243670597552,45.11811023622048,19.79265091863517,11.4
gpt2-xl_batch100-inf,2,bert-base-cased_batch2-train,13,59703.85028143122,34.166956171194144,43.16222413955438,44.12589122395779,3169894.376506317,2911.0801668674217,190287.54368530755,50.355027213149135,39.03476297296079,70.42541520673052,11074376.322716216,8536.651206481605,20.80011093392498,19.054106656286493,41.38216428719222,50.97826086956522,26.782608695652176,7.1,23.23807288304677,97.27272727272728,47.76623376623377,3.1
gpt2-xl_batch100-inf,2,vit-base-patch16-224_batch8-inf,14,59703.85028143122,34.166956171194144,43.16222413955438,44.12589122395779,3169894.376506317,2911.0801668674217,109686.3558871527,80.57405153349794,12.838127168904558,56.01186382090581,8835599.308909625,6234.131132549218,23.185717597959652,75.71154834789924,41.38216428719222,50.97826086956522,26.782608695652176,7.1,79.59099074202018,27.05555555555556,6.055555555555555,3.1
gpt2-xl_batch100-inf,2,albert-base-v2_batch2-train,16,59703.85028143122,34.166956171194144,43.16222413955438,44.12589122395779,3169894.376506317,2911.0801668674217,411285.4853574395,58.4276542042436,34.26425178992512,68.37910891218571,15451966.342910131,11099.815030370692,18.61735137147821,21.748837697985344,41.38216428719222,50.97826086956522,26.782608695652176,7.1,25.6782694402656,97.0,43.0,2.3
gpt2-xl_batch100-inf,2,whisper-large-v2_batch2-inf,17,59703.85028143122,34.166956171194144,43.16222413955438,44.12589122395779,3169894.376506317,2911.0801668674217,407273.6437354477,71.71888252706013,17.28196639963645,63.66662208308519,15566445.000576952,10410.317650169076,9.989344698987749,3.0638699033702568,41.38216428719222,50.97826086956522,26.782608695652176,7.1,1.7085028704506966,37.63403263403264,16.834498834498834,8.3
gpt2-xl_batch100-inf,2,gpt2-xl_batch20-inf,18,59703.85028143122,34.166956171194144,43.16222413955438,44.12589122395779,3169894.376506317,2911.0801668674217,59703.85028143122,34.166956171194144,43.16222413955438,44.12589122395779,3169894.376506317,2911.0801668674217,20.1999798000202,25.0208507089241,41.38216428719222,50.97826086956522,26.782608695652176,7.1,43.57,35.166666666666664,20.0,6.8
gpt2-xl_batch100-inf,2,vit_h_14_batch8-train,20,59703.85028143122,34.166956171194144,43.16222413955438,44.12589122395779,3169894.376506317,2911.0801668674217,496067.9989140645,33.65768151737584,59.00252471417957,78.60977177747729,16690912.72524413,3652.032077044045,9.084302325581394,9.004916361286936,41.38216428719222,50.97826086956522,26.782608695652176,7.1,9.500815660685156,96.99371069182388,32.52201,17.4
gpt2-xl_batch100-inf,2,bert-base-cased_batch16-train,22,59703.85028143122,34.166956171194144,43.16222413955438,44.12589122395779,3169894.376506317,2911.0801668674217,692527.7301330821,62.5482786063805,33.25333145673535,80.83888015236029,27323770.3166314,16724.462236768497,6.677201807295956,32.23962836501121,41.38216428719222,50.97826086956522,26.782608695652176,7.1,32.58655804480652,97.01724137931036,42.82758620689656,7.4
gpt2-xl_batch100-inf,2,whisper-large-v2_batch16-inf,23,59703.85028143122,34.166956171194144,43.16222413955438,44.12589122395779,3169894.376506317,2911.0801668674217,11591573.55669206,29.18332008231777,58.632473452760095,67.5808277077139,198198381.70553783,1529.2248322788505,2.7458697542446573,4.074001531311764,41.38216428719222,50.97826086956522,26.782608695652176,7.1,24.59818976428725,50.03021148036254,22.38368580060423,15.4
gpt2-xl_batch214-inf,3,vit-base-patch16-224_batch2-inf,4,59703.85028143122,34.166956171194144,43.16222413955438,44.12589122395779,3169894.376506317,2911.0801668674217,35961.4603913098,67.45085472767737,10.815099777889127,40.24518066467102,3779001.50924272,2914.346235876293,15.915119363395227,54.723865787524346,36.05,72.05833333333334,35.75,11.7,63.42342342342342,29.454545454545453,4.181818181818182,1.6
gpt2-xl_batch214-inf,3,vit_h_14_batch16-train,5,59703.85028143122,34.166956171194144,43.16222413955438,44.12589122395779,3169894.376506317,2911.0801668674217,1691379.0692694078,15.650645216259049,84.56479567654743,84.99004188310414,34529068.77101502,180.8677358253554,4.733849976773166,10.032816089851236,36.05,72.05833333333334,35.75,11.7,10.390129377091762,96.87847222222224,30.67013888888889,21.2
gpt2-xl_batch214-inf,3,vit_h_14_batch2-train,7,59703.85028143122,34.166956171194144,43.16222413955438,44.12589122395779,3169894.376506317,2911.0801668674217,183316.888392316,44.95736442315827,46.30171509953436,72.30406066464882,9279376.251384592,6320.710134302391,12.495863907974384,5.185496109263505,36.05,72.05833333333334,35.75,11.7,6.908856242645105,97.51923076923076,47.9423,14.3
gpt2-xl_batch214-inf,3,bert-base-cased_batch16-inf,8,59703.85028143122,34.166956171194144,43.16222413955438,44.12589122395779,3169894.376506317,2911.0801668674217,835718.6565414541,77.39705851566664,19.5069773693752,80.25152845506604,33046364.645043664,21136.22413125796,3.3061085763134312,96.88504960101766,36.05,72.05833333333334,35.75,11.7,99.82511698255897,97.0,38.0,1.6
gpt2-xl_batch214-inf,3,bert-base-cased_batch8-train,10,59703.85028143122,34.166956171194144,43.16222413955438,44.12589122395779,3169894.376506317,2911.0801668674217,282529.3614028022,53.30323833870383,33.27643892259864,72.11510146261294,13680331.758935943,5646.101384772973,8.98015134772209,26.84514998229092,36.05,72.05833333333334,35.75,11.7,29.24021138236145,96.7,45.2,4.9
gpt2-xl_batch214-inf,3,vit-base-patch16-224_batch16-inf,11,59703.85028143122,34.166956171194144,43.16222413955438,44.12589122395779,3169894.376506317,2911.0801668674217,270226.21847462544,71.58411662529359,16.757964890563972,71.13546341295469,13244786.852812832,6611.217845498419,14.060600751212782,79.95521988496702,36.05,72.05833333333334,35.75,11.7,81.32013201320132,29.0,6.026315789473684,5.1
gpt2-xl_batch214-inf,3,whisper-large-v2_batch8-inf,12,59703.85028143122,34.166956171194144,43.16222413955438,44.12589122395779,3169894.376506317,2911.0801668674217,5661591.512012222,33.63998724849095,55.31684738960696,64.7932709326375,117732415.08983348,1056.3817410779272,8.556007196641568,3.507675210113218,36.05,72.05833333333334,35.75,11.7,10.73243670597552,45.11811023622048,19.79265091863517,11.4
gpt2-xl_batch214-inf,3,bert-base-cased_batch2-train,13,59703.85028143122,34.166956171194144,43.16222413955438,44.12589122395779,3169894.376506317,2911.0801668674217,190287.54368530755,50.355027213149135,39.03476297296079,70.42541520673052,11074376.322716216,8536.651206481605,16.478439425051334,16.12819436951787,36.05,72.05833333333334,35.75,11.7,23.23807288304677,97.27272727272728,47.76623376623377,3.1
gpt2-xl_batch214-inf,3,vit-base-patch16-224_batch8-inf,14,59703.85028143122,34.166956171194144,43.16222413955438,44.12589122395779,3169894.376506317,2911.0801668674217,109686.3558871527,80.57405153349794,12.838127168904558,56.01186382090581,8835599.308909625,6234.131132549218,13.483955173500158,72.07259528130672,36.05,72.05833333333334,35.75,11.7,79.59099074202018,27.05555555555556,6.055555555555555,3.1
gpt2-xl_batch214-inf,3,albert-base-v2_batch2-train,16,59703.85028143122,34.166956171194144,43.16222413955438,44.12589122395779,3169894.376506317,2911.0801668674217,411285.4853574395,58.4276542042436,34.26425178992512,68.37910891218571,15451966.342910131,11099.815030370692,15.401223461676862,18.48088908060982,36.05,72.05833333333334,35.75,11.7,25.6782694402656,97.0,43.0,2.3
gpt2-xl_batch214-inf,3,whisper-large-v2_batch2-inf,17,59703.85028143122,34.166956171194144,43.16222413955438,44.12589122395779,3169894.376506317,2911.0801668674217,407273.6437354477,71.71888252706013,17.28196639963645,63.66662208308519,15566445.000576952,10410.317650169076,9.3603744149766,2.907650598159664,36.05,72.05833333333334,35.75,11.7,1.7085028704506966,37.63403263403264,16.834498834498834,8.3
gpt2-xl_batch214-inf,3,vit_h_14_batch8-train,20,59703.85028143122,34.166956171194144,43.16222413955438,44.12589122395779,3169894.376506317,2911.0801668674217,496067.9989140645,33.65768151737584,59.00252471417957,78.60977177747729,16690912.72524413,3652.032077044045,7.241636023191283,8.542413156519418,36.05,72.05833333333334,35.75,11.7,9.500815660685156,96.99371069182388,32.52201,17.4
gpt2-xl_batch214-inf,3,bert-base-cased_batch8-inf,21,59703.85028143122,34.166956171194144,43.16222413955438,44.12589122395779,3169894.376506317,2911.0801668674217,321403.49372387805,68.94063933472631,16.380971505511898,69.15212811160453,16463690.915910697,7439.555750717122,5.423763179237632,87.77990479752972,36.05,72.05833333333334,35.75,11.7,98.34844157456848,96.0,38.0,1.4
gpt2-xl_batch214-inf,3,bert-base-cased_batch16-train,22,59703.85028143122,34.166956171194144,43.16222413955438,44.12589122395779,3169894.376506317,2911.0801668674217,692527.7301330821,62.5482786063805,33.25333145673535,80.83888015236029,27323770.3166314,16724.462236768497,6.009660388662148,30.60356520499699,36.05,72.05833333333334,35.75,11.7,32.58655804480652,97.01724137931036,42.82758620689656,7.4
gpt2-xl_batch214-inf,3,whisper-large-v2_batch16-inf,23,59703.85028143122,34.166956171194144,43.16222413955438,44.12589122395779,3169894.376506317,2911.0801668674217,11591573.55669206,29.18332008231777,58.632473452760095,67.5808277077139,198198381.70553783,1529.2248322788505,2.312530167352261,3.959509981864236,36.05,72.05833333333334,35.75,11.7,24.59818976428725,50.03021148036254,22.38368580060423,15.4
vit-base-patch16-224_batch2-inf,4,vit-base-patch16-224_batch2-inf,4,35961.4603913098,67.45085472767737,10.815099777889127,40.24518066467102,3779001.50924272,2914.346235876293,35961.4603913098,67.45085472767737,10.815099777889127,40.24518066467102,3779001.50924272,2914.346235876293,55.290901991409605,53.95916104592072,63.42342342342342,29.454545454545453,4.181818181818182,1.6,63.42342342342342,29.454545454545453,4.181818181818182,1.6
vit-base-patch16-224_batch2-inf,4,vit_h_14_batch16-train,5,35961.4603913098,67.45085472767737,10.815099777889127,40.24518066467102,3779001.50924272,2914.346235876293,1691379.0692694078,15.650645216259049,84.56479567654743,84.99004188310414,34529068.77101502,180.8677358253554,63.374932175800325,10.825439783491204,63.42342342342342,29.454545454545453,4.181818181818182,1.6,10.390129377091762,96.87847222222224,30.67013888888889,21.2
vit-base-patch16-224_batch2-inf,4,albert-base-v2_batch16-train,6,35961.4603913098,67.45085472767737,10.815099777889127,40.24518066467102,3779001.50924272,2914.346235876293,4277649.00888219,50.385998213386,52.11208358723994,82.58865975224239,92390692.05828495,25482.817460549733,50.71645679548415,25.364616360177557,63.42342342342342,29.454545454545453,4.181818181818182,1.6,31.21636167922497,97.3793103448276,45.672413793103445,12.4
vit-base-patch16-224_batch2-inf,4,vit_h_14_batch2-train,7,35961.4603913098,67.45085472767737,10.815099777889127,40.24518066467102,3779001.50924272,2914.346235876293,183316.888392316,44.95736442315827,46.30171509953436,72.30406066464882,9279376.251384592,6320.710134302391,59.512891062875774,7.079646017699115,63.42342342342342,29.454545454545453,4.181818181818182,1.6,6.908856242645105,97.51923076923076,47.9423,14.3
vit-base-patch16-224_batch2-inf,4,bert-base-cased_batch16-inf,8,35961.4603913098,67.45085472767737,10.815099777889127,40.24518066467102,3779001.50924272,2914.346235876293,835718.6565414541,77.39705851566664,19.5069773693752,80.25152845506604,33046364.645043664,21136.22413125796,50.96153846153846,77.29468599033817,63.42342342342342,29.454545454545453,4.181818181818182,1.6,99.82511698255897,97.0,38.0,1.6
vit-base-patch16-224_batch2-inf,4,bert-base-cased_batch8-train,10,35961.4603913098,67.45085472767737,10.815099777889127,40.24518066467102,3779001.50924272,2914.346235876293,282529.3614028022,53.30323833870383,33.27643892259864,72.11510146261294,13680331.758935943,5646.101384772973,50.76936451360515,25.455452957324685,63.42342342342342,29.454545454545453,4.181818181818182,1.6,29.24021138236145,96.7,45.2,4.9
vit-base-patch16-224_batch2-inf,4,vit-base-patch16-224_batch16-inf,11,35961.4603913098,67.45085472767737,10.815099777889127,40.24518066467102,3779001.50924272,2914.346235876293,270226.21847462544,71.58411662529359,16.757964890563972,71.13546341295469,13244786.852812832,6611.217845498419,57.58233090120292,78.2543265613243,63.42342342342342,29.454545454545453,4.181818181818182,1.6,81.32013201320132,29.0,6.026315789473684,5.1
vit-base-patch16-224_batch2-inf,4,whisper-large-v2_batch8-inf,12,35961.4603913098,67.45085472767737,10.815099777889127,40.24518066467102,3779001.50924272,2914.346235876293,5661591.512012222,33.63998724849095,55.31684738960696,64.7932709326375,117732415.08983348,1056.3817410779272,51.44141079950115,2.995132909022838,63.42342342342342,29.454545454545453,4.181818181818182,1.6,10.73243670597552,45.11811023622048,19.79265091863517,11.4
vit-base-patch16-224_batch2-inf,4,bert-base-cased_batch2-train,13,35961.4603913098,67.45085472767737,10.815099777889127,40.24518066467102,3779001.50924272,2914.346235876293,190287.54368530755,50.355027213149135,39.03476297296079,70.42541520673052,11074376.322716216,8536.651206481605,52.607873164579765,19.30312448879437,63.42342342342342,29.454545454545453,4.181818181818182,1.6,23.23807288304677,97.27272727272728,47.76623376623377,3.1
vit-base-patch16-224_batch2-inf,4,vit-base-patch16-224_batch8-inf,14,35961.4603913098,67.45085472767737,10.815099777889127,40.24518066467102,3779001.50924272,2914.346235876293,109686.3558871527,80.57405153349794,12.838127168904558,56.01186382090581,8835599.308909625,6234.131132549218,62.78079234494428,75.06667952055015,63.42342342342342,29.454545454545453,4.181818181818182,1.6,79.59099074202018,27.05555555555556,6.055555555555555,3.1
vit-base-patch16-224_batch2-inf,4,albert-base-v2_batch2-train,16,35961.4603913098,67.45085472767737,10.815099777889127,40.24518066467102,3779001.50924272,2914.346235876293,411285.4853574395,58.4276542042436,34.26425178992512,68.37910891218571,15451966.342910131,11099.815030370692,51.74552542973596,21.40309155766944,63.42342342342342,29.454545454545453,4.181818181818182,1.6,25.6782694402656,97.0,43.0,2.3
vit-base-patch16-224_batch2-inf,4,whisper-large-v2_batch2-inf,17,35961.4603913098,67.45085472767737,10.815099777889127,40.24518066467102,3779001.50924272,2914.346235876293,407273.6437354477,71.71888252706013,17.28196639963645,63.66662208308519,15566445.000576952,10410.317650169076,52.72248073479779,2.5312845377731823,63.42342342342342,29.454545454545453,4.181818181818182,1.6,1.7085028704506966,37.63403263403264,16.834498834498834,8.3
vit-base-patch16-224_batch2-inf,4,gpt2-xl_batch20-inf,18,35961.4603913098,67.45085472767737,10.815099777889127,40.24518066467102,3779001.50924272,2914.346235876293,59703.85028143122,34.166956171194144,43.16222413955438,44.12589122395779,3169894.376506317,2911.0801668674217,63.08945412975135,29.761904761904763,63.42342342342342,29.454545454545453,4.181818181818182,1.6,43.57,35.166666666666664,20.0,6.8
vit-base-patch16-224_batch2-inf,4,vit_h_14_batch8-train,20,35961.4603913098,67.45085472767737,10.815099777889127,40.24518066467102,3779001.50924272,2914.346235876293,496067.9989140645,33.65768151737584,59.00252471417957,78.60977177747729,16690912.72524413,3652.032077044045,59.64661423756511,8.581389112362563,63.42342342342342,29.454545454545453,4.181818181818182,1.6,9.500815660685156,96.99371069182388,32.52201,17.4
vit-base-patch16-224_batch2-inf,4,bert-base-cased_batch8-inf,21,35961.4603913098,67.45085472767737,10.815099777889127,40.24518066467102,3779001.50924272,2914.346235876293,321403.49372387805,68.94063933472631,16.380971505511898,69.15212811160453,16463690.915910697,7439.555750717122,53.98576402797892,74.85020346694864,63.42342342342342,29.454545454545453,4.181818181818182,1.6,98.34844157456848,96.0,38.0,1.4
vit-base-patch16-224_batch2-inf,4,bert-base-cased_batch16-train,22,35961.4603913098,67.45085472767737,10.815099777889127,40.24518066467102,3779001.50924272,2914.346235876293,692527.7301330821,62.5482786063805,33.25333145673535,80.83888015236029,27323770.3166314,16724.462236768497,50.43613438120735,26.49769585253456,63.42342342342342,29.454545454545453,4.181818181818182,1.6,32.58655804480652,97.01724137931036,42.82758620689656,7.4
vit-base-patch16-224_batch2-inf,4,whisper-large-v2_batch16-inf,23,35961.4603913098,67.45085472767737,10.815099777889127,40.24518066467102,3779001.50924272,2914.346235876293,11591573.55669206,29.18332008231777,58.632473452760095,67.5808277077139,198198381.70553783,1529.2248322788505,51.40908903629846,3.059468417362483,63.42342342342342,29.454545454545453,4.181818181818182,1.6,24.59818976428725,50.03021148036254,22.38368580060423,15.4
vit_h_14_batch16-train,5,bert-base-cased_batch16-inf,8,1691379.0692694078,15.650645216259049,84.56479567654743,84.99004188310414,34529068.77101502,180.8677358253554,835718.6565414541,77.39705851566664,19.5069773693752,80.25152845506604,33046364.645043664,21136.22413125796,5.377925297256418,53.52335345805313,10.390129377091762,96.87847222222224,30.67013888888889,21.2,99.82511698255897,97.0,38.0,1.6
vit_h_14_batch16-train,5,vit-base-patch16-224_batch16-inf,11,1691379.0692694078,15.650645216259049,84.56479567654743,84.99004188310414,34529068.77101502,180.8677358253554,270226.21847462544,71.58411662529359,16.757964890563972,71.13546341295469,13244786.852812832,6611.217845498419,8.321664332866574,64.15026981010313,10.390129377091762,96.87847222222224,30.67013888888889,21.2,81.32013201320132,29.0,6.026315789473684,5.1
vit_h_14_batch16-train,5,bert-base-cased_batch2-train,13,1691379.0692694078,15.650645216259049,84.56479567654743,84.99004188310414,34529068.77101502,180.8677358253554,190287.54368530755,50.355027213149135,39.03476297296079,70.42541520673052,11074376.322716216,8536.651206481605,5.84652862362972,16.883231680367718,10.390129377091762,96.87847222222224,30.67013888888889,21.2,23.23807288304677,97.27272727272728,47.76623376623377,3.1
vit_h_14_batch16-train,5,vit-base-patch16-224_batch8-inf,14,1691379.0692694078,15.650645216259049,84.56479567654743,84.99004188310414,34529068.77101502,180.8677358253554,109686.3558871527,80.57405153349794,12.838127168904558,56.01186382090581,8835599.308909625,6234.131132549218,8.516678495386799,65.63457053749543,10.390129377091762,96.87847222222224,30.67013888888889,21.2,79.59099074202018,27.05555555555556,6.055555555555555,3.1
vit_h_14_batch16-train,5,albert-base-v2_batch2-train,16,1691379.0692694078,15.650645216259049,84.56479567654743,84.99004188310414,34529068.77101502,180.8677358253554,411285.4853574395,58.4276542042436,34.26425178992512,68.37910891218571,15451966.342910131,11099.815030370692,6.820119352088661,21.43538521968464,10.390129377091762,96.87847222222224,30.67013888888889,21.2,25.6782694402656,97.0,43.0,2.3
vit_h_14_batch16-train,5,gpt2-xl_batch20-inf,18,1691379.0692694078,15.650645216259049,84.56479567654743,84.99004188310414,34529068.77101502,180.8677358253554,59703.85028143122,34.166956171194144,43.16222413955438,44.12589122395779,3169894.376506317,2911.0801668674217,10.665244634048792,6.990562740300595,10.390129377091762,96.87847222222224,30.67013888888889,21.2,43.57,35.166666666666664,20.0,6.8
vit_h_14_batch16-train,5,bert-base-cased_batch8-inf,21,1691379.0692694078,15.650645216259049,84.56479567654743,84.99004188310414,34529068.77101502,180.8677358253554,321403.49372387805,68.94063933472631,16.380971505511898,69.15212811160453,16463690.915910697,7439.555750717122,7.707129094412331,56.87573042462017,10.390129377091762,96.87847222222224,30.67013888888889,21.2,98.34844157456848,96.0,38.0,1.4
albert-base-v2_batch16-train,6,albert-base-v2_batch16-train,6,4277649.00888219,50.385998213386,52.11208358723994,82.58865975224239,92390692.05828495,25482.817460549733,4277649.00888219,50.385998213386,52.11208358723994,82.58865975224239,92390692.05828495,25482.817460549733,14.65800341080464,14.513057477596416,31.21636167922497,97.3793103448276,45.672413793103445,12.4,31.21636167922497,97.3793103448276,45.672413793103445,12.4
albert-base-v2_batch16-train,6,vit_h_14_batch2-train,7,4277649.00888219,50.385998213386,52.11208358723994,82.58865975224239,92390692.05828495,25482.817460549733,183316.888392316,44.95736442315827,46.30171509953436,72.30406066464882,9279376.251384592,6320.710134302391,15.242579467407513,3.2206463762378355,31.21636167922497,97.3793103448276,45.672413793103445,12.4,6.908856242645105,97.51923076923076,47.9423,14.3
albert-base-v2_batch16-train,6,bert-base-cased_batch16-inf,8,4277649.00888219,50.385998213386,52.11208358723994,82.58865975224239,92390692.05828495,25482.817460549733,835718.6565414541,77.39705851566664,19.5069773693752,80.25152845506604,33046364.645043664,21136.22413125796,15.050718594231853,47.143822968486695,31.21636167922497,97.3793103448276,45.672413793103445,12.4,99.82511698255897,97.0,38.0,1.6
albert-base-v2_batch16-train,6,bert-base-cased_batch8-train,10,4277649.00888219,50.385998213386,52.11208358723994,82.58865975224239,92390692.05828495,25482.817460549733,282529.3614028022,53.30323833870383,33.27643892259864,72.11510146261294,13680331.758935943,5646.101384772973,14.67523362242007,14.647983530505565,31.21636167922497,97.3793103448276,45.672413793103445,12.4,29.24021138236145,96.7,45.2,4.9
albert-base-v2_batch16-train,6,vit-base-patch16-224_batch16-inf,11,4277649.00888219,50.385998213386,52.11208358723994,82.58865975224239,92390692.05828495,25482.817460549733,270226.21847462544,71.58411662529359,16.757964890563972,71.13546341295469,13244786.852812832,6611.217845498419,24.598633969302117,63.98597567656404,31.21636167922497,97.3793103448276,45.672413793103445,12.4,81.32013201320132,29.0,6.026315789473684,5.1
albert-base-v2_batch16-train,6,whisper-large-v2_batch8-inf,12,4277649.00888219,50.385998213386,52.11208358723994,82.58865975224239,92390692.05828495,25482.817460549733,5661591.512012222,33.63998724849095,55.31684738960696,64.7932709326375,117732415.08983348,1056.3817410779272,14.838158612885024,1.8873767894812796,31.21636167922497,97.3793103448276,45.672413793103445,12.4,10.73243670597552,45.11811023622048,19.79265091863517,11.4
albert-base-v2_batch16-train,6,bert-base-cased_batch2-train,13,4277649.00888219,50.385998213386,52.11208358723994,82.58865975224239,92390692.05828495,25482.817460549733,190287.54368530755,50.355027213149135,39.03476297296079,70.42541520673052,11074376.322716216,8536.651206481605,15.110311205165983,10.544714197910263,31.21636167922497,97.3793103448276,45.672413793103445,12.4,23.23807288304677,97.27272727272728,47.76623376623377,3.1
albert-base-v2_batch16-train,6,vit-base-patch16-224_batch8-inf,14,4277649.00888219,50.385998213386,52.11208358723994,82.58865975224239,92390692.05828495,25482.817460549733,109686.3558871527,80.57405153349794,12.838127168904558,56.01186382090581,8835599.308909625,6234.131132549218,24.85970038495432,62.188856055160656,31.21636167922497,97.3793103448276,45.672413793103445,12.4,79.59099074202018,27.05555555555556,6.055555555555555,3.1
albert-base-v2_batch16-train,6,albert-base-v2_batch2-train,16,4277649.00888219,50.385998213386,52.11208358723994,82.58865975224239,92390692.05828495,25482.817460549733,411285.4853574395,58.4276542042436,34.26425178992512,68.37910891218571,15451966.342910131,11099.815030370692,16.232058315172466,11.491832375680636,31.21636167922497,97.3793103448276,45.672413793103445,12.4,25.6782694402656,97.0,43.0,2.3
albert-base-v2_batch16-train,6,whisper-large-v2_batch2-inf,17,4277649.00888219,50.385998213386,52.11208358723994,82.58865975224239,92390692.05828495,25482.817460549733,407273.6437354477,71.71888252706013,17.28196639963645,63.66662208308519,15566445.000576952,10410.317650169076,16.285401664164482,1.6220148099427836,31.21636167922497,97.3793103448276,45.672413793103445,12.4,1.7085028704506966,37.63403263403264,16.834498834498834,8.3
albert-base-v2_batch16-train,6,gpt2-xl_batch20-inf,18,4277649.00888219,50.385998213386,52.11208358723994,82.58865975224239,92390692.05828495,25482.817460549733,59703.85028143122,34.166956171194144,43.16222413955438,44.12589122395779,3169894.376506317,2911.0801668674217,31.75576460716764,7.3233247894544125,31.21636167922497,97.3793103448276,45.672413793103445,12.4,43.57,35.166666666666664,20.0,6.8
albert-base-v2_batch16-train,6,vit_h_14_batch8-train,20,4277649.00888219,50.385998213386,52.11208358723994,82.58865975224239,92390692.05828495,25482.817460549733,496067.9989140645,33.65768151737584,59.00252471417957,78.60977177747729,16690912.72524413,3652.032077044045,15.257723723363888,4.611635247047811,31.21636167922497,97.3793103448276,45.672413793103445,12.4,9.500815660685156,96.99371069182388,32.52201,17.4
albert-base-v2_batch16-train,6,bert-base-cased_batch8-inf,21,4277649.00888219,50.385998213386,52.11208358723994,82.58865975224239,92390692.05828495,25482.817460549733,321403.49372387805,68.94063933472631,16.380971505511898,69.15212811160453,16463690.915910697,7439.555750717122,15.614929935367448,45.2450125895797,31.21636167922497,97.3793103448276,45.672413793103445,12.4,98.34844157456848,96.0,38.0,1.4
albert-base-v2_batch16-train,6,bert-base-cased_batch16-train,22,4277649.00888219,50.385998213386,52.11208358723994,82.58865975224239,92390692.05828495,25482.817460549733,692527.7301330821,62.5482786063805,33.25333145673535,80.83888015236029,27323770.3166314,16724.462236768497,14.502313441689406,15.614431754497843,31.21636167922497,97.3793103448276,45.672413793103445,12.4,32.58655804480652,97.01724137931036,42.82758620689656,7.4
albert-base-v2_batch16-train,6,whisper-large-v2_batch16-inf,23,4277649.00888219,50.385998213386,52.11208358723994,82.58865975224239,92390692.05828495,25482.817460549733,11591573.55669206,29.18332008231777,58.632473452760095,67.5808277077139,198198381.70553783,1529.2248322788505,14.690838655004388,1.834820446898578,31.21636167922497,97.3793103448276,45.672413793103445,12.4,24.59818976428725,50.03021148036254,22.38368580060423,15.4
vit_h_14_batch2-train,7,vit_h_14_batch2-train,7,183316.888392316,44.95736442315827,46.30171509953436,72.30406066464882,9279376.251384592,6320.710134302391,183316.888392316,44.95736442315827,46.30171509953436,72.30406066464882,9279376.251384592,6320.710134302391,3.259009359416326,3.185350722124012,6.908856242645105,97.51923076923076,47.9423,14.3,6.908856242645105,97.51923076923076,47.9423,14.3
vit_h_14_batch2-train,7,bert-base-cased_batch16-inf,8,183316.888392316,44.95736442315827,46.30171509953436,72.30406066464882,9279376.251384592,6320.710134302391,835718.6565414541,77.39705851566664,19.5069773693752,80.25152845506604,33046364.645043664,21136.22413125796,3.341957740405347,52.78380332610268,6.908856242645105,97.51923076923076,47.9423,14.3,99.82511698255897,97.0,38.0,1.6
vit_h_14_batch2-train,7,bert-base-cased_batch8-train,10,183316.888392316,44.95736442315827,46.30171509953436,72.30406066464882,9279376.251384592,6320.710134302391,282529.3614028022,53.30323833870383,33.27643892259864,72.11510146261294,13680331.758935943,5646.101384772973,3.3026181442311326,16.222701164679528,6.908856242645105,97.51923076923076,47.9423,14.3,29.24021138236145,96.7,45.2,4.9
vit_h_14_batch2-train,7,vit-base-patch16-224_batch16-inf,11,183316.888392316,44.95736442315827,46.30171509953436,72.30406066464882,9279376.251384592,6320.710134302391,270226.21847462544,71.58411662529359,16.757964890563972,71.13546341295469,13244786.852812832,6611.217845498419,5.305202471672366,64.86276360910189,6.908856242645105,97.51923076923076,47.9423,14.3,81.32013201320132,29.0,6.026315789473684,5.1
vit_h_14_batch2-train,7,whisper-large-v2_batch8-inf,12,183316.888392316,44.95736442315827,46.30171509953436,72.30406066464882,9279376.251384592,6320.710134302391,5661591.512012222,33.63998724849095,55.31684738960696,64.7932709326375,117732415.08983348,1056.3817410779272,3.229820120571799,1.861744665877611,6.908856242645105,97.51923076923076,47.9423,14.3,10.73243670597552,45.11811023622048,19.79265091863517,11.4
vit_h_14_batch2-train,7,bert-base-cased_batch2-train,13,183316.888392316,44.95736442315827,46.30171509953436,72.30406066464882,9279376.251384592,6320.710134302391,190287.54368530755,50.355027213149135,39.03476297296079,70.42541520673052,11074376.322716216,8536.651206481605,4.3763676148796495,16.65286193818388,6.908856242645105,97.51923076923076,47.9423,14.3,23.23807288304677,97.27272727272728,47.76623376623377,3.1
vit_h_14_batch2-train,7,vit-base-patch16-224_batch8-inf,14,183316.888392316,44.95736442315827,46.30171509953436,72.30406066464882,9279376.251384592,6320.710134302391,109686.3558871527,80.57405153349794,12.838127168904558,56.01186382090581,8835599.308909625,6234.131132549218,5.430898956695727,65.66408995080815,6.908856242645105,97.51923076923076,47.9423,14.3,79.59099074202018,27.05555555555556,6.055555555555555,3.1
vit_h_14_batch2-train,7,albert-base-v2_batch2-train,16,183316.888392316,44.95736442315827,46.30171509953436,72.30406066464882,9279376.251384592,6320.710134302391,411285.4853574395,58.4276542042436,34.26425178992512,68.37910891218571,15451966.342910131,11099.815030370692,7.047216349541931,21.398162670849203,6.908856242645105,97.51923076923076,47.9423,14.3,25.6782694402656,97.0,43.0,2.3
vit_h_14_batch2-train,7,whisper-large-v2_batch2-inf,17,183316.888392316,44.95736442315827,46.30171509953436,72.30406066464882,9279376.251384592,6320.710134302391,407273.6437354477,71.71888252706013,17.28196639963645,63.66662208308519,15566445.000576952,10410.317650169076,3.546188985061489,1.5795558788247237,6.908856242645105,97.51923076923076,47.9423,14.3,1.7085028704506966,37.63403263403264,16.834498834498834,8.3
vit_h_14_batch2-train,7,vit_h_14_batch8-train,20,183316.888392316,44.95736442315827,46.30171509953436,72.30406066464882,9279376.251384592,6320.710134302391,496067.9989140645,33.65768151737584,59.00252471417957,78.60977177747729,16690912.72524413,3652.032077044045,3.1991346225769144,4.556406402824496,6.908856242645105,97.51923076923076,47.9423,14.3,9.500815660685156,96.99371069182388,32.52201,17.4
vit_h_14_batch2-train,7,bert-base-cased_batch8-inf,21,183316.888392316,44.95736442315827,46.30171509953436,72.30406066464882,9279376.251384592,6320.710134302391,321403.49372387805,68.94063933472631,16.380971505511898,69.15212811160453,16463690.915910697,7439.555750717122,3.5582020187350225,56.41285710835809,6.908856242645105,97.51923076923076,47.9423,14.3,98.34844157456848,96.0,38.0,1.4
vit_h_14_batch2-train,7,bert-base-cased_batch16-train,22,183316.888392316,44.95736442315827,46.30171509953436,72.30406066464882,9279376.251384592,6320.710134302391,692527.7301330821,62.5482786063805,33.25333145673535,80.83888015236029,27323770.3166314,16724.462236768497,3.222036917282144,16.15982148050616,6.908856242645105,97.51923076923076,47.9423,14.3,32.58655804480652,97.01724137931036,42.82758620689656,7.4
vit_h_14_batch2-train,7,whisper-large-v2_batch16-inf,23,183316.888392316,44.95736442315827,46.30171509953436,72.30406066464882,9279376.251384592,6320.710134302391,11591573.55669206,29.18332008231777,58.632473452760095,67.5808277077139,198198381.70553783,1529.2248322788505,3.1802347418213177,1.922710824044292,6.908856242645105,97.51923076923076,47.9423,14.3,24.59818976428725,50.03021148036254,22.38368580060423,15.4
bert-base-cased_batch16-inf,8,bert-base-cased_batch16-inf,8,835718.6565414541,77.39705851566664,19.5069773693752,80.25152845506604,33046364.645043664,21136.22413125796,835718.6565414541,77.39705851566664,19.5069773693752,80.25152845506604,33046364.645043664,21136.22413125796,51.04641428704306,47.97995358103806,99.82511698255897,97.0,38.0,1.6,99.82511698255897,97.0,38.0,1.6
bert-base-cased_batch16-inf,8,bert-base-cased_batch8-train,10,835718.6565414541,77.39705851566664,19.5069773693752,80.25152845506604,33046364.645043664,21136.22413125796,282529.3614028022,53.30323833870383,33.27643892259864,72.11510146261294,13680331.758935943,5646.101384772973,47.758752875031945,15.178936306848035,99.82511698255897,97.0,38.0,1.6,29.24021138236145,96.7,45.2,4.9
bert-base-cased_batch16-inf,8,vit-base-patch16-224_batch16-inf,11,835718.6565414541,77.39705851566664,19.5069773693752,80.25152845506604,33046364.645043664,21136.22413125796,270226.21847462544,71.58411662529359,16.757964890563972,71.13546341295469,13244786.852812832,6611.217845498419,79.66442724141459,64.10459170225104,99.82511698255897,97.0,38.0,1.6,81.32013201320132,29.0,6.026315789473684,5.1
bert-base-cased_batch16-inf,8,whisper-large-v2_batch8-inf,12,835718.6565414541,77.39705851566664,19.5069773693752,80.25152845506604,33046364.645043664,21136.22413125796,5661591.512012222,33.63998724849095,55.31684738960696,64.7932709326375,117732415.08983348,1056.3817410779272,61.921802518223984,2.14190093708166,99.82511698255897,97.0,38.0,1.6,10.73243670597552,45.11811023622048,19.79265091863517,11.4
bert-base-cased_batch16-inf,8,bert-base-cased_batch2-train,13,835718.6565414541,77.39705851566664,19.5069773693752,80.25152845506604,33046364.645043664,21136.22413125796,190287.54368530755,50.355027213149135,39.03476297296079,70.42541520673052,11074376.322716216,8536.651206481605,49.06326136268167,11.199906667444438,99.82511698255897,97.0,38.0,1.6,23.23807288304677,97.27272727272728,47.76623376623377,3.1
bert-base-cased_batch16-inf,8,vit-base-patch16-224_batch8-inf,14,835718.6565414541,77.39705851566664,19.5069773693752,80.25152845506604,33046364.645043664,21136.22413125796,109686.3558871527,80.57405153349794,12.838127168904558,56.01186382090581,8835599.308909625,6234.131132549218,78.81640433895103,62.648159955531575,99.82511698255897,97.0,38.0,1.6,79.59099074202018,27.05555555555556,6.055555555555555,3.1
bert-base-cased_batch16-inf,8,albert-base-v2_batch2-train,16,835718.6565414541,77.39705851566664,19.5069773693752,80.25152845506604,33046364.645043664,21136.22413125796,411285.4853574395,58.4276542042436,34.26425178992512,68.37910891218571,15451966.342910131,11099.815030370692,49.53297780981966,12.519410873947471,99.82511698255897,97.0,38.0,1.6,25.6782694402656,97.0,43.0,2.3
bert-base-cased_batch16-inf,8,whisper-large-v2_batch2-inf,17,835718.6565414541,77.39705851566664,19.5069773693752,80.25152845506604,33046364.645043664,21136.22413125796,407273.6437354477,71.71888252706013,17.28196639963645,63.66662208308519,15566445.000576952,10410.317650169076,64.34995799071665,1.708509325613402,99.82511698255897,97.0,38.0,1.6,1.7085028704506966,37.63403263403264,16.834498834498834,8.3
bert-base-cased_batch16-inf,8,gpt2-xl_batch20-inf,18,835718.6565414541,77.39705851566664,19.5069773693752,80.25152845506604,33046364.645043664,21136.22413125796,59703.85028143122,34.166956171194144,43.16222413955438,44.12589122395779,3169894.376506317,2911.0801668674217,103.62298621003627,6.634966272254783,99.82511698255897,97.0,38.0,1.6,43.57,35.166666666666664,20.0,6.8
bert-base-cased_batch16-inf,8,vit_h_14_batch8-train,20,835718.6565414541,77.39705851566664,19.5069773693752,80.25152845506604,33046364.645043664,21136.22413125796,496067.9989140645,33.65768151737584,59.00252471417957,78.60977177747729,16690912.72524413,3652.032077044045,53.59888029736365,4.755849860462044,99.82511698255897,97.0,38.0,1.6,9.500815660685156,96.99371069182388,32.52201,17.4
bert-base-cased_batch16-inf,8,bert-base-cased_batch8-inf,21,835718.6565414541,77.39705851566664,19.5069773693752,80.25152845506604,33046364.645043664,21136.22413125796,321403.49372387805,68.94063933472631,16.380971505511898,69.15212811160453,16463690.915910697,7439.555750717122,49.0493538125584,46.79496893468708,99.82511698255897,97.0,38.0,1.6,98.34844157456848,96.0,38.0,1.4
bert-base-cased_batch16-inf,8,bert-base-cased_batch16-train,22,835718.6565414541,77.39705851566664,19.5069773693752,80.25152845506604,33046364.645043664,21136.22413125796,692527.7301330821,62.5482786063805,33.25333145673535,80.83888015236029,27323770.3166314,16724.462236768497,47.12527738551543,16.002196379895278,99.82511698255897,97.0,38.0,1.6,32.58655804480652,97.01724137931036,42.82758620689656,7.4
bert-base-cased_batch16-inf,8,whisper-large-v2_batch16-inf,23,835718.6565414541,77.39705851566664,19.5069773693752,80.25152845506604,33046364.645043664,21136.22413125796,11591573.55669206,29.18332008231777,58.632473452760095,67.5808277077139,198198381.70553783,1529.2248322788505,60.98420571726928,1.960423941677388,99.82511698255897,97.0,38.0,1.6,24.59818976428725,50.03021148036254,22.38368580060423,15.4
bert-base-cased_batch8-train,10,bert-base-cased_batch8-train,10,282529.3614028022,53.30323833870383,33.27643892259864,72.11510146261294,13680331.758935943,5646.101384772973,282529.3614028022,53.30323833870383,33.27643892259864,72.11510146261294,13680331.758935943,5646.101384772973,15.004808012719812,14.716363286140806,29.24021138236145,96.7,45.2,4.9,29.24021138236145,96.7,45.2,4.9
bert-base-cased_batch8-train,10,vit-base-patch16-224_batch16-inf,11,282529.3614028022,53.30323833870383,33.27643892259864,72.11510146261294,13680331.758935943,5646.101384772973,270226.21847462544,71.58411662529359,16.757964890563972,71.13546341295469,13244786.852812832,6611.217845498419,24.16796228179945,64.11593566448921,29.24021138236145,96.7,45.2,4.9,81.32013201320132,29.0,6.026315789473684,5.1
bert-base-cased_batch8-train,10,whisper-large-v2_batch8-inf,12,282529.3614028022,53.30323833870383,33.27643892259864,72.11510146261294,13680331.758935943,5646.101384772973,5661591.512012222,33.63998724849095,55.31684738960696,64.7932709326375,117732415.08983348,1056.3817410779272,14.85704601937355,1.9080512715014344,29.24021138236145,96.7,45.2,4.9,10.73243670597552,45.11811023622048,19.79265091863517,11.4
bert-base-cased_batch8-train,10,bert-base-cased_batch2-train,13,282529.3614028022,53.30323833870383,33.27643892259864,72.11510146261294,13680331.758935943,5646.101384772973,190287.54368530755,50.355027213149135,39.03476297296079,70.42541520673052,11074376.322716216,8536.651206481605,16.051545809077034,10.5702980159938,29.24021138236145,96.7,45.2,4.9,23.23807288304677,97.27272727272728,47.76623376623377,3.1
bert-base-cased_batch8-train,10,vit-base-patch16-224_batch8-inf,14,282529.3614028022,53.30323833870383,33.27643892259864,72.11510146261294,13680331.758935943,5646.101384772973,109686.3558871527,80.57405153349794,12.838127168904558,56.01186382090581,8835599.308909625,6234.131132549218,24.794895168641748,62.06658341525626,29.24021138236145,96.7,45.2,4.9,79.59099074202018,27.05555555555556,6.055555555555555,3.1
bert-base-cased_batch8-train,10,albert-base-v2_batch2-train,16,282529.3614028022,53.30323833870383,33.27643892259864,72.11510146261294,13680331.758935943,5646.101384772973,411285.4853574395,58.4276542042436,34.26425178992512,68.37910891218571,15451966.342910131,11099.815030370692,16.548819016097486,12.159022185441003,29.24021138236145,96.7,45.2,4.9,25.6782694402656,97.0,43.0,2.3
bert-base-cased_batch8-train,10,whisper-large-v2_batch2-inf,17,282529.3614028022,53.30323833870383,33.27643892259864,72.11510146261294,13680331.758935943,5646.101384772973,407273.6437354477,71.71888252706013,17.28196639963645,63.66662208308519,15566445.000576952,10410.317650169076,16.431918900529297,1.641295213170971,29.24021138236145,96.7,45.2,4.9,1.7085028704506966,37.63403263403264,16.834498834498834,8.3
bert-base-cased_batch8-train,10,gpt2-xl_batch20-inf,18,282529.3614028022,53.30323833870383,33.27643892259864,72.11510146261294,13680331.758935943,5646.101384772973,59703.85028143122,34.166956171194144,43.16222413955438,44.12589122395779,3169894.376506317,2911.0801668674217,30.98673380458991,13.35113484646195,29.24021138236145,96.7,45.2,4.9,43.57,35.166666666666664,20.0,6.8
bert-base-cased_batch8-train,10,vit_h_14_batch8-train,20,282529.3614028022,53.30323833870383,33.27643892259864,72.11510146261294,13680331.758935943,5646.101384772973,496067.9989140645,33.65768151737584,59.00252471417957,78.60977177747729,16690912.72524413,3652.032077044045,15.985771826123347,4.7042625207962825,29.24021138236145,96.7,45.2,4.9,9.500815660685156,96.99371069182388,32.52201,17.4
bert-base-cased_batch8-train,10,bert-base-cased_batch8-inf,21,282529.3614028022,53.30323833870383,33.27643892259864,72.11510146261294,13680331.758935943,5646.101384772973,321403.49372387805,68.94063933472631,16.380971505511898,69.15212811160453,16463690.915910697,7439.555750717122,15.807410630121094,45.590273034212224,29.24021138236145,96.7,45.2,4.9,98.34844157456848,96.0,38.0,1.4
bert-base-cased_batch8-train,10,bert-base-cased_batch16-train,22,282529.3614028022,53.30323833870383,33.27643892259864,72.11510146261294,13680331.758935943,5646.101384772973,692527.7301330821,62.5482786063805,33.25333145673535,80.83888015236029,27323770.3166314,16724.462236768497,14.713828917036412,15.672357469242488,29.24021138236145,96.7,45.2,4.9,32.58655804480652,97.01724137931036,42.82758620689656,7.4
bert-base-cased_batch8-train,10,whisper-large-v2_batch16-inf,23,282529.3614028022,53.30323833870383,33.27643892259864,72.11510146261294,13680331.758935943,5646.101384772973,11591573.55669206,29.18332008231777,58.632473452760095,67.5808277077139,198198381.70553783,1529.2248322788505,14.656671331088036,1.872217910723836,29.24021138236145,96.7,45.2,4.9,24.59818976428725,50.03021148036254,22.38368580060423,15.4
vit-base-patch16-224_batch16-inf,11,vit-base-patch16-224_batch16-inf,11,270226.21847462544,71.58411662529359,16.757964890563972,71.13546341295469,13244786.852812832,6611.217845498419,270226.21847462544,71.58411662529359,16.757964890563972,71.13546341295469,13244786.852812832,6611.217845498419,78.58902866035534,78.34588231348414,81.32013201320132,29.0,6.026315789473684,5.1,81.32013201320132,29.0,6.026315789473684,5.1
vit-base-patch16-224_batch16-inf,11,whisper-large-v2_batch8-inf,12,270226.21847462544,71.58411662529359,16.757964890563972,71.13546341295469,13244786.852812832,6611.217845498419,5661591.512012222,33.63998724849095,55.31684738960696,64.7932709326375,117732415.08983348,1056.3817410779272,65.5776971955155,2.6025193833474902,81.32013201320132,29.0,6.026315789473684,5.1,10.73243670597552,45.11811023622048,19.79265091863517,11.4
vit-base-patch16-224_batch16-inf,11,bert-base-cased_batch2-train,13,270226.21847462544,71.58411662529359,16.757964890563972,71.13546341295469,13244786.852812832,6611.217845498419,190287.54368530755,50.355027213149135,39.03476297296079,70.42541520673052,11074376.322716216,8536.651206481605,65.30338397886585,18.170457385653588,81.32013201320132,29.0,6.026315789473684,5.1,23.23807288304677,97.27272727272728,47.76623376623377,3.1
vit-base-patch16-224_batch16-inf,11,vit-base-patch16-224_batch8-inf,14,270226.21847462544,71.58411662529359,16.757964890563972,71.13546341295469,13244786.852812832,6611.217845498419,109686.3558871527,80.57405153349794,12.838127168904558,56.01186382090581,8835599.308909625,6234.131132549218,78.31918883697277,76.98138078760917,81.32013201320132,29.0,6.026315789473684,5.1,79.59099074202018,27.05555555555556,6.055555555555555,3.1
vit-base-patch16-224_batch16-inf,11,albert-base-v2_batch2-train,16,270226.21847462544,71.58411662529359,16.757964890563972,71.13546341295469,13244786.852812832,6611.217845498419,411285.4853574395,58.4276542042436,34.26425178992512,68.37910891218571,15451966.342910131,11099.815030370692,64.68226498684757,20.46937991937032,81.32013201320132,29.0,6.026315789473684,5.1,25.6782694402656,97.0,43.0,2.3
vit-base-patch16-224_batch16-inf,11,whisper-large-v2_batch2-inf,17,270226.21847462544,71.58411662529359,16.757964890563972,71.13546341295469,13244786.852812832,6611.217845498419,407273.6437354477,71.71888252706013,17.28196639963645,63.66662208308519,15566445.000576952,10410.317650169076,67.17282553875933,2.5382925223488724,81.32013201320132,29.0,6.026315789473684,5.1,1.7085028704506966,37.63403263403264,16.834498834498834,8.3
vit-base-patch16-224_batch16-inf,11,gpt2-xl_batch20-inf,18,270226.21847462544,71.58411662529359,16.757964890563972,71.13546341295469,13244786.852812832,6611.217845498419,59703.85028143122,34.166956171194144,43.16222413955438,44.12589122395779,3169894.376506317,2911.0801668674217,82.75398824517212,22.002200220022004,81.32013201320132,29.0,6.026315789473684,5.1,43.57,35.166666666666664,20.0,6.8
vit-base-patch16-224_batch16-inf,11,vit_h_14_batch8-train,20,270226.21847462544,71.58411662529359,16.757964890563972,71.13546341295469,13244786.852812832,6611.217845498419,496067.9989140645,33.65768151737584,59.00252471417957,78.60977177747729,16690912.72524413,3652.032077044045,64.81687014428412,7.512520868113523,81.32013201320132,29.0,6.026315789473684,5.1,9.500815660685156,96.99371069182388,32.52201,17.4
vit-base-patch16-224_batch16-inf,11,bert-base-cased_batch8-inf,21,270226.21847462544,71.58411662529359,16.757964890563972,71.13546341295469,13244786.852812832,6611.217845498419,321403.49372387805,68.94063933472631,16.380971505511898,69.15212811160453,16463690.915910697,7439.555750717122,66.53728860548932,78.73272665992585,81.32013201320132,29.0,6.026315789473684,5.1,98.34844157456848,96.0,38.0,1.4
vit-base-patch16-224_batch16-inf,11,bert-base-cased_batch16-train,22,270226.21847462544,71.58411662529359,16.757964890563972,71.13546341295469,13244786.852812832,6611.217845498419,692527.7301330821,62.5482786063805,33.25333145673535,80.83888015236029,27323770.3166314,16724.462236768497,63.62435483651319,25.86084280486701,81.32013201320132,29.0,6.026315789473684,5.1,32.58655804480652,97.01724137931036,42.82758620689656,7.4
vit-base-patch16-224_batch16-inf,11,whisper-large-v2_batch16-inf,23,270226.21847462544,71.58411662529359,16.757964890563972,71.13546341295469,13244786.852812832,6611.217845498419,11591573.55669206,29.18332008231777,58.632473452760095,67.5808277077139,198198381.70553783,1529.2248322788505,65.0307800922413,3.123349332843396,81.32013201320132,29.0,6.026315789473684,5.1,24.59818976428725,50.03021148036254,22.38368580060423,15.4
whisper-large-v2_batch8-inf,12,whisper-large-v2_batch8-inf,12,5661591.512012222,33.63998724849095,55.31684738960696,64.7932709326375,117732415.08983348,1056.3817410779272,5661591.512012222,33.63998724849095,55.31684738960696,64.7932709326375,117732415.08983348,1056.3817410779272,1.8106171507820328,1.874242211992252,10.73243670597552,45.11811023622048,19.79265091863517,11.4,10.73243670597552,45.11811023622048,19.79265091863517,11.4
whisper-large-v2_batch8-inf,12,bert-base-cased_batch2-train,13,5661591.512012222,33.63998724849095,55.31684738960696,64.7932709326375,117732415.08983348,1056.3817410779272,190287.54368530755,50.355027213149135,39.03476297296079,70.42541520673052,11074376.322716216,8536.651206481605,1.9252939629463612,10.758417421887687,10.73243670597552,45.11811023622048,19.79265091863517,11.4,23.23807288304677,97.27272727272728,47.76623376623377,3.1
whisper-large-v2_batch8-inf,12,vit-base-patch16-224_batch8-inf,14,5661591.512012222,33.63998724849095,55.31684738960696,64.7932709326375,117732415.08983348,1056.3817410779272,109686.3558871527,80.57405153349794,12.838127168904558,56.01186382090581,8835599.308909625,6234.131132549218,3.05015424075422,63.479072622412055,10.73243670597552,45.11811023622048,19.79265091863517,11.4,79.59099074202018,27.05555555555556,6.055555555555555,3.1
whisper-large-v2_batch8-inf,12,albert-base-v2_batch2-train,16,5661591.512012222,33.63998724849095,55.31684738960696,64.7932709326375,117732415.08983348,1056.3817410779272,411285.4853574395,58.4276542042436,34.26425178992512,68.37910891218571,15451966.342910131,11099.815030370692,1.9700981748665236,11.860177782478477,10.73243670597552,45.11811023622048,19.79265091863517,11.4,25.6782694402656,97.0,43.0,2.3
whisper-large-v2_batch8-inf,12,whisper-large-v2_batch2-inf,17,5661591.512012222,33.63998724849095,55.31684738960696,64.7932709326375,117732415.08983348,1056.3817410779272,407273.6437354477,71.71888252706013,17.28196639963645,63.66662208308519,15566445.000576952,10410.317650169076,2.023696723662822,1.5841516986380366,10.73243670597552,45.11811023622048,19.79265091863517,11.4,1.7085028704506966,37.63403263403264,16.834498834498834,8.3
whisper-large-v2_batch8-inf,12,gpt2-xl_batch20-inf,18,5661591.512012222,33.63998724849095,55.31684738960696,64.7932709326375,117732415.08983348,1056.3817410779272,59703.85028143122,34.166956171194144,43.16222413955438,44.12589122395779,3169894.376506317,2911.0801668674217,3.957224289819569,4.313443565780014,10.73243670597552,45.11811023622048,19.79265091863517,11.4,43.57,35.166666666666664,20.0,6.8
whisper-large-v2_batch8-inf,12,vit_h_14_batch8-train,20,5661591.512012222,33.63998724849095,55.31684738960696,64.7932709326375,117732415.08983348,1056.3817410779272,496067.9989140645,33.65768151737584,59.00252471417957,78.60977177747729,16690912.72524413,3652.032077044045,1.8249448322626416,4.5889089808596975,10.73243670597552,45.11811023622048,19.79265091863517,11.4,9.500815660685156,96.99371069182388,32.52201,17.4
whisper-large-v2_batch8-inf,12,bert-base-cased_batch8-inf,21,5661591.512012222,33.63998724849095,55.31684738960696,64.7932709326375,117732415.08983348,1056.3817410779272,321403.49372387805,68.94063933472631,16.380971505511898,69.15212811160453,16463690.915910697,7439.555750717122,2.2857142857142856,84.96708253009858,10.73243670597552,45.11811023622048,19.79265091863517,11.4,98.34844157456848,96.0,38.0,1.4
whisper-large-v2_batch8-inf,12,bert-base-cased_batch16-train,22,5661591.512012222,33.63998724849095,55.31684738960696,64.7932709326375,117732415.08983348,1056.3817410779272,692527.7301330821,62.5482786063805,33.25333145673535,80.83888015236029,27323770.3166314,16724.462236768497,1.855586287153572,15.826323095478305,10.73243670597552,45.11811023622048,19.79265091863517,11.4,32.58655804480652,97.01724137931036,42.82758620689656,7.4
whisper-large-v2_batch8-inf,12,whisper-large-v2_batch16-inf,23,5661591.512012222,33.63998724849095,55.31684738960696,64.7932709326375,117732415.08983348,1056.3817410779272,11591573.55669206,29.18332008231777,58.632473452760095,67.5808277077139,198198381.70553783,1529.2248322788505,1.8410530433078451,1.916856355576854,10.73243670597552,45.11811023622048,19.79265091863517,11.4,24.59818976428725,50.03021148036254,22.38368580060423,15.4
bert-base-cased_batch2-train,13,bert-base-cased_batch2-train,13,190287.54368530755,50.355027213149135,39.03476297296079,70.42541520673052,11074376.322716216,8536.651206481605,190287.54368530755,50.355027213149135,39.03476297296079,70.42541520673052,11074376.322716216,8536.651206481605,11.612800593896653,10.878232144891218,23.23807288304677,97.27272727272728,47.76623376623377,3.1,23.23807288304677,97.27272727272728,47.76623376623377,3.1
bert-base-cased_batch2-train,13,vit-base-patch16-224_batch8-inf,14,190287.54368530755,50.355027213149135,39.03476297296079,70.42541520673052,11074376.322716216,8536.651206481605,109686.3558871527,80.57405153349794,12.838127168904558,56.01186382090581,8835599.308909625,6234.131132549218,18.6515892145158,64.0842752112367,23.23807288304677,97.27272727272728,47.76623376623377,3.1,79.59099074202018,27.05555555555556,6.055555555555555,3.1
bert-base-cased_batch2-train,13,albert-base-v2_batch2-train,16,190287.54368530755,50.355027213149135,39.03476297296079,70.42541520673052,11074376.322716216,8536.651206481605,411285.4853574395,58.4276542042436,34.26425178992512,68.37910891218571,15451966.342910131,11099.815030370692,11.8568706330722,12.699468085106384,23.23807288304677,97.27272727272728,47.76623376623377,3.1,25.6782694402656,97.0,43.0,2.3
bert-base-cased_batch2-train,13,whisper-large-v2_batch2-inf,17,190287.54368530755,50.355027213149135,39.03476297296079,70.42541520673052,11074376.322716216,8536.651206481605,407273.6437354477,71.71888252706013,17.28196639963645,63.66662208308519,15566445.000576952,10410.317650169076,11.9460672509643,1.686247808891915,23.23807288304677,97.27272727272728,47.76623376623377,3.1,1.7085028704506966,37.63403263403264,16.834498834498834,8.3
bert-base-cased_batch2-train,13,gpt2-xl_batch20-inf,18,190287.54368530755,50.355027213149135,39.03476297296079,70.42541520673052,11074376.322716216,8536.651206481605,59703.85028143122,34.166956171194144,43.16222413955438,44.12589122395779,3169894.376506317,2911.0801668674217,22.211764705882352,22.354694485842025,23.23807288304677,97.27272727272728,47.76623376623377,3.1,43.57,35.166666666666664,20.0,6.8
bert-base-cased_batch2-train,13,vit_h_14_batch8-train,20,190287.54368530755,50.355027213149135,39.03476297296079,70.42541520673052,11074376.322716216,8536.651206481605,496067.9989140645,33.65768151737584,59.00252471417957,78.60977177747729,16690912.72524413,3652.032077044045,17.0300031206812,5.551700208188758,23.23807288304677,97.27272727272728,47.76623376623377,3.1,9.500815660685156,96.99371069182388,32.52201,17.4
bert-base-cased_batch2-train,13,bert-base-cased_batch8-inf,21,190287.54368530755,50.355027213149135,39.03476297296079,70.42541520673052,11074376.322716216,8536.651206481605,321403.49372387805,68.94063933472631,16.380971505511898,69.15212811160453,16463690.915910697,7439.555750717122,12.138718385172194,45.20911149387471,23.23807288304677,97.27272727272728,47.76623376623377,3.1,98.34844157456848,96.0,38.0,1.4
bert-base-cased_batch2-train,13,bert-base-cased_batch16-train,22,190287.54368530755,50.355027213149135,39.03476297296079,70.42541520673052,11074376.322716216,8536.651206481605,692527.7301330821,62.5482786063805,33.25333145673535,80.83888015236029,27323770.3166314,16724.462236768497,10.468334657860842,17.28087975387838,23.23807288304677,97.27272727272728,47.76623376623377,3.1,32.58655804480652,97.01724137931036,42.82758620689656,7.4
bert-base-cased_batch2-train,13,whisper-large-v2_batch16-inf,23,190287.54368530755,50.355027213149135,39.03476297296079,70.42541520673052,11074376.322716216,8536.651206481605,11591573.55669206,29.18332008231777,58.632473452760095,67.5808277077139,198198381.70553783,1529.2248322788505,10.548538436673075,1.9491055715283232,23.23807288304677,97.27272727272728,47.76623376623377,3.1,24.59818976428725,50.03021148036254,22.38368580060423,15.4
vit-base-patch16-224_batch8-inf,14,vit-base-patch16-224_batch8-inf,14,109686.3558871527,80.57405153349794,12.838127168904558,56.01186382090581,8835599.308909625,6234.131132549218,109686.3558871527,80.57405153349794,12.838127168904558,56.01186382090581,8835599.308909625,6234.131132549218,78.17182817182818,78.38926174496645,79.59099074202018,27.05555555555556,6.055555555555555,3.1,79.59099074202018,27.05555555555556,6.055555555555555,3.1
vit-base-patch16-224_batch8-inf,14,albert-base-v2_batch2-train,16,109686.3558871527,80.57405153349794,12.838127168904558,56.01186382090581,8835599.308909625,6234.131132549218,411285.4853574395,58.4276542042436,34.26425178992512,68.37910891218571,15451966.342910131,11099.815030370692,63.6182902584493,20.718651120454247,79.59099074202018,27.05555555555556,6.055555555555555,3.1,25.6782694402656,97.0,43.0,2.3
vit-base-patch16-224_batch8-inf,14,whisper-large-v2_batch2-inf,17,109686.3558871527,80.57405153349794,12.838127168904558,56.01186382090581,8835599.308909625,6234.131132549218,407273.6437354477,71.71888252706013,17.28196639963645,63.66662208308519,15566445.000576952,10410.317650169076,65.63446205920853,2.5549310168625445,79.59099074202018,27.05555555555556,6.055555555555555,3.1,1.7085028704506966,37.63403263403264,16.834498834498834,8.3
vit-base-patch16-224_batch8-inf,14,gpt2-xl_batch20-inf,18,109686.3558871527,80.57405153349794,12.838127168904558,56.01186382090581,8835599.308909625,6234.131132549218,59703.85028143122,34.166956171194144,43.16222413955438,44.12589122395779,3169894.376506317,2911.0801668674217,79.21097241485592,29.097963142580024,79.59099074202018,27.05555555555556,6.055555555555555,3.1,43.57,35.166666666666664,20.0,6.8
vit-base-patch16-224_batch8-inf,14,vit_h_14_batch8-train,20,109686.3558871527,80.57405153349794,12.838127168904558,56.01186382090581,8835599.308909625,6234.131132549218,496067.9989140645,33.65768151737584,59.00252471417957,78.60977177747729,16690912.72524413,3652.032077044045,65.33717450283892,7.67828006526538,79.59099074202018,27.05555555555556,6.055555555555555,3.1,9.500815660685156,96.99371069182388,32.52201,17.4
vit-base-patch16-224_batch8-inf,14,bert-base-cased_batch8-inf,21,109686.3558871527,80.57405153349794,12.838127168904558,56.01186382090581,8835599.308909625,6234.131132549218,321403.49372387805,68.94063933472631,16.380971505511898,69.15212811160453,16463690.915910697,7439.555750717122,64.90652783881546,77.48955085251775,79.59099074202018,27.05555555555556,6.055555555555555,3.1,98.34844157456848,96.0,38.0,1.4
vit-base-patch16-224_batch8-inf,14,bert-base-cased_batch16-train,22,109686.3558871527,80.57405153349794,12.838127168904558,56.01186382090581,8835599.308909625,6234.131132549218,692527.7301330821,62.5482786063805,33.25333145673535,80.83888015236029,27323770.3166314,16724.462236768497,63.17953156271975,25.63217824222409,79.59099074202018,27.05555555555556,6.055555555555555,3.1,32.58655804480652,97.01724137931036,42.82758620689656,7.4
vit-base-patch16-224_batch8-inf,14,whisper-large-v2_batch16-inf,23,109686.3558871527,80.57405153349794,12.838127168904558,56.01186382090581,8835599.308909625,6234.131132549218,11591573.55669206,29.18332008231777,58.632473452760095,67.5808277077139,198198381.70553783,1529.2248322788505,64.22231997308977,3.1034994237988203,79.59099074202018,27.05555555555556,6.055555555555555,3.1,24.59818976428725,50.03021148036254,22.38368580060423,15.4
albert-base-v2_batch2-train,16,albert-base-v2_batch2-train,16,411285.4853574395,58.4276542042436,34.26425178992512,68.37910891218571,15451966.342910131,11099.815030370692,411285.4853574395,58.4276542042436,34.26425178992512,68.37910891218571,15451966.342910131,11099.815030370692,12.869782822414871,12.03907973526631,25.6782694402656,97.0,43.0,2.3,25.6782694402656,97.0,43.0,2.3
albert-base-v2_batch2-train,16,whisper-large-v2_batch2-inf,17,411285.4853574395,58.4276542042436,34.26425178992512,68.37910891218571,15451966.342910131,11099.815030370692,407273.6437354477,71.71888252706013,17.28196639963645,63.66662208308519,15566445.000576952,10410.317650169076,13.216875239198703,1.689973982531128,25.6782694402656,97.0,43.0,2.3,1.7085028704506966,37.63403263403264,16.834498834498834,8.3
albert-base-v2_batch2-train,16,gpt2-xl_batch20-inf,18,411285.4853574395,58.4276542042436,34.26425178992512,68.37910891218571,15451966.342910131,11099.815030370692,59703.85028143122,34.166956171194144,43.16222413955438,44.12589122395779,3169894.376506317,2911.0801668674217,24.773731195749548,21.91380569758948,25.6782694402656,97.0,43.0,2.3,43.57,35.166666666666664,20.0,6.8
albert-base-v2_batch2-train,16,vit_h_14_batch8-train,20,411285.4853574395,58.4276542042436,34.26425178992512,68.37910891218571,15451966.342910131,11099.815030370692,496067.9989140645,33.65768151737584,59.00252471417957,78.60977177747729,16690912.72524413,3652.032077044045,21.638155658774217,6.821573225325091,25.6782694402656,97.0,43.0,2.3,9.500815660685156,96.99371069182388,32.52201,17.4
albert-base-v2_batch2-train,16,bert-base-cased_batch8-inf,21,411285.4853574395,58.4276542042436,34.26425178992512,68.37910891218571,15451966.342910131,11099.815030370692,321403.49372387805,68.94063933472631,16.380971505511898,69.15212811160453,16463690.915910697,7439.555750717122,13.30113059610067,47.356470969834575,25.6782694402656,97.0,43.0,2.3,98.34844157456848,96.0,38.0,1.4
albert-base-v2_batch2-train,16,bert-base-cased_batch16-train,22,411285.4853574395,58.4276542042436,34.26425178992512,68.37910891218571,15451966.342910131,11099.815030370692,692527.7301330821,62.5482786063805,33.25333145673535,80.83888015236029,27323770.3166314,16724.462236768497,12.008424758731255,17.779358165170237,25.6782694402656,97.0,43.0,2.3,32.58655804480652,97.01724137931036,42.82758620689656,7.4
albert-base-v2_batch2-train,16,whisper-large-v2_batch16-inf,23,411285.4853574395,58.4276542042436,34.26425178992512,68.37910891218571,15451966.342910131,11099.815030370692,11591573.55669206,29.18332008231777,58.632473452760095,67.5808277077139,198198381.70553783,1529.2248322788505,11.661238992539868,1.959025401692773,25.6782694402656,97.0,43.0,2.3,24.59818976428725,50.03021148036254,22.38368580060423,15.4
whisper-large-v2_batch2-inf,17,whisper-large-v2_batch2-inf,17,407273.6437354477,71.71888252706013,17.28196639963645,63.66662208308519,15566445.000576952,10410.317650169076,407273.6437354477,71.71888252706013,17.28196639963645,63.66662208308519,15566445.000576952,10410.317650169076,1.688809787136046,1.6583936946845916,1.7085028704506966,37.63403263403264,16.834498834498834,8.3,1.7085028704506966,37.63403263403264,16.834498834498834,8.3
whisper-large-v2_batch2-inf,17,gpt2-xl_batch20-inf,18,407273.6437354477,71.71888252706013,17.28196639963645,63.66662208308519,15566445.000576952,10410.317650169076,59703.85028143122,34.166956171194144,43.16222413955438,44.12589122395779,3169894.376506317,2911.0801668674217,3.1570639305445933,13.02931596091205,1.7085028704506966,37.63403263403264,16.834498834498834,8.3,43.57,35.166666666666664,20.0,6.8
whisper-large-v2_batch2-inf,17,vit_h_14_batch8-train,20,407273.6437354477,71.71888252706013,17.28196639963645,63.66662208308519,15566445.000576952,10410.317650169076,496067.9989140645,33.65768151737584,59.00252471417957,78.60977177747729,16690912.72524413,3652.032077044045,1.6230732976554678,4.895689630159136,1.7085028704506966,37.63403263403264,16.834498834498834,8.3,9.500815660685156,96.99371069182388,32.52201,17.4
whisper-large-v2_batch2-inf,17,bert-base-cased_batch8-inf,21,407273.6437354477,71.71888252706013,17.28196639963645,63.66662208308519,15566445.000576952,10410.317650169076,321403.49372387805,68.94063933472631,16.380971505511898,69.15212811160453,16463690.915910697,7439.555750717122,1.9893074723361928,84.55496434647266,1.7085028704506966,37.63403263403264,16.834498834498834,8.3,98.34844157456848,96.0,38.0,1.4
whisper-large-v2_batch2-inf,17,bert-base-cased_batch16-train,22,407273.6437354477,71.71888252706013,17.28196639963645,63.66662208308519,15566445.000576952,10410.317650169076,692527.7301330821,62.5482786063805,33.25333145673535,80.83888015236029,27323770.3166314,16724.462236768497,1.5483088317451197,17.462685473887767,1.7085028704506966,37.63403263403264,16.834498834498834,8.3,32.58655804480652,97.01724137931036,42.82758620689656,7.4
whisper-large-v2_batch2-inf,17,whisper-large-v2_batch16-inf,23,407273.6437354477,71.71888252706013,17.28196639963645,63.66662208308519,15566445.000576952,10410.317650169076,11591573.55669206,29.18332008231777,58.632473452760095,67.5808277077139,198198381.70553783,1529.2248322788505,1.5850020815432813,1.9852834891868996,1.7085028704506966,37.63403263403264,16.834498834498834,8.3,24.59818976428725,50.03021148036254,22.38368580060423,15.4
gpt2-xl_batch20-inf,18,gpt2-xl_batch20-inf,18,59703.85028143122,34.166956171194144,43.16222413955438,44.12589122395779,3169894.376506317,2911.0801668674217,59703.85028143122,34.166956171194144,43.16222413955438,44.12589122395779,3169894.376506317,2911.0801668674217,16.82085786375105,31.298904538341155,43.57,35.166666666666664,20.0,6.8,43.57,35.166666666666664,20.0,6.8
gpt2-xl_batch20-inf,18,vit_h_14_batch8-train,20,59703.85028143122,34.166956171194144,43.16222413955438,44.12589122395779,3169894.376506317,2911.0801668674217,496067.9989140645,33.65768151737584,59.00252471417957,78.60977177747729,16690912.72524413,3652.032077044045,10.793308148947652,9.411764705882351,43.57,35.166666666666664,20.0,6.8,9.500815660685156,96.99371069182388,32.52201,17.4
gpt2-xl_batch20-inf,18,bert-base-cased_batch8-inf,21,59703.85028143122,34.166956171194144,43.16222413955438,44.12589122395779,3169894.376506317,2911.0801668674217,321403.49372387805,68.94063933472631,16.380971505511898,69.15212811160453,16463690.915910697,7439.555750717122,11.25703564727955,99.04956740399778,43.57,35.166666666666664,20.0,6.8,98.34844157456848,96.0,38.0,1.4
gpt2-xl_batch20-inf,18,bert-base-cased_batch16-train,22,59703.85028143122,34.166956171194144,43.16222413955438,44.12589122395779,3169894.376506317,2911.0801668674217,692527.7301330821,62.5482786063805,33.25333145673535,80.83888015236029,27323770.3166314,16724.462236768497,7.937557878026194,33.387564546933575,43.57,35.166666666666664,20.0,6.8,32.58655804480652,97.01724137931036,42.82758620689656,7.4
vit_h_14_batch8-train,20,bert-base-cased_batch8-inf,21,496067.9989140645,33.65768151737584,59.00252471417957,78.60977177747729,16690912.72524413,3652.032077044045,321403.49372387805,68.94063933472631,16.380971505511898,69.15212811160453,16463690.915910697,7439.555750717122,5.600062222913588,59.900507718344535,9.500815660685156,96.99371069182388,32.52201,17.4,98.34844157456848,96.0,38.0,1.4
vit_h_14_batch8-train,20,bert-base-cased_batch16-train,22,496067.9989140645,33.65768151737584,59.00252471417957,78.60977177747729,16690912.72524413,3652.032077044045,692527.7301330821,62.5482786063805,33.25333145673535,80.83888015236029,27323770.3166314,16724.462236768497,4.610251744009706,16.190128048231323,9.500815660685156,96.99371069182388,32.52201,17.4,32.58655804480652,97.01724137931036,42.82758620689656,7.4
bert-base-cased_batch8-inf,21,bert-base-cased_batch8-inf,21,321403.49372387805,68.94063933472631,16.380971505511898,69.15212811160453,16463690.915910697,7439.555750717122,321403.49372387805,68.94063933472631,16.380971505511898,69.15212811160453,16463690.915910697,7439.555750717122,48.85024154589372,46.88409433015554,98.34844157456848,96.0,38.0,1.4,98.34844157456848,96.0,38.0,1.4
bert-base-cased_batch8-inf,21,bert-base-cased_batch16-train,22,321403.49372387805,68.94063933472631,16.380971505511898,69.15212811160453,16463690.915910697,7439.555750717122,692527.7301330821,62.5482786063805,33.25333145673535,80.83888015236029,27323770.3166314,16724.462236768497,44.73810207794695,16.79003091914176,98.34844157456848,96.0,38.0,1.4,32.58655804480652,97.01724137931036,42.82758620689656,7.4
bert-base-cased_batch16-train,22,bert-base-cased_batch16-train,22,692527.7301330821,62.5482786063805,33.25333145673535,80.83888015236029,27323770.3166314,16724.462236768497,692527.7301330821,62.5482786063805,33.25333145673535,80.83888015236029,27323770.3166314,16724.462236768497,15.64286144034655,15.465978390141451,32.58655804480652,97.01724137931036,42.82758620689656,7.4,32.58655804480652,97.01724137931036,42.82758620689656,7.4
bert-base-cased_batch16-train,22,whisper-large-v2_batch16-inf,23,692527.7301330821,62.5482786063805,33.25333145673535,80.83888015236029,27323770.3166314,16724.462236768497,11591573.55669206,29.18332008231777,58.632473452760095,67.5808277077139,198198381.70553783,1529.2248322788505,15.53741423822462,1.911039000217947,32.58655804480652,97.01724137931036,42.82758620689656,7.4,24.59818976428725,50.03021148036254,22.38368580060423,15.4
whisper-large-v2_batch16-inf,23,whisper-large-v2_batch16-inf,23,11591573.55669206,29.18332008231777,58.632473452760095,67.5808277077139,198198381.70553783,1529.2248322788505,11591573.55669206,29.18332008231777,58.632473452760095,67.5808277077139,198198381.70553783,1529.2248322788505,1.8997735057766107,1.9089164838192207,24.59818976428725,50.03021148036254,22.38368580060423,15.4,24.59818976428725,50.03021148036254,22.38368580060423,15.4
