workload1,idx1,workload2,idx2,workload3,idx3,w1_Threads,w1_Compute (SM) Throughput,w1_DRAM Throughput,w1_Memory Throughput,w1_Registers,w1_Static Shared Memory,w2_Threads,w2_Compute (SM) Throughput,w2_DRAM Throughput,w2_Memory Throughput,w2_Registers,w2_Static Shared Memory,w3_Threads,w3_Compute (SM) Throughput,w3_DRAM Throughput,w3_Memory Throughput,w3_Registers,w3_Static Shared Memory,w1throughput,w2throughput,w3throughput,w1exclusive_throughput,w1sm%,w1mem%,w1memcap,w2exclusive_throughput,w2sm%,w2mem%,w2memcap,w3exclusive_throughput,w3sm%,w3mem%,w3memcap
bert-base-cased_batch2-inf,0,vit_h_14_batch2-train,3,bert-base-cased_batch8-train,5,210588.1095979778,73.11711703442735,15.196149452714376,63.87781954030234,14134984.63908432,13218.430422937075,183316.888392316,44.95736442315827,46.30171509953436,72.30406066464882,9279376.251384592,6320.710134302391,282529.3614028022,53.30323833870383,33.27643892259864,72.11510146261294,13680331.758935943,5646.101384772973,29.52696595360048,2.167630057803468,17.573553242824733,84.1300191204589,92.5,40.0,1.2,6.908856242645105,97.51923076923076,47.9423,14.3,29.24021138236145,96.7,45.2,4.9
whisper-large-v2_batch8-inf,6,bert-base-cased_batch2-train,7,albert-base-v2_batch2-train,10,5661591.512012222,33.63998724849095,55.31684738960696,64.7932709326375,117732415.08983348,1056.3817410779272,190287.54368530755,50.355027213149135,39.03476297296079,70.42541520673052,11074376.322716216,8536.651206481605,411285.4853574395,58.4276542042436,34.26425178992512,68.37910891218571,15451966.342910131,11099.815030370692,3.2765343822794097,4.009547735545267,4.888416578108395,10.73243670597552,45.11811023622048,19.79265091863517,11.4,23.23807288304677,97.27272727272728,47.76623376623377,3.1,25.6782694402656,97.0,43.0,2.3
bert-base-cased_batch8-train,5,bert-base-cased_batch8-train,5,vit-base-patch16-224_batch8-inf,8,282529.3614028022,53.30323833870383,33.27643892259864,72.11510146261294,13680331.758935943,5646.101384772973,282529.3614028022,53.30323833870383,33.27643892259864,72.11510146261294,13680331.758935943,5646.101384772973,109686.3558871527,80.57405153349794,12.838127168904558,56.01186382090581,8835599.308909625,6234.131132549218,15.52069638914062,14.79331732436146,40.95491824687876,29.24021138236145,96.7,45.2,4.9,29.24021138236145,96.7,45.2,4.9,79.59099074202018,27.05555555555556,6.055555555555555,3.1
bert-base-cased_batch2-inf,0,whisper-large-v2_batch2-inf,11,bert-base-cased_batch8-inf,13,210588.1095979778,73.11711703442735,15.196149452714376,63.87781954030234,14134984.63908432,13218.430422937075,407273.6437354477,71.71888252706013,17.28196639963645,63.66662208308519,15566445.000576952,10410.317650169076,321403.49372387805,68.94063933472631,16.380971505511898,69.15212811160453,16463690.915910697,7439.555750717122,18.97294419437588,1.3354106387714222,66.17785297988344,84.1300191204589,92.5,40.0,1.2,1.7085028704506966,37.63403263403264,16.834498834498834,8.3,98.34844157456848,96.0,38.0,1.4
bert-base-cased_batch8-train,5,vit-base-patch16-224_batch8-inf,8,wav2vec2-base-960h_batch2-inf,9,282529.3614028022,53.30323833870383,33.27643892259864,72.11510146261294,13680331.758935943,5646.101384772973,109686.3558871527,80.57405153349794,12.838127168904558,56.01186382090581,8835599.308909625,6234.131132549218,433609.84467992425,57.0700600941506,17.092804399867166,53.26075574181553,16058013.73841052,15230.693561487396,19.349902510057504,46.74869999485147,20.004604640454325,29.24021138236145,96.7,45.2,4.9,79.59099074202018,27.05555555555556,6.055555555555555,3.1,17.806821914492676,17.464285714285715,5.428571428571429,3.9
bert-base-cased_batch2-train,7,vit-base-patch16-224_batch8-inf,8,wav2vec2-base-960h_batch2-inf,9,190287.54368530755,50.355027213149135,39.03476297296079,70.42541520673052,11074376.322716216,8536.651206481605,109686.3558871527,80.57405153349794,12.838127168904558,56.01186382090581,8835599.308909625,6234.131132549218,433609.84467992425,57.0700600941506,17.092804399867166,53.26075574181553,16058013.73841052,15230.693561487396,10.58771959402502,59.139981701738336,29.336734693877556,23.23807288304677,97.27272727272728,47.76623376623377,3.1,79.59099074202018,27.05555555555556,6.055555555555555,3.1,17.806821914492676,17.464285714285715,5.428571428571429,3.9
vit_h_14_batch2-train,3,wav2vec2-base-960h_batch2-inf,9,wav2vec2-base-960h_batch2-inf,9,183316.888392316,44.95736442315827,46.30171509953436,72.30406066464882,9279376.251384592,6320.710134302391,433609.84467992425,57.0700600941506,17.092804399867166,53.26075574181553,16058013.73841052,15230.693561487396,433609.84467992425,57.0700600941506,17.092804399867166,53.26075574181553,16058013.73841052,15230.693561487396,2.9333784622327523,24.615190909377063,24.44437498046325,6.908856242645105,97.51923076923076,47.9423,14.3,17.806821914492676,17.464285714285715,5.428571428571429,3.9,17.806821914492676,17.464285714285715,5.428571428571429,3.9
wav2vec2-base-960h_batch8-inf,4,bert-base-cased_batch2-train,7,vit-base-patch16-224_batch8-inf,8,682756.7824714864,62.780644321909016,21.0702801326792,64.2385060757653,27973292.570635416,74003.0752817931,190287.54368530755,50.355027213149135,39.03476297296079,70.42541520673052,11074376.322716216,8536.651206481605,109686.3558871527,80.57405153349794,12.838127168904558,56.01186382090581,8835599.308909625,6234.131132549218,48.81017398767263,6.515906477577616,48.57271192478664,66.49987894439512,18.24,6.6,11.4,23.23807288304677,97.27272727272728,47.76623376623377,3.1,79.59099074202018,27.05555555555556,6.055555555555555,3.1
vit_h_14_batch2-train,3,whisper-large-v2_batch8-inf,6,vit-base-patch16-224_batch8-inf,8,183316.888392316,44.95736442315827,46.30171509953436,72.30406066464882,9279376.251384592,6320.710134302391,5661591.512012222,33.63998724849095,55.31684738960696,64.7932709326375,117732415.08983348,1056.3817410779272,109686.3558871527,80.57405153349794,12.838127168904558,56.01186382090581,8835599.308909625,6234.131132549218,1.517040731504572,3.098133374641778,30.391719806950555,6.908856242645105,97.51923076923076,47.9423,14.3,10.73243670597552,45.11811023622048,19.79265091863517,11.4,79.59099074202018,27.05555555555556,6.055555555555555,3.1
vit-base-patch16-224_batch2-inf,2,vit_h_14_batch2-train,3,vit_h_14_batch2-train,3,35961.4603913098,67.45085472767737,10.815099777889127,40.24518066467102,3779001.50924272,2914.346235876293,183316.888392316,44.95736442315827,46.30171509953436,72.30406066464882,9279376.251384592,6320.710134302391,183316.888392316,44.95736442315827,46.30171509953436,72.30406066464882,9279376.251384592,6320.710134302391,41.799957346982296,3.623188405797101,3.4133853468243327,63.42342342342342,29.454545454545453,4.181818181818182,1.6,6.908856242645105,97.51923076923076,47.9423,14.3,6.908856242645105,97.51923076923076,47.9423,14.3
bert-base-cased_batch2-inf,0,bert-base-cased_batch2-inf,0,bert-base-cased_batch2-inf,0,210588.1095979778,73.11711703442735,15.196149452714376,63.87781954030234,14134984.63908432,13218.430422937075,210588.1095979778,73.11711703442735,15.196149452714376,63.87781954030234,14134984.63908432,13218.430422937075,210588.1095979778,73.11711703442735,15.196149452714376,63.87781954030234,14134984.63908432,13218.430422937075,33.50856947471898,34.32123626493893,33.4799504633386,84.1300191204589,92.5,40.0,1.2,84.1300191204589,92.5,40.0,1.2,84.1300191204589,92.5,40.0,1.2
bert-base-cased_batch2-inf,0,vit_h_14_batch2-train,3,wav2vec2-base-960h_batch2-inf,9,210588.1095979778,73.11711703442735,15.196149452714376,63.87781954030234,14134984.63908432,13218.430422937075,183316.888392316,44.95736442315827,46.30171509953436,72.30406066464882,9279376.251384592,6320.710134302391,433609.84467992425,57.0700600941506,17.092804399867166,53.26075574181553,16058013.73841052,15230.693561487396,37.85793616302091,2.851259306193569,26.993013062535265,84.1300191204589,92.5,40.0,1.2,6.908856242645105,97.51923076923076,47.9423,14.3,17.806821914492676,17.464285714285715,5.428571428571429,3.9
vit-base-patch16-224_batch2-inf,2,wav2vec2-base-960h_batch8-inf,4,bert-base-cased_batch8-train,5,35961.4603913098,67.45085472767737,10.815099777889127,40.24518066467102,3779001.50924272,2914.346235876293,682756.7824714864,62.780644321909016,21.0702801326792,64.2385060757653,27973292.570635416,74003.0752817931,282529.3614028022,53.30323833870383,33.27643892259864,72.11510146261294,13680331.758935943,5646.101384772973,17.501562639521385,41.68483112245957,13.95138545008289,63.42342342342342,29.454545454545453,4.181818181818182,1.6,66.49987894439512,18.24,6.6,11.4,29.24021138236145,96.7,45.2,4.9
albert-base-v2_batch8-train,1,albert-base-v2_batch2-train,10,whisper-large-v2_batch2-inf,11,2011555.2744192549,48.32407816574221,50.96574818117043,78.11175775979989,42373993.86889671,8963.297179442388,411285.4853574395,58.4276542042436,34.26425178992512,68.37910891218571,15451966.342910131,11099.815030370692,407273.6437354477,71.71888252706013,17.28196639963645,63.66662208308519,15566445.000576952,10410.317650169076,16.722783389450054,5.519090973251465,1.4416915847928236,29.67588370763072,97.38028169014083,46.74647887323944,6.6,25.6782694402656,97.0,43.0,2.3,1.7085028704506966,37.63403263403264,16.834498834498834,8.3
bert-base-cased_batch2-inf,0,wav2vec2-base-960h_batch2-inf,9,vit_h_14_batch8-train,12,210588.1095979778,73.11711703442735,15.196149452714376,63.87781954030234,14134984.63908432,13218.430422937075,433609.84467992425,57.0700600941506,17.092804399867166,53.26075574181553,16058013.73841052,15230.693561487396,496067.9989140645,33.65768151737584,59.00252471417957,78.60977177747729,16690912.72524413,3652.032077044045,28.770642201834864,20.54198728671797,5.839416058394161,84.1300191204589,92.5,40.0,1.2,17.806821914492676,17.464285714285715,5.428571428571429,3.9,9.500815660685156,96.99371069182388,32.52201,17.4
bert-base-cased_batch2-inf,0,bert-base-cased_batch2-inf,0,vit_h_14_batch2-train,3,210588.1095979778,73.11711703442735,15.196149452714376,63.87781954030234,14134984.63908432,13218.430422937075,210588.1095979778,73.11711703442735,15.196149452714376,63.87781954030234,14134984.63908432,13218.430422937075,183316.888392316,44.95736442315827,46.30171509953436,72.30406066464882,9279376.251384592,6320.710134302391,39.72838755447451,39.516129032258064,3.576654202568688,84.1300191204589,92.5,40.0,1.2,84.1300191204589,92.5,40.0,1.2,6.908856242645105,97.51923076923076,47.9423,14.3
vit-base-patch16-224_batch2-inf,2,albert-base-v2_batch2-train,10,albert-base-v2_batch2-train,10,35961.4603913098,67.45085472767737,10.815099777889127,40.24518066467102,3779001.50924272,2914.346235876293,411285.4853574395,58.4276542042436,34.26425178992512,68.37910891218571,15451966.342910131,11099.815030370692,411285.4853574395,58.4276542042436,34.26425178992512,68.37910891218571,15451966.342910131,11099.815030370692,35.42862307379457,13.273023876612784,13.841345438309272,63.42342342342342,29.454545454545453,4.181818181818182,1.6,25.6782694402656,97.0,43.0,2.3,25.6782694402656,97.0,43.0,2.3
albert-base-v2_batch8-train,1,bert-base-cased_batch2-train,7,whisper-large-v2_batch2-inf,11,2011555.2744192549,48.32407816574221,50.96574818117043,78.11175775979989,42373993.86889671,8963.297179442388,190287.54368530755,50.355027213149135,39.03476297296079,70.42541520673052,11074376.322716216,8536.651206481605,407273.6437354477,71.71888252706013,17.28196639963645,63.66662208308519,15566445.000576952,10410.317650169076,17.06020794890777,4.387318293770793,1.514599051973186,29.67588370763072,97.38028169014083,46.74647887323944,6.6,23.23807288304677,97.27272727272728,47.76623376623377,3.1,1.7085028704506966,37.63403263403264,16.834498834498834,8.3
vit-base-patch16-224_batch8-inf,8,vit-base-patch16-224_batch8-inf,8,vit-base-patch16-224_batch8-inf,8,109686.3558871527,80.57405153349794,12.838127168904558,56.01186382090581,8835599.308909625,6234.131132549218,109686.3558871527,80.57405153349794,12.838127168904558,56.01186382090581,8835599.308909625,6234.131132549218,109686.3558871527,80.57405153349794,12.838127168904558,56.01186382090581,8835599.308909625,6234.131132549218,79.2860212878922,79.19391903835957,79.29805042101803,79.59099074202018,27.05555555555556,6.055555555555555,3.1,79.59099074202018,27.05555555555556,6.055555555555555,3.1,79.59099074202018,27.05555555555556,6.055555555555555,3.1
bert-base-cased_batch2-train,7,bert-base-cased_batch8-inf,13,bert-base-cased_batch8-inf,13,190287.54368530755,50.355027213149135,39.03476297296079,70.42541520673052,11074376.322716216,8536.651206481605,321403.49372387805,68.94063933472631,16.380971505511898,69.15212811160453,16463690.915910697,7439.555750717122,321403.49372387805,68.94063933472631,16.380971505511898,69.15212811160453,16463690.915910697,7439.555750717122,2.811864847104849,50.76405076405076,50.645176918977405,23.23807288304677,97.27272727272728,47.76623376623377,3.1,98.34844157456848,96.0,38.0,1.4,98.34844157456848,96.0,38.0,1.4
vit-base-patch16-224_batch2-inf,2,wav2vec2-base-960h_batch8-inf,4,vit-base-patch16-224_batch8-inf,8,35961.4603913098,67.45085472767737,10.815099777889127,40.24518066467102,3779001.50924272,2914.346235876293,682756.7824714864,62.780644321909016,21.0702801326792,64.2385060757653,27973292.570635416,74003.0752817931,109686.3558871527,80.57405153349794,12.838127168904558,56.01186382090581,8835599.308909625,6234.131132549218,27.248714027526763,54.58947831829188,54.6444481108728,63.42342342342342,29.454545454545453,4.181818181818182,1.6,66.49987894439512,18.24,6.6,11.4,79.59099074202018,27.05555555555556,6.055555555555555,3.1
vit-base-patch16-224_batch2-inf,2,wav2vec2-base-960h_batch8-inf,4,bert-base-cased_batch2-train,7,35961.4603913098,67.45085472767737,10.815099777889127,40.24518066467102,3779001.50924272,2914.346235876293,682756.7824714864,62.780644321909016,21.0702801326792,64.2385060757653,27973292.570635416,74003.0752817931,190287.54368530755,50.355027213149135,39.03476297296079,70.42541520673052,11074376.322716216,8536.651206481605,26.173465981171127,52.44797305425237,6.430868167202572,63.42342342342342,29.454545454545453,4.181818181818182,1.6,66.49987894439512,18.24,6.6,11.4,23.23807288304677,97.27272727272728,47.76623376623377,3.1
bert-base-cased_batch2-inf,0,bert-base-cased_batch2-train,7,vit-base-patch16-224_batch8-inf,8,210588.1095979778,73.11711703442735,15.196149452714376,63.87781954030234,14134984.63908432,13218.430422937075,190287.54368530755,50.355027213149135,39.03476297296079,70.42541520673052,11074376.322716216,8536.651206481605,109686.3558871527,80.57405153349794,12.838127168904558,56.01186382090581,8835599.308909625,6234.131132549218,46.36858291932813,10.427421020028907,61.75604007071303,84.1300191204589,92.5,40.0,1.2,23.23807288304677,97.27272727272728,47.76623376623377,3.1,79.59099074202018,27.05555555555556,6.055555555555555,3.1
wav2vec2-base-960h_batch8-inf,4,wav2vec2-base-960h_batch2-inf,9,whisper-large-v2_batch2-inf,11,682756.7824714864,62.780644321909016,21.0702801326792,64.2385060757653,27973292.570635416,74003.0752817931,433609.84467992425,57.0700600941506,17.092804399867166,53.26075574181553,16058013.73841052,15230.693561487396,407273.6437354477,71.71888252706013,17.28196639963645,63.66662208308519,15566445.000576952,10410.317650169076,40.521202078782856,14.976826138583522,1.3889531922774203,66.49987894439512,18.24,6.6,11.4,17.806821914492676,17.464285714285715,5.428571428571429,3.9,1.7085028704506966,37.63403263403264,16.834498834498834,8.3
albert-base-v2_batch8-train,1,whisper-large-v2_batch8-inf,6,bert-base-cased_batch8-inf,13,2011555.2744192549,48.32407816574221,50.96574818117043,78.11175775979989,42373993.86889671,8963.297179442388,5661591.512012222,33.63998724849095,55.31684738960696,64.7932709326375,117732415.08983348,1056.3817410779272,321403.49372387805,68.94063933472631,16.380971505511898,69.15212811160453,16463690.915910697,7439.555750717122,8.776694892687862,2.092433238301991,34.01301518438178,29.67588370763072,97.38028169014083,46.74647887323944,6.6,10.73243670597552,45.11811023622048,19.79265091863517,11.4,98.34844157456848,96.0,38.0,1.4
albert-base-v2_batch8-train,1,albert-base-v2_batch8-train,1,vit-base-patch16-224_batch2-inf,2,2011555.2744192549,48.32407816574221,50.96574818117043,78.11175775979989,42373993.86889671,8963.297179442388,2011555.2744192549,48.32407816574221,50.96574818117043,78.11175775979989,42373993.86889671,8963.297179442388,35961.4603913098,67.45085472767737,10.815099777889127,40.24518066467102,3779001.50924272,2914.346235876293,15.72320605998567,16.04092071611253,16.746053783881923,29.67588370763072,97.38028169014083,46.74647887323944,6.6,29.67588370763072,97.38028169014083,46.74647887323944,6.6,63.42342342342342,29.454545454545453,4.181818181818182,1.6
wav2vec2-base-960h_batch2-inf,9,albert-base-v2_batch2-train,10,bert-base-cased_batch8-inf,13,433609.84467992425,57.0700600941506,17.092804399867166,53.26075574181553,16058013.73841052,15230.693561487396,411285.4853574395,58.4276542042436,34.26425178992512,68.37910891218571,15451966.342910131,11099.815030370692,321403.49372387805,68.94063933472631,16.380971505511898,69.15212811160453,16463690.915910697,7439.555750717122,16.377649325626205,5.983889528193326,65.32652848661597,17.806821914492676,17.464285714285715,5.428571428571429,3.9,25.6782694402656,97.0,43.0,2.3,98.34844157456848,96.0,38.0,1.4
bert-base-cased_batch2-inf,0,vit-base-patch16-224_batch2-inf,2,bert-base-cased_batch8-train,5,210588.1095979778,73.11711703442735,15.196149452714376,63.87781954030234,14134984.63908432,13218.430422937075,35961.4603913098,67.45085472767737,10.815099777889127,40.24518066467102,3779001.50924272,2914.346235876293,282529.3614028022,53.30323833870383,33.27643892259864,72.11510146261294,13680331.758935943,5646.101384772973,31.785931481856885,25.85569097776566,20.846493998736577,84.1300191204589,92.5,40.0,1.2,63.42342342342342,29.454545454545453,4.181818181818182,1.6,29.24021138236145,96.7,45.2,4.9
albert-base-v2_batch8-train,1,vit-base-patch16-224_batch2-inf,2,vit_h_14_batch8-train,12,2011555.2744192549,48.32407816574221,50.96574818117043,78.11175775979989,42373993.86889671,8963.297179442388,35961.4603913098,67.45085472767737,10.815099777889127,40.24518066467102,3779001.50924272,2914.346235876293,496067.9989140645,33.65768151737584,59.00252471417957,78.60977177747729,16690912.72524413,3652.032077044045,17.21345611031419,19.811487630455108,5.260229629254969,29.67588370763072,97.38028169014083,46.74647887323944,6.6,63.42342342342342,29.454545454545453,4.181818181818182,1.6,9.500815660685156,96.99371069182388,32.52201,17.4
albert-base-v2_batch8-train,1,wav2vec2-base-960h_batch8-inf,4,albert-base-v2_batch2-train,10,2011555.2744192549,48.32407816574221,50.96574818117043,78.11175775979989,42373993.86889671,8963.297179442388,682756.7824714864,62.780644321909016,21.0702801326792,64.2385060757653,27973292.570635416,74003.0752817931,411285.4853574395,58.4276542042436,34.26425178992512,68.37910891218571,15451966.342910131,11099.815030370692,13.890792780443224,36.5271209201845,4.2996713340236825,29.67588370763072,97.38028169014083,46.74647887323944,6.6,66.49987894439512,18.24,6.6,11.4,25.6782694402656,97.0,43.0,2.3
vit-base-patch16-224_batch2-inf,2,wav2vec2-base-960h_batch2-inf,9,whisper-large-v2_batch2-inf,11,35961.4603913098,67.45085472767737,10.815099777889127,40.24518066467102,3779001.50924272,2914.346235876293,433609.84467992425,57.0700600941506,17.092804399867166,53.26075574181553,16058013.73841052,15230.693561487396,407273.6437354477,71.71888252706013,17.28196639963645,63.66662208308519,15566445.000576952,10410.317650169076,43.145671674646415,43.75314720528171,3.0120481927710845,63.42342342342342,29.454545454545453,4.181818181818182,1.6,17.806821914492676,17.464285714285715,5.428571428571429,3.9,1.7085028704506966,37.63403263403264,16.834498834498834,8.3
albert-base-v2_batch8-train,1,vit_h_14_batch2-train,3,vit-base-patch16-224_batch8-inf,8,2011555.2744192549,48.32407816574221,50.96574818117043,78.11175775979989,42373993.86889671,8963.297179442388,183316.888392316,44.95736442315827,46.30171509953436,72.30406066464882,9279376.251384592,6320.710134302391,109686.3558871527,80.57405153349794,12.838127168904558,56.01186382090581,8835599.308909625,6234.131132549218,20.40589996672951,2.115321492395784,46.44343408912519,29.67588370763072,97.38028169014083,46.74647887323944,6.6,6.908856242645105,97.51923076923076,47.9423,14.3,79.59099074202018,27.05555555555556,6.055555555555555,3.1
vit_h_14_batch2-train,3,vit-base-patch16-224_batch8-inf,8,whisper-large-v2_batch2-inf,11,183316.888392316,44.95736442315827,46.30171509953436,72.30406066464882,9279376.251384592,6320.710134302391,109686.3558871527,80.57405153349794,12.838127168904558,56.01186382090581,8835599.308909625,6234.131132549218,407273.6437354477,71.71888252706013,17.28196639963645,63.66662208308519,15566445.000576952,10410.317650169076,2.9077817779008583,47.640026129095965,2.0745909755292566,6.908856242645105,97.51923076923076,47.9423,14.3,79.59099074202018,27.05555555555556,6.055555555555555,3.1,1.7085028704506966,37.63403263403264,16.834498834498834,8.3
vit_h_14_batch2-train,3,wav2vec2-base-960h_batch2-inf,9,albert-base-v2_batch2-train,10,183316.888392316,44.95736442315827,46.30171509953436,72.30406066464882,9279376.251384592,6320.710134302391,433609.84467992425,57.0700600941506,17.092804399867166,53.26075574181553,16058013.73841052,15230.693561487396,411285.4853574395,58.4276542042436,34.26425178992512,68.37910891218571,15451966.342910131,11099.815030370692,2.9434348605067826,27.759042987469385,10.42765812178015,6.908856242645105,97.51923076923076,47.9423,14.3,17.806821914492676,17.464285714285715,5.428571428571429,3.9,25.6782694402656,97.0,43.0,2.3
vit-base-patch16-224_batch2-inf,2,wav2vec2-base-960h_batch2-inf,9,albert-base-v2_batch2-train,10,35961.4603913098,67.45085472767737,10.815099777889127,40.24518066467102,3779001.50924272,2914.346235876293,433609.84467992425,57.0700600941506,17.092804399867166,53.26075574181553,16058013.73841052,15230.693561487396,411285.4853574395,58.4276542042436,34.26425178992512,68.37910891218571,15451966.342910131,11099.815030370692,33.3219993199592,31.82872725792666,13.543547714960413,63.42342342342342,29.454545454545453,4.181818181818182,1.6,17.806821914492676,17.464285714285715,5.428571428571429,3.9,25.6782694402656,97.0,43.0,2.3
wav2vec2-base-960h_batch2-inf,9,whisper-large-v2_batch2-inf,11,bert-base-cased_batch8-inf,13,433609.84467992425,57.0700600941506,17.092804399867166,53.26075574181553,16058013.73841052,15230.693561487396,407273.6437354477,71.71888252706013,17.28196639963645,63.66662208308519,15566445.000576952,10410.317650169076,321403.49372387805,68.94063933472631,16.380971505511898,69.15212811160453,16463690.915910697,7439.555750717122,15.20099525697846,1.3049588436057018,59.72764498619179,17.806821914492676,17.464285714285715,5.428571428571429,3.9,1.7085028704506966,37.63403263403264,16.834498834498834,8.3,98.34844157456848,96.0,38.0,1.4
albert-base-v2_batch8-train,1,vit-base-patch16-224_batch2-inf,2,bert-base-cased_batch8-train,5,2011555.2744192549,48.32407816574221,50.96574818117043,78.11175775979989,42373993.86889671,8963.297179442388,35961.4603913098,67.45085472767737,10.815099777889127,40.24518066467102,3779001.50924272,2914.346235876293,282529.3614028022,53.30323833870383,33.27643892259864,72.11510146261294,13680331.758935943,5646.101384772973,16.889999569132666,18.11460258780037,15.151165207751117,29.67588370763072,97.38028169014083,46.74647887323944,6.6,63.42342342342342,29.454545454545453,4.181818181818182,1.6,29.24021138236145,96.7,45.2,4.9
wav2vec2-base-960h_batch8-inf,4,vit-base-patch16-224_batch8-inf,8,vit-base-patch16-224_batch8-inf,8,682756.7824714864,62.780644321909016,21.0702801326792,64.2385060757653,27973292.570635416,74003.0752817931,109686.3558871527,80.57405153349794,12.838127168904558,56.01186382090581,8835599.308909625,6234.131132549218,109686.3558871527,80.57405153349794,12.838127168904558,56.01186382090581,8835599.308909625,6234.131132549218,50.78829011674163,48.42583992569581,48.31119605544224,66.49987894439512,18.24,6.6,11.4,79.59099074202018,27.05555555555556,6.055555555555555,3.1,79.59099074202018,27.05555555555556,6.055555555555555,3.1
vit-base-patch16-224_batch8-inf,8,wav2vec2-base-960h_batch2-inf,9,whisper-large-v2_batch2-inf,11,109686.3558871527,80.57405153349794,12.838127168904558,56.01186382090581,8835599.308909625,6234.131132549218,433609.84467992425,57.0700600941506,17.092804399867166,53.26075574181553,16058013.73841052,15230.693561487396,407273.6437354477,71.71888252706013,17.28196639963645,63.66662208308519,15566445.000576952,10410.317650169076,65.48431105047749,43.3433100543177,2.936857562408223,79.59099074202018,27.05555555555556,6.055555555555555,3.1,17.806821914492676,17.464285714285715,5.428571428571429,3.9,1.7085028704506966,37.63403263403264,16.834498834498834,8.3
vit-base-patch16-224_batch2-inf,2,whisper-large-v2_batch8-inf,6,bert-base-cased_batch8-inf,13,35961.4603913098,67.45085472767737,10.815099777889127,40.24518066467102,3779001.50924272,2914.346235876293,5661591.512012222,33.63998724849095,55.31684738960696,64.7932709326375,117732415.08983348,1056.3817410779272,321403.49372387805,68.94063933472631,16.380971505511898,69.15212811160453,16463690.915910697,7439.555750717122,15.43854121539128,2.761954082513378,51.92563828390267,63.42342342342342,29.454545454545453,4.181818181818182,1.6,10.73243670597552,45.11811023622048,19.79265091863517,11.4,98.34844157456848,96.0,38.0,1.4
vit-base-patch16-224_batch2-inf,2,vit-base-patch16-224_batch2-inf,2,vit_h_14_batch8-train,12,35961.4603913098,67.45085472767737,10.815099777889127,40.24518066467102,3779001.50924272,2914.346235876293,35961.4603913098,67.45085472767737,10.815099777889127,40.24518066467102,3779001.50924272,2914.346235876293,496067.9989140645,33.65768151737584,59.00252471417957,78.60977177747729,16690912.72524413,3652.032077044045,36.58081373646883,36.75401997093432,8.727669439519978,63.42342342342342,29.454545454545453,4.181818181818182,1.6,63.42342342342342,29.454545454545453,4.181818181818182,1.6,9.500815660685156,96.99371069182388,32.52201,17.4
bert-base-cased_batch8-train,5,whisper-large-v2_batch8-inf,6,bert-base-cased_batch2-train,7,282529.3614028022,53.30323833870383,33.27643892259864,72.11510146261294,13680331.758935943,5646.101384772973,5661591.512012222,33.63998724849095,55.31684738960696,64.7932709326375,117732415.08983348,1056.3817410779272,190287.54368530755,50.355027213149135,39.03476297296079,70.42541520673052,11074376.322716216,8536.651206481605,9.263975927878407,2.834218464258481,2.2527159048801004,29.24021138236145,96.7,45.2,4.9,10.73243670597552,45.11811023622048,19.79265091863517,11.4,23.23807288304677,97.27272727272728,47.76623376623377,3.1
bert-base-cased_batch2-train,7,vit-base-patch16-224_batch8-inf,8,bert-base-cased_batch8-inf,13,190287.54368530755,50.355027213149135,39.03476297296079,70.42541520673052,11074376.322716216,8536.651206481605,109686.3558871527,80.57405153349794,12.838127168904558,56.01186382090581,8835599.308909625,6234.131132549218,321403.49372387805,68.94063933472631,16.380971505511898,69.15212811160453,16463690.915910697,7439.555750717122,5.434419474821265,46.66492779740592,74.88955223880598,23.23807288304677,97.27272727272728,47.76623376623377,3.1,79.59099074202018,27.05555555555556,6.055555555555555,3.1,98.34844157456848,96.0,38.0,1.4
wav2vec2-base-960h_batch8-inf,4,albert-base-v2_batch2-train,10,whisper-large-v2_batch2-inf,11,682756.7824714864,62.780644321909016,21.0702801326792,64.2385060757653,27973292.570635416,74003.0752817931,411285.4853574395,58.4276542042436,34.26425178992512,68.37910891218571,15451966.342910131,11099.815030370692,407273.6437354477,71.71888252706013,17.28196639963645,63.66662208308519,15566445.000576952,10410.317650169076,40.2423805786772,6.0278880604241305,1.5182691731426174,66.49987894439512,18.24,6.6,11.4,25.6782694402656,97.0,43.0,2.3,1.7085028704506966,37.63403263403264,16.834498834498834,8.3
bert-base-cased_batch2-inf,0,vit-base-patch16-224_batch8-inf,8,vit_h_14_batch8-train,12,210588.1095979778,73.11711703442735,15.196149452714376,63.87781954030234,14134984.63908432,13218.430422937075,109686.3558871527,80.57405153349794,12.838127168904558,56.01186382090581,8835599.308909625,6234.131132549218,496067.9989140645,33.65768151737584,59.00252471417957,78.60977177747729,16690912.72524413,3652.032077044045,42.657380706240815,51.714926808419705,8.474576271186441,84.1300191204589,92.5,40.0,1.2,79.59099074202018,27.05555555555556,6.055555555555555,3.1,9.500815660685156,96.99371069182388,32.52201,17.4
vit-base-patch16-224_batch2-inf,2,vit-base-patch16-224_batch2-inf,2,wav2vec2-base-960h_batch8-inf,4,35961.4603913098,67.45085472767737,10.815099777889127,40.24518066467102,3779001.50924272,2914.346235876293,35961.4603913098,67.45085472767737,10.815099777889127,40.24518066467102,3779001.50924272,2914.346235876293,682756.7824714864,62.780644321909016,21.0702801326792,64.2385060757653,27973292.570635416,74003.0752817931,28.355455893522368,28.371874208374045,57.10188384068835,63.42342342342342,29.454545454545453,4.181818181818182,1.6,63.42342342342342,29.454545454545453,4.181818181818182,1.6,66.49987894439512,18.24,6.6,11.4
bert-base-cased_batch2-inf,0,bert-base-cased_batch2-inf,0,whisper-large-v2_batch2-inf,11,210588.1095979778,73.11711703442735,15.196149452714376,63.87781954030234,14134984.63908432,13218.430422937075,210588.1095979778,73.11711703442735,15.196149452714376,63.87781954030234,14134984.63908432,13218.430422937075,407273.6437354477,71.71888252706013,17.28196639963645,63.66662208308519,15566445.000576952,10410.317650169076,47.723399074750425,48.57496902106568,3.2310177705977385,84.1300191204589,92.5,40.0,1.2,84.1300191204589,92.5,40.0,1.2,1.7085028704506966,37.63403263403264,16.834498834498834,8.3
bert-base-cased_batch8-train,5,wav2vec2-base-960h_batch2-inf,9,whisper-large-v2_batch2-inf,11,282529.3614028022,53.30323833870383,33.27643892259864,72.11510146261294,13680331.758935943,5646.101384772973,433609.84467992425,57.0700600941506,17.092804399867166,53.26075574181553,16058013.73841052,15230.693561487396,407273.6437354477,71.71888252706013,17.28196639963645,63.66662208308519,15566445.000576952,10410.317650169076,16.75915401929977,17.58844830300713,1.5269118208423464,29.24021138236145,96.7,45.2,4.9,17.806821914492676,17.464285714285715,5.428571428571429,3.9,1.7085028704506966,37.63403263403264,16.834498834498834,8.3
wav2vec2-base-960h_batch2-inf,9,albert-base-v2_batch2-train,10,vit_h_14_batch8-train,12,433609.84467992425,57.0700600941506,17.092804399867166,53.26075574181553,16058013.73841052,15230.693561487396,411285.4853574395,58.4276542042436,34.26425178992512,68.37910891218571,15451966.342910131,11099.815030370692,496067.9989140645,33.65768151737584,59.00252471417957,78.60977177747729,16690912.72524413,3652.032077044045,20.78405315614618,7.6071256620125185,6.110535217415025,17.806821914492676,17.464285714285715,5.428571428571429,3.9,25.6782694402656,97.0,43.0,2.3,9.500815660685156,96.99371069182388,32.52201,17.4
bert-base-cased_batch2-inf,0,albert-base-v2_batch8-train,1,vit_h_14_batch8-train,12,210588.1095979778,73.11711703442735,15.196149452714376,63.87781954030234,14134984.63908432,13218.430422937075,2011555.2744192549,48.32407816574221,50.96574818117043,78.11175775979989,42373993.86889671,8963.297179442388,496067.9989140645,33.65768151737584,59.00252471417957,78.60977177747729,16690912.72524413,3652.032077044045,19.73319909388372,15.414624863218991,4.48542237727386,84.1300191204589,92.5,40.0,1.2,29.67588370763072,97.38028169014083,46.74647887323944,6.6,9.500815660685156,96.99371069182388,32.52201,17.4
albert-base-v2_batch8-train,1,vit-base-patch16-224_batch2-inf,2,bert-base-cased_batch2-train,7,2011555.2744192549,48.32407816574221,50.96574818117043,78.11175775979989,42373993.86889671,8963.297179442388,35961.4603913098,67.45085472767737,10.815099777889127,40.24518066467102,3779001.50924272,2914.346235876293,190287.54368530755,50.355027213149135,39.03476297296079,70.42541520673052,11074376.322716216,8536.651206481605,23.46762027155389,24.01225114854518,6.192667187545215,29.67588370763072,97.38028169014083,46.74647887323944,6.6,63.42342342342342,29.454545454545453,4.181818181818182,1.6,23.23807288304677,97.27272727272728,47.76623376623377,3.1
albert-base-v2_batch8-train,1,vit_h_14_batch2-train,3,bert-base-cased_batch8-train,5,2011555.2744192549,48.32407816574221,50.96574818117043,78.11175775979989,42373993.86889671,8963.297179442388,183316.888392316,44.95736442315827,46.30171509953436,72.30406066464882,9279376.251384592,6320.710134302391,282529.3614028022,53.30323833870383,33.27643892259864,72.11510146261294,13680331.758935943,5646.101384772973,15.010389223999349,1.4474685149184348,13.195559924240609,29.67588370763072,97.38028169014083,46.74647887323944,6.6,6.908856242645105,97.51923076923076,47.9423,14.3,29.24021138236145,96.7,45.2,4.9
bert-base-cased_batch2-train,7,wav2vec2-base-960h_batch2-inf,9,wav2vec2-base-960h_batch2-inf,9,190287.54368530755,50.355027213149135,39.03476297296079,70.42541520673052,11074376.322716216,8536.651206481605,433609.84467992425,57.0700600941506,17.092804399867166,53.26075574181553,16058013.73841052,15230.693561487396,433609.84467992425,57.0700600941506,17.092804399867166,53.26075574181553,16058013.73841052,15230.693561487396,7.426483799484938,25.394557381308047,25.185185185185183,23.23807288304677,97.27272727272728,47.76623376623377,3.1,17.806821914492676,17.464285714285715,5.428571428571429,3.9,17.806821914492676,17.464285714285715,5.428571428571429,3.9
bert-base-cased_batch2-inf,0,bert-base-cased_batch8-inf,13,bert-base-cased_batch8-inf,13,210588.1095979778,73.11711703442735,15.196149452714376,63.87781954030234,14134984.63908432,13218.430422937075,321403.49372387805,68.94063933472631,16.380971505511898,69.15212811160453,16463690.915910697,7439.555750717122,321403.49372387805,68.94063933472631,16.380971505511898,69.15212811160453,16463690.915910697,7439.555750717122,13.168281908729028,46.88749938778509,46.67992306940053,84.1300191204589,92.5,40.0,1.2,98.34844157456848,96.0,38.0,1.4,98.34844157456848,96.0,38.0,1.4
bert-base-cased_batch2-train,7,albert-base-v2_batch2-train,10,bert-base-cased_batch8-inf,13,190287.54368530755,50.355027213149135,39.03476297296079,70.42541520673052,11074376.322716216,8536.651206481605,411285.4853574395,58.4276542042436,34.26425178992512,68.37910891218571,15451966.342910131,11099.815030370692,321403.49372387805,68.94063933472631,16.380971505511898,69.15212811160453,16463690.915910697,7439.555750717122,4.953721809412071,6.529559774584625,72.236426876742,23.23807288304677,97.27272727272728,47.76623376623377,3.1,25.6782694402656,97.0,43.0,2.3,98.34844157456848,96.0,38.0,1.4
vit_h_14_batch2-train,3,albert-base-v2_batch2-train,10,albert-base-v2_batch2-train,10,183316.888392316,44.95736442315827,46.30171509953436,72.30406066464882,9279376.251384592,6320.710134302391,411285.4853574395,58.4276542042436,34.26425178992512,68.37910891218571,15451966.342910131,11099.815030370692,411285.4853574395,58.4276542042436,34.26425178992512,68.37910891218571,15451966.342910131,11099.815030370692,3.0463836477987423,9.709243303745737,10.489322888721963,6.908856242645105,97.51923076923076,47.9423,14.3,25.6782694402656,97.0,43.0,2.3,25.6782694402656,97.0,43.0,2.3
bert-base-cased_batch2-inf,0,vit-base-patch16-224_batch2-inf,2,albert-base-v2_batch2-train,10,210588.1095979778,73.11711703442735,15.196149452714376,63.87781954030234,14134984.63908432,13218.430422937075,35961.4603913098,67.45085472767737,10.815099777889127,40.24518066467102,3779001.50924272,2914.346235876293,411285.4853574395,58.4276542042436,34.26425178992512,68.37910891218571,15451966.342910131,11099.815030370692,46.95454273222735,35.682023486901535,14.032031741423523,84.1300191204589,92.5,40.0,1.2,63.42342342342342,29.454545454545453,4.181818181818182,1.6,25.6782694402656,97.0,43.0,2.3
bert-base-cased_batch8-inf,13,bert-base-cased_batch8-inf,13,bert-base-cased_batch8-inf,13,321403.49372387805,68.94063933472631,16.380971505511898,69.15212811160453,16463690.915910697,7439.555750717122,321403.49372387805,68.94063933472631,16.380971505511898,69.15212811160453,16463690.915910697,7439.555750717122,321403.49372387805,68.94063933472631,16.380971505511898,69.15212811160453,16463690.915910697,7439.555750717122,35.901134503325665,35.90771168489151,35.91511389534684,98.34844157456848,96.0,38.0,1.4,98.34844157456848,96.0,38.0,1.4,98.34844157456848,96.0,38.0,1.4
vit_h_14_batch2-train,3,bert-base-cased_batch8-train,5,whisper-large-v2_batch2-inf,11,183316.888392316,44.95736442315827,46.30171509953436,72.30406066464882,9279376.251384592,6320.710134302391,282529.3614028022,53.30323833870383,33.27643892259864,72.11510146261294,13680331.758935943,5646.101384772973,407273.6437354477,71.71888252706013,17.28196639963645,63.66662208308519,15566445.000576952,10410.317650169076,2.395587387183115,14.608425998141255,1.522081598794511,6.908856242645105,97.51923076923076,47.9423,14.3,29.24021138236145,96.7,45.2,4.9,1.7085028704506966,37.63403263403264,16.834498834498834,8.3
vit-base-patch16-224_batch2-inf,2,bert-base-cased_batch8-train,5,vit_h_14_batch8-train,12,35961.4603913098,67.45085472767737,10.815099777889127,40.24518066467102,3779001.50924272,2914.346235876293,282529.3614028022,53.30323833870383,33.27643892259864,72.11510146261294,13680331.758935943,5646.101384772973,496067.9989140645,33.65768151737584,59.00252471417957,78.60977177747729,16690912.72524413,3652.032077044045,21.512457468993524,15.816034545549138,5.804219220895189,63.42342342342342,29.454545454545453,4.181818181818182,1.6,29.24021138236145,96.7,45.2,4.9,9.500815660685156,96.99371069182388,32.52201,17.4
whisper-large-v2_batch8-inf,6,vit_h_14_batch8-train,12,bert-base-cased_batch8-inf,13,5661591.512012222,33.63998724849095,55.31684738960696,64.7932709326375,117732415.08983348,1056.3817410779272,496067.9989140645,33.65768151737584,59.00252471417957,78.60977177747729,16690912.72524413,3652.032077044045,321403.49372387805,68.94063933472631,16.380971505511898,69.15212811160453,16463690.915910697,7439.555750717122,2.08750108724015,2.5720578069992124,35.08065418260733,10.73243670597552,45.11811023622048,19.79265091863517,11.4,9.500815660685156,96.99371069182388,32.52201,17.4,98.34844157456848,96.0,38.0,1.4
bert-base-cased_batch2-inf,0,albert-base-v2_batch8-train,1,albert-base-v2_batch8-train,1,210588.1095979778,73.11711703442735,15.196149452714376,63.87781954030234,14134984.63908432,13218.430422937075,2011555.2744192549,48.32407816574221,50.96574818117043,78.11175775979989,42373993.86889671,8963.297179442388,2011555.2744192549,48.32407816574221,50.96574818117043,78.11175775979989,42373993.86889671,8963.297179442388,16.86565558782403,14.481333986413102,13.5808836169847,84.1300191204589,92.5,40.0,1.2,29.67588370763072,97.38028169014083,46.74647887323944,6.6,29.67588370763072,97.38028169014083,46.74647887323944,6.6
albert-base-v2_batch8-train,1,vit-base-patch16-224_batch8-inf,8,wav2vec2-base-960h_batch2-inf,9,2011555.2744192549,48.32407816574221,50.96574818117043,78.11175775979989,42373993.86889671,8963.297179442388,109686.3558871527,80.57405153349794,12.838127168904558,56.01186382090581,8835599.308909625,6234.131132549218,433609.84467992425,57.0700600941506,17.092804399867166,53.26075574181553,16058013.73841052,15230.693561487396,19.776630026928,44.57700399990752,18.41343097318044,29.67588370763072,97.38028169014083,46.74647887323944,6.6,79.59099074202018,27.05555555555556,6.055555555555555,3.1,17.806821914492676,17.464285714285715,5.428571428571429,3.9
vit-base-patch16-224_batch8-inf,8,wav2vec2-base-960h_batch2-inf,9,wav2vec2-base-960h_batch2-inf,9,109686.3558871527,80.57405153349794,12.838127168904558,56.01186382090581,8835599.308909625,6234.131132549218,433609.84467992425,57.0700600941506,17.092804399867166,53.26075574181553,16058013.73841052,15230.693561487396,433609.84467992425,57.0700600941506,17.092804399867166,53.26075574181553,16058013.73841052,15230.693561487396,56.80913193522697,26.585075641679417,26.68486606381164,79.59099074202018,27.05555555555556,6.055555555555555,3.1,17.806821914492676,17.464285714285715,5.428571428571429,3.9,17.806821914492676,17.464285714285715,5.428571428571429,3.9
albert-base-v2_batch8-train,1,wav2vec2-base-960h_batch8-inf,4,wav2vec2-base-960h_batch2-inf,9,2011555.2744192549,48.32407816574221,50.96574818117043,78.11175775979989,42373993.86889671,8963.297179442388,682756.7824714864,62.780644321909016,21.0702801326792,64.2385060757653,27973292.570635416,74003.0752817931,433609.84467992425,57.0700600941506,17.092804399867166,53.26075574181553,16058013.73841052,15230.693561487396,12.265143544265744,35.98971722365039,12.000675229808328,29.67588370763072,97.38028169014083,46.74647887323944,6.6,66.49987894439512,18.24,6.6,11.4,17.806821914492676,17.464285714285715,5.428571428571429,3.9
vit-base-patch16-224_batch2-inf,2,vit-base-patch16-224_batch2-inf,2,vit_h_14_batch2-train,3,35961.4603913098,67.45085472767737,10.815099777889127,40.24518066467102,3779001.50924272,2914.346235876293,35961.4603913098,67.45085472767737,10.815099777889127,40.24518066467102,3779001.50924272,2914.346235876293,183316.888392316,44.95736442315827,46.30171509953436,72.30406066464882,9279376.251384592,6320.710134302391,49.65796807702052,49.70834390058331,5.811286129377581,63.42342342342342,29.454545454545453,4.181818181818182,1.6,63.42342342342342,29.454545454545453,4.181818181818182,1.6,6.908856242645105,97.51923076923076,47.9423,14.3
bert-base-cased_batch8-train,5,bert-base-cased_batch8-train,5,wav2vec2-base-960h_batch2-inf,9,282529.3614028022,53.30323833870383,33.27643892259864,72.11510146261294,13680331.758935943,5646.101384772973,282529.3614028022,53.30323833870383,33.27643892259864,72.11510146261294,13680331.758935943,5646.101384772973,433609.84467992425,57.0700600941506,17.092804399867166,53.26075574181553,16058013.73841052,15230.693561487396,12.82446513348542,14.054296978734705,15.590111642743222,29.24021138236145,96.7,45.2,4.9,29.24021138236145,96.7,45.2,4.9,17.806821914492676,17.464285714285715,5.428571428571429,3.9
vit_h_14_batch2-train,3,wav2vec2-base-960h_batch8-inf,4,bert-base-cased_batch8-inf,13,183316.888392316,44.95736442315827,46.30171509953436,72.30406066464882,9279376.251384592,6320.710134302391,682756.7824714864,62.780644321909016,21.0702801326792,64.2385060757653,27973292.570635416,74003.0752817931,321403.49372387805,68.94063933472631,16.380971505511898,69.15212811160453,16463690.915910697,7439.555750717122,1.175353736268704,34.99084541834985,47.14229878837076,6.908856242645105,97.51923076923076,47.9423,14.3,66.49987894439512,18.24,6.6,11.4,98.34844157456848,96.0,38.0,1.4
albert-base-v2_batch8-train,1,wav2vec2-base-960h_batch8-inf,4,vit-base-patch16-224_batch8-inf,8,2011555.2744192549,48.32407816574221,50.96574818117043,78.11175775979989,42373993.86889671,8963.297179442388,682756.7824714864,62.780644321909016,21.0702801326792,64.2385060757653,27973292.570635416,74003.0752817931,109686.3558871527,80.57405153349794,12.838127168904558,56.01186382090581,8835599.308909625,6234.131132549218,14.374839566522695,36.27045140942244,36.526276556093926,29.67588370763072,97.38028169014083,46.74647887323944,6.6,66.49987894439512,18.24,6.6,11.4,79.59099074202018,27.05555555555556,6.055555555555555,3.1
bert-base-cased_batch8-train,5,albert-base-v2_batch2-train,10,albert-base-v2_batch2-train,10,282529.3614028022,53.30323833870383,33.27643892259864,72.11510146261294,13680331.758935943,5646.101384772973,411285.4853574395,58.4276542042436,34.26425178992512,68.37910891218571,15451966.342910131,11099.815030370692,411285.4853574395,58.4276542042436,34.26425178992512,68.37910891218571,15451966.342910131,11099.815030370692,18.16892579309211,7.193888167738484,7.89891011201907,29.24021138236145,96.7,45.2,4.9,25.6782694402656,97.0,43.0,2.3,25.6782694402656,97.0,43.0,2.3
bert-base-cased_batch2-train,7,whisper-large-v2_batch2-inf,11,vit_h_14_batch8-train,12,190287.54368530755,50.355027213149135,39.03476297296079,70.42541520673052,11074376.322716216,8536.651206481605,407273.6437354477,71.71888252706013,17.28196639963645,63.66662208308519,15566445.000576952,10410.317650169076,496067.9989140645,33.65768151737584,59.00252471417957,78.60977177747729,16690912.72524413,3652.032077044045,4.126932190598827,1.3990420973027475,5.65262968904745,23.23807288304677,97.27272727272728,47.76623376623377,3.1,1.7085028704506966,37.63403263403264,16.834498834498834,8.3,9.500815660685156,96.99371069182388,32.52201,17.4
albert-base-v2_batch8-train,1,albert-base-v2_batch8-train,1,bert-base-cased_batch8-inf,13,2011555.2744192549,48.32407816574221,50.96574818117043,78.11175775979989,42373993.86889671,8963.297179442388,2011555.2744192549,48.32407816574221,50.96574818117043,78.11175775979989,42373993.86889671,8963.297179442388,321403.49372387805,68.94063933472631,16.380971505511898,69.15212811160453,16463690.915910697,7439.555750717122,10.93614448329346,10.276576222309608,41.72154593228231,29.67588370763072,97.38028169014083,46.74647887323944,6.6,29.67588370763072,97.38028169014083,46.74647887323944,6.6,98.34844157456848,96.0,38.0,1.4
bert-base-cased_batch8-train,5,bert-base-cased_batch2-train,7,vit-base-patch16-224_batch8-inf,8,282529.3614028022,53.30323833870383,33.27643892259864,72.11510146261294,13680331.758935943,5646.101384772973,190287.54368530755,50.355027213149135,39.03476297296079,70.42541520673052,11074376.322716216,8536.651206481605,109686.3558871527,80.57405153349794,12.838127168904558,56.01186382090581,8835599.308909625,6234.131132549218,21.45495046602966,6.494452048810321,47.6979938248133,29.24021138236145,96.7,45.2,4.9,23.23807288304677,97.27272727272728,47.76623376623377,3.1,79.59099074202018,27.05555555555556,6.055555555555555,3.1
vit-base-patch16-224_batch8-inf,8,wav2vec2-base-960h_batch2-inf,9,albert-base-v2_batch2-train,10,109686.3558871527,80.57405153349794,12.838127168904558,56.01186382090581,8835599.308909625,6234.131132549218,433609.84467992425,57.0700600941506,17.092804399867166,53.26075574181553,16058013.73841052,15230.693561487396,411285.4853574395,58.4276542042436,34.26425178992512,68.37910891218571,15451966.342910131,11099.815030370692,57.80845556514237,28.76268942180374,12.73965691220989,79.59099074202018,27.05555555555556,6.055555555555555,3.1,17.806821914492676,17.464285714285715,5.428571428571429,3.9,25.6782694402656,97.0,43.0,2.3
bert-base-cased_batch2-inf,0,bert-base-cased_batch8-train,5,vit-base-patch16-224_batch8-inf,8,210588.1095979778,73.11711703442735,15.196149452714376,63.87781954030234,14134984.63908432,13218.430422937075,282529.3614028022,53.30323833870383,33.27643892259864,72.11510146261294,13680331.758935943,5646.101384772973,109686.3558871527,80.57405153349794,12.838127168904558,56.01186382090581,8835599.308909625,6234.131132549218,28.82670882817958,19.47168730760971,49.67500635462435,84.1300191204589,92.5,40.0,1.2,29.24021138236145,96.7,45.2,4.9,79.59099074202018,27.05555555555556,6.055555555555555,3.1
vit-base-patch16-224_batch2-inf,2,vit-base-patch16-224_batch8-inf,8,albert-base-v2_batch2-train,10,35961.4603913098,67.45085472767737,10.815099777889127,40.24518066467102,3779001.50924272,2914.346235876293,109686.3558871527,80.57405153349794,12.838127168904558,56.01186382090581,8835599.308909625,6234.131132549218,411285.4853574395,58.4276542042436,34.26425178992512,68.37910891218571,15451966.342910131,11099.815030370692,41.118162269890384,65.08111212135714,18.853167579138024,63.42342342342342,29.454545454545453,4.181818181818182,1.6,79.59099074202018,27.05555555555556,6.055555555555555,3.1,25.6782694402656,97.0,43.0,2.3
wav2vec2-base-960h_batch8-inf,4,wav2vec2-base-960h_batch8-inf,4,bert-base-cased_batch2-train,7,682756.7824714864,62.780644321909016,21.0702801326792,64.2385060757653,27973292.570635416,74003.0752817931,682756.7824714864,62.780644321909016,21.0702801326792,64.2385060757653,27973292.570635416,74003.0752817931,190287.54368530755,50.355027213149135,39.03476297296079,70.42541520673052,11074376.322716216,8536.651206481605,33.82499243046845,33.82096943354201,3.991153628555264,66.49987894439512,18.24,6.6,11.4,66.49987894439512,18.24,6.6,11.4,23.23807288304677,97.27272727272728,47.76623376623377,3.1
albert-base-v2_batch8-train,1,bert-base-cased_batch8-train,5,bert-base-cased_batch8-inf,13,2011555.2744192549,48.32407816574221,50.96574818117043,78.11175775979989,42373993.86889671,8963.297179442388,282529.3614028022,53.30323833870383,33.27643892259864,72.11510146261294,13680331.758935943,5646.101384772973,321403.49372387805,68.94063933472631,16.380971505511898,69.15212811160453,16463690.915910697,7439.555750717122,11.468405666741624,9.12899205717632,45.12230215827338,29.67588370763072,97.38028169014083,46.74647887323944,6.6,29.24021138236145,96.7,45.2,4.9,98.34844157456848,96.0,38.0,1.4
wav2vec2-base-960h_batch8-inf,4,wav2vec2-base-960h_batch2-inf,9,bert-base-cased_batch8-inf,13,682756.7824714864,62.780644321909016,21.0702801326792,64.2385060757653,27973292.570635416,74003.0752817931,433609.84467992425,57.0700600941506,17.092804399867166,53.26075574181553,16058013.73841052,15230.693561487396,321403.49372387805,68.94063933472631,16.380971505511898,69.15212811160453,16463690.915910697,7439.555750717122,32.850268813411034,11.330377582659596,44.484162446628936,66.49987894439512,18.24,6.6,11.4,17.806821914492676,17.464285714285715,5.428571428571429,3.9,98.34844157456848,96.0,38.0,1.4
vit-base-patch16-224_batch8-inf,8,albert-base-v2_batch2-train,10,whisper-large-v2_batch2-inf,11,109686.3558871527,80.57405153349794,12.838127168904558,56.01186382090581,8835599.308909625,6234.131132549218,411285.4853574395,58.4276542042436,34.26425178992512,68.37910891218571,15451966.342910131,11099.815030370692,407273.6437354477,71.71888252706013,17.28196639963645,63.66662208308519,15566445.000576952,10410.317650169076,50.747621205256,11.765059878437745,2.291007794406953,79.59099074202018,27.05555555555556,6.055555555555555,3.1,25.6782694402656,97.0,43.0,2.3,1.7085028704506966,37.63403263403264,16.834498834498834,8.3
whisper-large-v2_batch8-inf,6,whisper-large-v2_batch8-inf,6,albert-base-v2_batch2-train,10,5661591.512012222,33.63998724849095,55.31684738960696,64.7932709326375,117732415.08983348,1056.3817410779272,5661591.512012222,33.63998724849095,55.31684738960696,64.7932709326375,117732415.08983348,1056.3817410779272,411285.4853574395,58.4276542042436,34.26425178992512,68.37910891218571,15451966.342910131,11099.815030370692,1.8564135518189284,2.001052277490749,4.503570605851187,10.73243670597552,45.11811023622048,19.79265091863517,11.4,10.73243670597552,45.11811023622048,19.79265091863517,11.4,25.6782694402656,97.0,43.0,2.3
bert-base-cased_batch2-inf,0,albert-base-v2_batch8-train,1,whisper-large-v2_batch2-inf,11,210588.1095979778,73.11711703442735,15.196149452714376,63.87781954030234,14134984.63908432,13218.430422937075,2011555.2744192549,48.32407816574221,50.96574818117043,78.11175775979989,42373993.86889671,8963.297179442388,407273.6437354477,71.71888252706013,17.28196639963645,63.66662208308519,15566445.000576952,10410.317650169076,24.16099109371629,19.450072358900147,1.7248814144027598,84.1300191204589,92.5,40.0,1.2,29.67588370763072,97.38028169014083,46.74647887323944,6.6,1.7085028704506966,37.63403263403264,16.834498834498834,8.3
vit_h_14_batch2-train,3,whisper-large-v2_batch8-inf,6,albert-base-v2_batch2-train,10,183316.888392316,44.95736442315827,46.30171509953436,72.30406066464882,9279376.251384592,6320.710134302391,5661591.512012222,33.63998724849095,55.31684738960696,64.7932709326375,117732415.08983348,1056.3817410779272,411285.4853574395,58.4276542042436,34.26425178992512,68.37910891218571,15451966.342910131,11099.815030370692,1.4113309715141564,3.057904403195883,5.137470025950136,6.908856242645105,97.51923076923076,47.9423,14.3,10.73243670597552,45.11811023622048,19.79265091863517,11.4,25.6782694402656,97.0,43.0,2.3
bert-base-cased_batch2-train,7,whisper-large-v2_batch2-inf,11,whisper-large-v2_batch2-inf,11,190287.54368530755,50.355027213149135,39.03476297296079,70.42541520673052,11074376.322716216,8536.651206481605,407273.6437354477,71.71888252706013,17.28196639963645,63.66662208308519,15566445.000576952,10410.317650169076,407273.6437354477,71.71888252706013,17.28196639963645,63.66662208308519,15566445.000576952,10410.317650169076,6.962002777678857,1.6203927638579858,1.7958836456438003,23.23807288304677,97.27272727272728,47.76623376623377,3.1,1.7085028704506966,37.63403263403264,16.834498834498834,8.3,1.7085028704506966,37.63403263403264,16.834498834498834,8.3
vit_h_14_batch8-train,12,bert-base-cased_batch8-inf,13,bert-base-cased_batch8-inf,13,496067.9989140645,33.65768151737584,59.00252471417957,78.60977177747729,16690912.72524413,3652.032077044045,321403.49372387805,68.94063933472631,16.380971505511898,69.15212811160453,16463690.915910697,7439.555750717122,321403.49372387805,68.94063933472631,16.380971505511898,69.15212811160453,16463690.915910697,7439.555750717122,3.147885014755712,40.43164911104521,40.59967375262163,9.500815660685156,96.99371069182388,32.52201,17.4,98.34844157456848,96.0,38.0,1.4,98.34844157456848,96.0,38.0,1.4
vit-base-patch16-224_batch2-inf,2,albert-base-v2_batch2-train,10,vit_h_14_batch8-train,12,35961.4603913098,67.45085472767737,10.815099777889127,40.24518066467102,3779001.50924272,2914.346235876293,411285.4853574395,58.4276542042436,34.26425178992512,68.37910891218571,15451966.342910131,11099.815030370692,496067.9989140645,33.65768151737584,59.00252471417957,78.60977177747729,16690912.72524413,3652.032077044045,31.41654978962132,12.76509523166284,7.373271889400922,63.42342342342342,29.454545454545453,4.181818181818182,1.6,25.6782694402656,97.0,43.0,2.3,9.500815660685156,96.99371069182388,32.52201,17.4
wav2vec2-base-960h_batch8-inf,4,bert-base-cased_batch8-train,5,whisper-large-v2_batch2-inf,11,682756.7824714864,62.780644321909016,21.0702801326792,64.2385060757653,27973292.570635416,74003.0752817931,282529.3614028022,53.30323833870383,33.27643892259864,72.11510146261294,13680331.758935943,5646.101384772973,407273.6437354477,71.71888252706013,17.28196639963645,63.66662208308519,15566445.000576952,10410.317650169076,35.31789492700442,12.46497029481,1.1610417711164474,66.49987894439512,18.24,6.6,11.4,29.24021138236145,96.7,45.2,4.9,1.7085028704506966,37.63403263403264,16.834498834498834,8.3
bert-base-cased_batch2-inf,0,bert-base-cased_batch2-inf,0,bert-base-cased_batch8-inf,13,210588.1095979778,73.11711703442735,15.196149452714376,63.87781954030234,14134984.63908432,13218.430422937075,210588.1095979778,73.11711703442735,15.196149452714376,63.87781954030234,14134984.63908432,13218.430422937075,321403.49372387805,68.94063933472631,16.380971505511898,69.15212811160453,16463690.915910697,7439.555750717122,18.378733180177225,18.371842339597883,68.35911079045859,84.1300191204589,92.5,40.0,1.2,84.1300191204589,92.5,40.0,1.2,98.34844157456848,96.0,38.0,1.4
bert-base-cased_batch2-inf,0,bert-base-cased_batch2-train,7,bert-base-cased_batch2-train,7,210588.1095979778,73.11711703442735,15.196149452714376,63.87781954030234,14134984.63908432,13218.430422937075,190287.54368530755,50.355027213149135,39.03476297296079,70.42541520673052,11074376.322716216,8536.651206481605,190287.54368530755,50.355027213149135,39.03476297296079,70.42541520673052,11074376.322716216,8536.651206481605,41.646746347941566,8.011826982688731,9.289539788615574,84.1300191204589,92.5,40.0,1.2,23.23807288304677,97.27272727272728,47.76623376623377,3.1,23.23807288304677,97.27272727272728,47.76623376623377,3.1
albert-base-v2_batch8-train,1,whisper-large-v2_batch8-inf,6,bert-base-cased_batch2-train,7,2011555.2744192549,48.32407816574221,50.96574818117043,78.11175775979989,42373993.86889671,8963.297179442388,5661591.512012222,33.63998724849095,55.31684738960696,64.7932709326375,117732415.08983348,1056.3817410779272,190287.54368530755,50.355027213149135,39.03476297296079,70.42541520673052,11074376.322716216,8536.651206481605,15.705337945218286,1.3751847904562176,4.0979311212191085,29.67588370763072,97.38028169014083,46.74647887323944,6.6,10.73243670597552,45.11811023622048,19.79265091863517,11.4,23.23807288304677,97.27272727272728,47.76623376623377,3.1
albert-base-v2_batch8-train,1,bert-base-cased_batch8-inf,13,bert-base-cased_batch8-inf,13,2011555.2744192549,48.32407816574221,50.96574818117043,78.11175775979989,42373993.86889671,8963.297179442388,321403.49372387805,68.94063933472631,16.380971505511898,69.15212811160453,16463690.915910697,7439.555750717122,321403.49372387805,68.94063933472631,16.380971505511898,69.15212811160453,16463690.915910697,7439.555750717122,9.776670181155948,39.402925064080016,39.21078296531547,29.67588370763072,97.38028169014083,46.74647887323944,6.6,98.34844157456848,96.0,38.0,1.4,98.34844157456848,96.0,38.0,1.4
vit-base-patch16-224_batch2-inf,2,wav2vec2-base-960h_batch8-inf,4,whisper-large-v2_batch2-inf,11,35961.4603913098,67.45085472767737,10.815099777889127,40.24518066467102,3779001.50924272,2914.346235876293,682756.7824714864,62.780644321909016,21.0702801326792,64.2385060757653,27973292.570635416,74003.0752817931,407273.6437354477,71.71888252706013,17.28196639963645,63.66662208308519,15566445.000576952,10410.317650169076,24.3705315511346,47.63131529984256,1.7600469345849223,63.42342342342342,29.454545454545453,4.181818181818182,1.6,66.49987894439512,18.24,6.6,11.4,1.7085028704506966,37.63403263403264,16.834498834498834,8.3
bert-base-cased_batch2-inf,0,albert-base-v2_batch8-train,1,bert-base-cased_batch8-train,5,210588.1095979778,73.11711703442735,15.196149452714376,63.87781954030234,14134984.63908432,13218.430422937075,2011555.2744192549,48.32407816574221,50.96574818117043,78.11175775979989,42373993.86889671,8963.297179442388,282529.3614028022,53.30323833870383,33.27643892259864,72.11510146261294,13680331.758935943,5646.101384772973,18.981672033508463,15.32459644450674,12.586276898091755,84.1300191204589,92.5,40.0,1.2,29.67588370763072,97.38028169014083,46.74647887323944,6.6,29.24021138236145,96.7,45.2,4.9
vit_h_14_batch2-train,3,wav2vec2-base-960h_batch2-inf,9,bert-base-cased_batch8-inf,13,183316.888392316,44.95736442315827,46.30171509953436,72.30406066464882,9279376.251384592,6320.710134302391,433609.84467992425,57.0700600941506,17.092804399867166,53.26075574181553,16058013.73841052,15230.693561487396,321403.49372387805,68.94063933472631,16.380971505511898,69.15212811160453,16463690.915910697,7439.555750717122,1.8023014002495492,16.041683761385084,65.25584202093347,6.908856242645105,97.51923076923076,47.9423,14.3,17.806821914492676,17.464285714285715,5.428571428571429,3.9,98.34844157456848,96.0,38.0,1.4
vit-base-patch16-224_batch8-inf,8,albert-base-v2_batch2-train,10,vit_h_14_batch8-train,12,109686.3558871527,80.57405153349794,12.838127168904558,56.01186382090581,8835599.308909625,6234.131132549218,411285.4853574395,58.4276542042436,34.26425178992512,68.37910891218571,15451966.342910131,11099.815030370692,496067.9989140645,33.65768151737584,59.00252471417957,78.60977177747729,16690912.72524413,3652.032077044045,45.7803535714807,8.411517308314462,6.900517538815411,79.59099074202018,27.05555555555556,6.055555555555555,3.1,25.6782694402656,97.0,43.0,2.3,9.500815660685156,96.99371069182388,32.52201,17.4
wav2vec2-base-960h_batch8-inf,4,wav2vec2-base-960h_batch2-inf,9,albert-base-v2_batch2-train,10,682756.7824714864,62.780644321909016,21.0702801326792,64.2385060757653,27973292.570635416,74003.0752817931,433609.84467992425,57.0700600941506,17.092804399867166,53.26075574181553,16058013.73841052,15230.693561487396,411285.4853574395,58.4276542042436,34.26425178992512,68.37910891218571,15451966.342910131,11099.815030370692,44.9646447349866,16.36325591127851,5.945531261986958,66.49987894439512,18.24,6.6,11.4,17.806821914492676,17.464285714285715,5.428571428571429,3.9,25.6782694402656,97.0,43.0,2.3
vit_h_14_batch2-train,3,bert-base-cased_batch8-inf,13,bert-base-cased_batch8-inf,13,183316.888392316,44.95736442315827,46.30171509953436,72.30406066464882,9279376.251384592,6320.710134302391,321403.49372387805,68.94063933472631,16.380971505511898,69.15212811160453,16463690.915910697,7439.555750717122,321403.49372387805,68.94063933472631,16.380971505511898,69.15212811160453,16463690.915910697,7439.555750717122,1.2436844150796735,48.8184563653912,48.638252993361874,6.908856242645105,97.51923076923076,47.9423,14.3,98.34844157456848,96.0,38.0,1.4,98.34844157456848,96.0,38.0,1.4
whisper-large-v2_batch8-inf,6,whisper-large-v2_batch8-inf,6,bert-base-cased_batch8-inf,13,5661591.512012222,33.63998724849095,55.31684738960696,64.7932709326375,117732415.08983348,1056.3817410779272,5661591.512012222,33.63998724849095,55.31684738960696,64.7932709326375,117732415.08983348,1056.3817410779272,321403.49372387805,68.94063933472631,16.380971505511898,69.15212811160453,16463690.915910697,7439.555750717122,1.6671529196015509,1.6144493214267694,35.750929113750885,10.73243670597552,45.11811023622048,19.79265091863517,11.4,10.73243670597552,45.11811023622048,19.79265091863517,11.4,98.34844157456848,96.0,38.0,1.4
wav2vec2-base-960h_batch2-inf,9,wav2vec2-base-960h_batch2-inf,9,vit_h_14_batch8-train,12,433609.84467992425,57.0700600941506,17.092804399867166,53.26075574181553,16058013.73841052,15230.693561487396,433609.84467992425,57.0700600941506,17.092804399867166,53.26075574181553,16058013.73841052,15230.693561487396,496067.9989140645,33.65768151737584,59.00252471417957,78.60977177747729,16690912.72524413,3652.032077044045,18.0972437573766,18.54398861750059,5.8013052936910805,17.806821914492676,17.464285714285715,5.428571428571429,3.9,17.806821914492676,17.464285714285715,5.428571428571429,3.9,9.500815660685156,96.99371069182388,32.52201,17.4
albert-base-v2_batch8-train,1,vit-base-patch16-224_batch2-inf,2,whisper-large-v2_batch2-inf,11,2011555.2744192549,48.32407816574221,50.96574818117043,78.11175775979989,42373993.86889671,8963.297179442388,35961.4603913098,67.45085472767737,10.815099777889127,40.24518066467102,3779001.50924272,2914.346235876293,407273.6437354477,71.71888252706013,17.28196639963645,63.66662208308519,15566445.000576952,10410.317650169076,22.4019912881145,24.30932374189948,1.7427675148135238,29.67588370763072,97.38028169014083,46.74647887323944,6.6,63.42342342342342,29.454545454545453,4.181818181818182,1.6,1.7085028704506966,37.63403263403264,16.834498834498834,8.3
bert-base-cased_batch8-train,5,vit_h_14_batch8-train,12,bert-base-cased_batch8-inf,13,282529.3614028022,53.30323833870383,33.27643892259864,72.11510146261294,13680331.758935943,5646.101384772973,496067.9989140645,33.65768151737584,59.00252471417957,78.60977177747729,16690912.72524413,3652.032077044045,321403.49372387805,68.94063933472631,16.380971505511898,69.15212811160453,16463690.915910697,7439.555750717122,8.712160233109152,3.870437117491957,46.275528272931176,29.24021138236145,96.7,45.2,4.9,9.500815660685156,96.99371069182388,32.52201,17.4,98.34844157456848,96.0,38.0,1.4
wav2vec2-base-960h_batch8-inf,4,wav2vec2-base-960h_batch8-inf,4,albert-base-v2_batch2-train,10,682756.7824714864,62.780644321909016,21.0702801326792,64.2385060757653,27973292.570635416,74003.0752817931,682756.7824714864,62.780644321909016,21.0702801326792,64.2385060757653,27973292.570635416,74003.0752817931,411285.4853574395,58.4276542042436,34.26425178992512,68.37910891218571,15451966.342910131,11099.815030370692,34.32233146067416,34.31404813620308,4.645449008454717,66.49987894439512,18.24,6.6,11.4,66.49987894439512,18.24,6.6,11.4,25.6782694402656,97.0,43.0,2.3
albert-base-v2_batch8-train,1,bert-base-cased_batch2-train,7,vit-base-patch16-224_batch8-inf,8,2011555.2744192549,48.32407816574221,50.96574818117043,78.11175775979989,42373993.86889671,8963.297179442388,190287.54368530755,50.355027213149135,39.03476297296079,70.42541520673052,11074376.322716216,8536.651206481605,109686.3558871527,80.57405153349794,12.838127168904558,56.01186382090581,8835599.308909625,6234.131132549218,21.842699133535785,5.830326186938371,46.53095139177399,29.67588370763072,97.38028169014083,46.74647887323944,6.6,23.23807288304677,97.27272727272728,47.76623376623377,3.1,79.59099074202018,27.05555555555556,6.055555555555555,3.1
albert-base-v2_batch8-train,1,bert-base-cased_batch8-train,5,whisper-large-v2_batch2-inf,11,2011555.2744192549,48.32407816574221,50.96574818117043,78.11175775979989,42373993.86889671,8963.297179442388,282529.3614028022,53.30323833870383,33.27643892259864,72.11510146261294,13680331.758935943,5646.101384772973,407273.6437354477,71.71888252706013,17.28196639963645,63.66662208308519,15566445.000576952,10410.317650169076,13.110191832954026,11.502854692374314,1.1712095400340716,29.67588370763072,97.38028169014083,46.74647887323944,6.6,29.24021138236145,96.7,45.2,4.9,1.7085028704506966,37.63403263403264,16.834498834498834,8.3
albert-base-v2_batch8-train,1,albert-base-v2_batch2-train,10,albert-base-v2_batch2-train,10,2011555.2744192549,48.32407816574221,50.96574818117043,78.11175775979989,42373993.86889671,8963.297179442388,411285.4853574395,58.4276542042436,34.26425178992512,68.37910891218571,15451966.342910131,11099.815030370692,411285.4853574395,58.4276542042436,34.26425178992512,68.37910891218571,15451966.342910131,11099.815030370692,21.295317248467548,5.850228173861002,5.848390570778988,29.67588370763072,97.38028169014083,46.74647887323944,6.6,25.6782694402656,97.0,43.0,2.3,25.6782694402656,97.0,43.0,2.3
wav2vec2-base-960h_batch8-inf,4,bert-base-cased_batch8-train,5,albert-base-v2_batch2-train,10,682756.7824714864,62.780644321909016,21.0702801326792,64.2385060757653,27973292.570635416,74003.0752817931,282529.3614028022,53.30323833870383,33.27643892259864,72.11510146261294,13680331.758935943,5646.101384772973,411285.4853574395,58.4276542042436,34.26425178992512,68.37910891218571,15451966.342910131,11099.815030370692,39.92545886197125,12.171693077349564,4.847992739951759,66.49987894439512,18.24,6.6,11.4,29.24021138236145,96.7,45.2,4.9,25.6782694402656,97.0,43.0,2.3
bert-base-cased_batch2-inf,0,bert-base-cased_batch2-inf,0,wav2vec2-base-960h_batch2-inf,9,210588.1095979778,73.11711703442735,15.196149452714376,63.87781954030234,14134984.63908432,13218.430422937075,210588.1095979778,73.11711703442735,15.196149452714376,63.87781954030234,14134984.63908432,13218.430422937075,433609.84467992425,57.0700600941506,17.092804399867166,53.26075574181553,16058013.73841052,15230.693561487396,31.49479773430281,31.26246112130154,25.58039552880481,84.1300191204589,92.5,40.0,1.2,84.1300191204589,92.5,40.0,1.2,17.806821914492676,17.464285714285715,5.428571428571429,3.9
bert-base-cased_batch2-inf,0,bert-base-cased_batch2-train,7,vit_h_14_batch8-train,12,210588.1095979778,73.11711703442735,15.196149452714376,63.87781954030234,14134984.63908432,13218.430422937075,190287.54368530755,50.355027213149135,39.03476297296079,70.42541520673052,11074376.322716216,8536.651206481605,496067.9989140645,33.65768151737584,59.00252471417957,78.60977177747729,16690912.72524413,3652.032077044045,35.131744040150565,6.751389992057188,7.0098576122672505,84.1300191204589,92.5,40.0,1.2,23.23807288304677,97.27272727272728,47.76623376623377,3.1,9.500815660685156,96.99371069182388,32.52201,17.4
wav2vec2-base-960h_batch2-inf,9,wav2vec2-base-960h_batch2-inf,9,albert-base-v2_batch2-train,10,433609.84467992425,57.0700600941506,17.092804399867166,53.26075574181553,16058013.73841052,15230.693561487396,433609.84467992425,57.0700600941506,17.092804399867166,53.26075574181553,16058013.73841052,15230.693561487396,411285.4853574395,58.4276542042436,34.26425178992512,68.37910891218571,15451966.342910131,11099.815030370692,24.07932011331445,24.23528682554932,9.60377565580068,17.806821914492676,17.464285714285715,5.428571428571429,3.9,17.806821914492676,17.464285714285715,5.428571428571429,3.9,25.6782694402656,97.0,43.0,2.3
bert-base-cased_batch2-train,7,vit-base-patch16-224_batch8-inf,8,vit-base-patch16-224_batch8-inf,8,190287.54368530755,50.355027213149135,39.03476297296079,70.42541520673052,11074376.322716216,8536.651206481605,109686.3558871527,80.57405153349794,12.838127168904558,56.01186382090581,8835599.308909625,6234.131132549218,109686.3558871527,80.57405153349794,12.838127168904558,56.01186382090581,8835599.308909625,6234.131132549218,15.160915083365646,63.012377431281145,62.91125020060986,23.23807288304677,97.27272727272728,47.76623376623377,3.1,79.59099074202018,27.05555555555556,6.055555555555555,3.1,79.59099074202018,27.05555555555556,6.055555555555555,3.1
vit_h_14_batch2-train,3,whisper-large-v2_batch8-inf,6,wav2vec2-base-960h_batch2-inf,9,183316.888392316,44.95736442315827,46.30171509953436,72.30406066464882,9279376.251384592,6320.710134302391,5661591.512012222,33.63998724849095,55.31684738960696,64.7932709326375,117732415.08983348,1056.3817410779272,433609.84467992425,57.0700600941506,17.092804399867166,53.26075574181553,16058013.73841052,15230.693561487396,2.023809523809524,2.980625931445604,27.85495476241362,6.908856242645105,97.51923076923076,47.9423,14.3,10.73243670597552,45.11811023622048,19.79265091863517,11.4,17.806821914492676,17.464285714285715,5.428571428571429,3.9
bert-base-cased_batch2-inf,0,wav2vec2-base-960h_batch8-inf,4,bert-base-cased_batch8-train,5,210588.1095979778,73.11711703442735,15.196149452714376,63.87781954030234,14134984.63908432,13218.430422937075,682756.7824714864,62.780644321909016,21.0702801326792,64.2385060757653,27973292.570635416,74003.0752817931,282529.3614028022,53.30323833870383,33.27643892259864,72.11510146261294,13680331.758935943,5646.101384772973,17.498047092958377,38.28000957000239,11.707317073170731,84.1300191204589,92.5,40.0,1.2,66.49987894439512,18.24,6.6,11.4,29.24021138236145,96.7,45.2,4.9
albert-base-v2_batch2-train,10,albert-base-v2_batch2-train,10,vit_h_14_batch8-train,12,411285.4853574395,58.4276542042436,34.26425178992512,68.37910891218571,15451966.342910131,11099.815030370692,411285.4853574395,58.4276542042436,34.26425178992512,68.37910891218571,15451966.342910131,11099.815030370692,496067.9989140645,33.65768151737584,59.00252471417957,78.60977177747729,16690912.72524413,3652.032077044045,7.058589906758013,6.510786261708771,6.448029103266492,25.6782694402656,97.0,43.0,2.3,25.6782694402656,97.0,43.0,2.3,9.500815660685156,96.99371069182388,32.52201,17.4
wav2vec2-base-960h_batch2-inf,9,albert-base-v2_batch2-train,10,albert-base-v2_batch2-train,10,433609.84467992425,57.0700600941506,17.092804399867166,53.26075574181553,16058013.73841052,15230.693561487396,411285.4853574395,58.4276542042436,34.26425178992512,68.37910891218571,15451966.342910131,11099.815030370692,411285.4853574395,58.4276542042436,34.26425178992512,68.37910891218571,15451966.342910131,11099.815030370692,26.15472089367537,9.481781859383387,10.142895498344322,17.806821914492676,17.464285714285715,5.428571428571429,3.9,25.6782694402656,97.0,43.0,2.3,25.6782694402656,97.0,43.0,2.3
vit-base-patch16-224_batch2-inf,2,vit-base-patch16-224_batch2-inf,2,bert-base-cased_batch2-train,7,35961.4603913098,67.45085472767737,10.815099777889127,40.24518066467102,3779001.50924272,2914.346235876293,35961.4603913098,67.45085472767737,10.815099777889127,40.24518066467102,3779001.50924272,2914.346235876293,190287.54368530755,50.355027213149135,39.03476297296079,70.42541520673052,11074376.322716216,8536.651206481605,45.15608800829398,45.2943555375816,17.907941985729607,63.42342342342342,29.454545454545453,4.181818181818182,1.6,63.42342342342342,29.454545454545453,4.181818181818182,1.6,23.23807288304677,97.27272727272728,47.76623376623377,3.1
bert-base-cased_batch2-inf,0,bert-base-cased_batch2-train,7,wav2vec2-base-960h_batch2-inf,9,210588.1095979778,73.11711703442735,15.196149452714376,63.87781954030234,14134984.63908432,13218.430422937075,190287.54368530755,50.355027213149135,39.03476297296079,70.42541520673052,11074376.322716216,8536.651206481605,433609.84467992425,57.0700600941506,17.092804399867166,53.26075574181553,16058013.73841052,15230.693561487396,35.18377238253377,7.35823402383428,26.55641249900612,84.1300191204589,92.5,40.0,1.2,23.23807288304677,97.27272727272728,47.76623376623377,3.1,17.806821914492676,17.464285714285715,5.428571428571429,3.9
bert-base-cased_batch2-train,7,bert-base-cased_batch2-train,7,whisper-large-v2_batch2-inf,11,190287.54368530755,50.355027213149135,39.03476297296079,70.42541520673052,11074376.322716216,8536.651206481605,190287.54368530755,50.355027213149135,39.03476297296079,70.42541520673052,11074376.322716216,8536.651206481605,407273.6437354477,71.71888252706013,17.28196639963645,63.66662208308519,15566445.000576952,10410.317650169076,6.72593737920371,7.709142530412666,2.272463169311418,23.23807288304677,97.27272727272728,47.76623376623377,3.1,23.23807288304677,97.27272727272728,47.76623376623377,3.1,1.7085028704506966,37.63403263403264,16.834498834498834,8.3
albert-base-v2_batch8-train,1,bert-base-cased_batch2-train,7,albert-base-v2_batch2-train,10,2011555.2744192549,48.32407816574221,50.96574818117043,78.11175775979989,42373993.86889671,8963.297179442388,190287.54368530755,50.355027213149135,39.03476297296079,70.42541520673052,11074376.322716216,8536.651206481605,411285.4853574395,58.4276542042436,34.26425178992512,68.37910891218571,15451966.342910131,11099.815030370692,20.94315684137167,4.494341133229011,7.052351535374487,29.67588370763072,97.38028169014083,46.74647887323944,6.6,23.23807288304677,97.27272727272728,47.76623376623377,3.1,25.6782694402656,97.0,43.0,2.3
albert-base-v2_batch8-train,1,vit-base-patch16-224_batch2-inf,2,vit-base-patch16-224_batch8-inf,8,2011555.2744192549,48.32407816574221,50.96574818117043,78.11175775979989,42373993.86889671,8963.297179442388,35961.4603913098,67.45085472767737,10.815099777889127,40.24518066467102,3779001.50924272,2914.346235876293,109686.3558871527,80.57405153349794,12.838127168904558,56.01186382090581,8835599.308909625,6234.131132549218,24.820947023516105,25.20657171333955,49.48149059913223,29.67588370763072,97.38028169014083,46.74647887323944,6.6,63.42342342342342,29.454545454545453,4.181818181818182,1.6,79.59099074202018,27.05555555555556,6.055555555555555,3.1
vit-base-patch16-224_batch2-inf,2,bert-base-cased_batch2-train,7,vit-base-patch16-224_batch8-inf,8,35961.4603913098,67.45085472767737,10.815099777889127,40.24518066467102,3779001.50924272,2914.346235876293,190287.54368530755,50.355027213149135,39.03476297296079,70.42541520673052,11074376.322716216,8536.651206481605,109686.3558871527,80.57405153349794,12.838127168904558,56.01186382090581,8835599.308909625,6234.131132549218,42.825148850166606,16.45123384253819,64.86811151709296,63.42342342342342,29.454545454545453,4.181818181818182,1.6,23.23807288304677,97.27272727272728,47.76623376623377,3.1,79.59099074202018,27.05555555555556,6.055555555555555,3.1
