w1_PCIe read bandwidth,w1_PCIe write bandwidth,w1_Long_Kernel,w1_ave_Kernel_Length,w1_long/short_Ratio,w1_avg_Thread,workload1,idx1,w2_PCIe read bandwidth,w2_PCIe write bandwidth,w2_Long_Kernel,w2_ave_Kernel_Length,w2_long/short_Ratio,w2_avg_Thread,workload2,idx2,w1throughput,w2throughput,w1sm%,w1mem%,w1CPU%,w1MainMem%,w2sm%,w2mem%,w2CPU%,w2MainMem%
8.184533875923885,49.532910362287154,387.3094444444444,134.05515527950303,0.288,235870.8074534161,bert-base-cased_batch2-inf,0,8.184533875923885,49.532910362287154,387.3094444444444,134.05515527950303,0.288,235870.8074534161,bert-base-cased_batch2-inf,0,46.12889663042825,40.437612519041686,92.5,40.0,172.04833333333332,0.9183333333333332,92.5,40.0,172.04833333333332,0.9183333333333332
8.184533875923885,49.532910362287154,387.3094444444444,134.05515527950303,0.288,235870.8074534161,bert-base-cased_batch2-inf,0,36.95724780228291,211.79472304380727,413.89,16.604258760107797,0.0008992805755395,31343.49685534591,gpt2-xl_batch100-inf,2,70.23309311987981,12.649621301962272,92.5,40.0,172.04833333333332,0.9183333333333332,50.97826086956522,26.782608695652176,175.225,2.78
8.184533875923885,49.532910362287154,387.3094444444444,134.05515527950303,0.288,235870.8074534161,bert-base-cased_batch2-inf,0,36.95724780228291,211.79472304380727,413.89,16.604258760107797,0.0008992805755395,31343.49685534591,gpt2-xl_batch214-inf,3,62.14560182781182,10.13177621715458,92.5,40.0,172.04833333333332,0.9183333333333332,72.05833333333334,35.75,128.381,2.6329
8.184533875923885,49.532910362287154,387.3094444444444,134.05515527950303,0.288,235870.8074534161,bert-base-cased_batch2-inf,0,16.633334067861327,94.01533167994236,221.6318055555556,68.02083885209711,0.1889763779527559,61662.94039735099,vit-base-patch16-224_batch2-inf,4,64.01403047243232,60.78178694158076,92.5,40.0,172.04833333333332,0.9183333333333332,29.454545454545453,4.181818181818182,724.74375,1.19375
8.184533875923885,49.532910362287154,387.3094444444444,134.05515527950303,0.288,235870.8074534161,bert-base-cased_batch2-inf,0,3.6494946761174094,16.83328335893147,735.2546666666666,303.11814814814807,0.5882352941176471,1092430.4197530863,bert-base-cased_batch16-inf,8,34.45631010679096,61.33205558217536,92.5,40.0,172.04833333333332,0.9183333333333332,97.0,38.0,113.78777777777778,1.162962962962963
8.184533875923885,49.532910362287154,387.3094444444444,134.05515527950303,0.288,235870.8074534161,bert-base-cased_batch2-inf,0,9.910998486903791,57.24124716144934,521.1402941176472,108.69638297872348,0.1915492957746478,677125.4468085107,wav2vec2-base-960h_batch8-inf,9,37.05113564268494,40.225960643118746,92.5,40.0,172.04833333333332,0.9183333333333332,18.24,6.6,387.6431818181818,1.492272727272728
8.184533875923885,49.532910362287154,387.3094444444444,134.05515527950303,0.288,235870.8074534161,bert-base-cased_batch2-inf,0,5.262102626088674,28.706094690685045,442.0544943820222,203.8333620689655,0.6223776223776224,429556.5517241379,bert-base-cased_batch8-train,10,35.25079978270055,18.224178099922337,92.5,40.0,172.04833333333332,0.9183333333333332,96.7,45.2,110.38627450980394,1.20764705882353
8.184533875923885,49.532910362287154,387.3094444444444,134.05515527950303,0.288,235870.8074534161,bert-base-cased_batch2-inf,0,6.340558864222144,33.56571535204275,365.4948087431694,168.6319867549669,0.6777777777777778,444314.27814569534,vit-base-patch16-224_batch16-inf,11,69.37514849132812,72.22767419038273,92.5,40.0,172.04833333333332,0.9183333333333332,29.0,6.026315789473684,272.6894117647059,1.512941176470588
8.184533875923885,49.532910362287154,387.3094444444444,134.05515527950303,0.288,235870.8074534161,bert-base-cased_batch2-inf,0,7.601395971866045,45.94715083457058,329.7787323943663,143.709051724138,0.4409937888198758,210461.93103448275,bert-base-cased_batch2-train,13,36.26878648615079,14.159803496604535,92.5,40.0,172.04833333333332,0.9183333333333332,97.27272727272728,47.76623376623377,144.3622222222222,1.152222222222222
8.184533875923885,49.532910362287154,387.3094444444444,134.05515527950303,0.288,235870.8074534161,bert-base-cased_batch2-inf,0,5.984033920877607,35.283317048542585,507.5590654205606,190.0227814569538,0.3092485549132948,229053.0331125828,vit-base-patch16-224_batch8-inf,14,66.46181859565266,69.15287725364287,92.5,40.0,172.04833333333332,0.9183333333333332,27.05555555555556,6.055555555555555,392.2815789473684,1.428421052631579
8.184533875923885,49.532910362287154,387.3094444444444,134.05515527950303,0.288,235870.8074534161,bert-base-cased_batch2-inf,0,8.61241068595606,50.26963320036693,386.4577966101695,128.5680952380952,0.3056994818652849,355292.44444444444,wav2vec2-base-960h_batch2-inf,15,38.15247925785588,32.280111455759425,92.5,40.0,172.04833333333332,0.9183333333333332,17.464285714285715,5.428571428571429,686.1577777777779,1.3266666666666669
8.184533875923885,49.532910362287154,387.3094444444444,134.05515527950303,0.288,235870.8074534161,bert-base-cased_batch2-inf,0,36.95724780228291,211.79472304380727,413.89,16.604258760107797,0.0008992805755395,31343.49685534591,gpt2-xl_batch20-inf,18,80.28448772986481,22.97970126388357,92.5,40.0,172.04833333333332,0.9183333333333332,35.166666666666664,20.0,202.858,3.222
8.184533875923885,49.532910362287154,387.3094444444444,134.05515527950303,0.288,235870.8074534161,bert-base-cased_batch2-inf,0,7.810020991419311,42.83362266593558,713.7641538461538,139.9536170212766,0.1815642458100558,1342018.5721040189,wav2vec2-base-960h_batch16-inf,19,37.55144032921811,41.18404118404119,92.5,40.0,172.04833333333332,0.9183333333333332,21.0,7.98,276.49724999999995,1.5592499999999991
8.184533875923885,49.532910362287154,387.3094444444444,134.05515527950303,0.288,235870.8074534161,bert-base-cased_batch2-inf,0,4.970990415291147,24.972133812000106,531.3158333333334,223.9138509316772,0.594059405940594,561325.5155279504,bert-base-cased_batch8-inf,21,37.67255837956392,56.63117134559536,92.5,40.0,172.04833333333332,0.9183333333333332,96.0,38.0,95.984,1.1133333333333333
8.184533875923885,49.532910362287154,387.3094444444444,134.05515527950303,0.288,235870.8074534161,bert-base-cased_batch2-inf,0,4.1792392742926765,20.82503205054419,589.4399999999997,266.5920600858368,0.6068965517241379,790413.8712446352,bert-base-cased_batch16-train,22,34.79089717621827,19.67510193514983,92.5,40.0,172.04833333333332,0.9183333333333332,97.01724137931036,42.82758620689656,101.64712765957448,1.2172340425531931
36.95724780228291,211.79472304380727,413.89,16.604258760107797,0.0008992805755395,31343.49685534591,gpt2-xl_batch100-inf,2,36.95724780228291,211.79472304380727,413.89,16.604258760107797,0.0008992805755395,31343.49685534591,gpt2-xl_batch100-inf,2,16.45097609124808,28.3661119515885,50.97826086956522,26.782608695652176,175.225,2.78,50.97826086956522,26.782608695652176,175.225,2.78
36.95724780228291,211.79472304380727,413.89,16.604258760107797,0.0008992805755395,31343.49685534591,gpt2-xl_batch100-inf,2,36.95724780228291,211.79472304380727,413.89,16.604258760107797,0.0008992805755395,31343.49685534591,gpt2-xl_batch214-inf,3,22.59036144578313,13.78044657662154,50.97826086956522,26.782608695652176,175.225,2.78,72.05833333333334,35.75,128.381,2.6329
36.95724780228291,211.79472304380727,413.89,16.604258760107797,0.0008992805755395,31343.49685534591,gpt2-xl_batch100-inf,2,16.633334067861327,94.01533167994236,221.6318055555556,68.02083885209711,0.1889763779527559,61662.94039735099,vit-base-patch16-224_batch2-inf,4,25.17200872629636,61.41409407767559,50.97826086956522,26.782608695652176,175.225,2.78,29.454545454545453,4.181818181818182,724.74375,1.19375
36.95724780228291,211.79472304380727,413.89,16.604258760107797,0.0008992805755395,31343.49685534591,gpt2-xl_batch100-inf,2,8.671013040204995,41.012348663774645,264.2816465863454,128.23335135135142,0.5071283095723014,1702780.0648648648,vit_h_14_batch16-train,5,5.524149741285654,10.409264750932444,50.97826086956522,26.782608695652176,175.225,2.78,96.87847222222224,30.67013888888889,128.72500000000005,1.5050342465753368
36.95724780228291,211.79472304380727,413.89,16.604258760107797,0.0008992805755395,31343.49685534591,gpt2-xl_batch100-inf,2,3.6494946761174094,16.83328335893147,735.2546666666666,303.11814814814807,0.5882352941176471,1092430.4197530863,bert-base-cased_batch16-inf,8,5.606323933396872,100.53269939187416,50.97826086956522,26.782608695652176,175.225,2.78,97.0,38.0,113.78777777777778,1.162962962962963
36.95724780228291,211.79472304380727,413.89,16.604258760107797,0.0008992805755395,31343.49685534591,gpt2-xl_batch100-inf,2,9.910998486903791,57.24124716144934,521.1402941176472,108.69638297872348,0.1915492957746478,677125.4468085107,wav2vec2-base-960h_batch8-inf,9,6.711959966887664,61.49268534589636,50.97826086956522,26.782608695652176,175.225,2.78,18.24,6.6,387.6431818181818,1.492272727272728
36.95724780228291,211.79472304380727,413.89,16.604258760107797,0.0008992805755395,31343.49685534591,gpt2-xl_batch100-inf,2,5.262102626088674,28.706094690685045,442.0544943820222,203.8333620689655,0.6223776223776224,429556.5517241379,bert-base-cased_batch8-train,10,10.81626766657052,28.841186621382487,50.97826086956522,26.782608695652176,175.225,2.78,96.7,45.2,110.38627450980394,1.20764705882353
36.95724780228291,211.79472304380727,413.89,16.604258760107797,0.0008992805755395,31343.49685534591,gpt2-xl_batch100-inf,2,6.340558864222144,33.56571535204275,365.4948087431694,168.6319867549669,0.6777777777777778,444314.27814569534,vit-base-patch16-224_batch16-inf,11,21.554821094984916,82.08424761257224,50.97826086956522,26.782608695652176,175.225,2.78,29.0,6.026315789473684,272.6894117647059,1.512941176470588
36.95724780228291,211.79472304380727,413.89,16.604258760107797,0.0008992805755395,31343.49685534591,gpt2-xl_batch100-inf,2,11.747958573804285,54.63636430911887,386.6198204667865,90.94675150128678,0.1894557823129251,1702684.6199599656,whisper-large-v2_batch8-inf,12,4.849190185239065,3.856073954901811,50.97826086956522,26.782608695652176,175.225,2.78,45.11811023622048,19.79265091863517,125.26545454545456,5.3417878787879065
36.95724780228291,211.79472304380727,413.89,16.604258760107797,0.0008992805755395,31343.49685534591,gpt2-xl_batch100-inf,2,7.601395971866045,45.94715083457058,329.7787323943663,143.709051724138,0.4409937888198758,210461.93103448275,bert-base-cased_batch2-train,13,20.80011093392498,19.054106656286493,50.97826086956522,26.782608695652176,175.225,2.78,97.27272727272728,47.76623376623377,144.3622222222222,1.152222222222222
36.95724780228291,211.79472304380727,413.89,16.604258760107797,0.0008992805755395,31343.49685534591,gpt2-xl_batch100-inf,2,5.984033920877607,35.283317048542585,507.5590654205606,190.0227814569538,0.3092485549132948,229053.0331125828,vit-base-patch16-224_batch8-inf,14,23.185717597959652,75.71154834789924,50.97826086956522,26.782608695652176,175.225,2.78,27.05555555555556,6.055555555555555,392.2815789473684,1.428421052631579
36.95724780228291,211.79472304380727,413.89,16.604258760107797,0.0008992805755395,31343.49685534591,gpt2-xl_batch100-inf,2,8.61241068595606,50.26963320036693,386.4577966101695,128.5680952380952,0.3056994818652849,355292.44444444444,wav2vec2-base-960h_batch2-inf,15,18.674136321195142,44.121267541237295,50.97826086956522,26.782608695652176,175.225,2.78,17.464285714285715,5.428571428571429,686.1577777777779,1.3266666666666669
36.95724780228291,211.79472304380727,413.89,16.604258760107797,0.0008992805755395,31343.49685534591,gpt2-xl_batch100-inf,2,7.800874923826927,40.96898586755094,730.4021149897334,129.1216613787137,0.1634228187919463,452309.1958465532,whisper-large-v2_batch2-inf,17,9.989344698987749,3.0638699033702568,50.97826086956522,26.782608695652176,175.225,2.78,37.63403263403264,16.834498834498834,167.40575221238944,5.210442477876111
36.95724780228291,211.79472304380727,413.89,16.604258760107797,0.0008992805755395,31343.49685534591,gpt2-xl_batch100-inf,2,36.95724780228291,211.79472304380727,413.89,16.604258760107797,0.0008992805755395,31343.49685534591,gpt2-xl_batch20-inf,18,20.1999798000202,25.0208507089241,50.97826086956522,26.782608695652176,175.225,2.78,35.166666666666664,20.0,202.858,3.222
36.95724780228291,211.79472304380727,413.89,16.604258760107797,0.0008992805755395,31343.49685534591,gpt2-xl_batch100-inf,2,7.184968009820481,37.13651726722484,348.57717857142893,157.34347297297316,0.6086956521739131,920609.0810810812,vit_h_14_batch8-train,20,9.084302325581394,9.004916361286936,50.97826086956522,26.782608695652176,175.225,2.78,96.99371069182388,32.52201,146.7843030303031,1.4830909090909123
36.95724780228291,211.79472304380727,413.89,16.604258760107797,0.0008992805755395,31343.49685534591,gpt2-xl_batch100-inf,2,4.1792392742926765,20.82503205054419,589.4399999999997,266.5920600858368,0.6068965517241379,790413.8712446352,bert-base-cased_batch16-train,22,6.677201807295956,32.23962836501121,50.97826086956522,26.782608695652176,175.225,2.78,97.01724137931036,42.82758620689656,101.64712765957448,1.2172340425531931
36.95724780228291,211.79472304380727,413.89,16.604258760107797,0.0008992805755395,31343.49685534591,gpt2-xl_batch100-inf,2,10.825834718820031,44.14279463844081,496.6181692094317,108.75369138066591,0.2328811369509044,3113255.480220068,whisper-large-v2_batch16-inf,23,2.7458697542446573,4.074001531311764,50.97826086956522,26.782608695652176,175.225,2.78,50.03021148036254,22.38368580060423,115.65532695374812,5.37405103668258
36.95724780228291,211.79472304380727,413.89,16.604258760107797,0.0008992805755395,31343.49685534591,gpt2-xl_batch214-inf,3,16.633334067861327,94.01533167994236,221.6318055555556,68.02083885209711,0.1889763779527559,61662.94039735099,vit-base-patch16-224_batch2-inf,4,15.915119363395227,54.723865787524346,72.05833333333334,35.75,128.381,2.6329,29.454545454545453,4.181818181818182,724.74375,1.19375
36.95724780228291,211.79472304380727,413.89,16.604258760107797,0.0008992805755395,31343.49685534591,gpt2-xl_batch214-inf,3,8.671013040204995,41.012348663774645,264.2816465863454,128.23335135135142,0.5071283095723014,1702780.0648648648,vit_h_14_batch16-train,5,4.733849976773166,10.032816089851236,72.05833333333334,35.75,128.381,2.6329,96.87847222222224,30.67013888888889,128.72500000000005,1.5050342465753368
36.95724780228291,211.79472304380727,413.89,16.604258760107797,0.0008992805755395,31343.49685534591,gpt2-xl_batch214-inf,3,6.105285906720775,36.68375615566179,377.158566878981,182.8024864864865,0.7370892018779343,282891.7351351351,vit_h_14_batch2-train,7,12.495863907974384,5.185496109263505,72.05833333333334,35.75,128.381,2.6329,97.51923076923076,47.9423,215.61129032258071,1.463225806451613
36.95724780228291,211.79472304380727,413.89,16.604258760107797,0.0008992805755395,31343.49685534591,gpt2-xl_batch214-inf,3,3.6494946761174094,16.83328335893147,735.2546666666666,303.11814814814807,0.5882352941176471,1092430.4197530863,bert-base-cased_batch16-inf,8,3.3061085763134312,96.88504960101766,72.05833333333334,35.75,128.381,2.6329,97.0,38.0,113.78777777777778,1.162962962962963
36.95724780228291,211.79472304380727,413.89,16.604258760107797,0.0008992805755395,31343.49685534591,gpt2-xl_batch214-inf,3,9.910998486903791,57.24124716144934,521.1402941176472,108.69638297872348,0.1915492957746478,677125.4468085107,wav2vec2-base-960h_batch8-inf,9,6.074425909981171,58.69509907756392,72.05833333333334,35.75,128.381,2.6329,18.24,6.6,387.6431818181818,1.492272727272728
36.95724780228291,211.79472304380727,413.89,16.604258760107797,0.0008992805755395,31343.49685534591,gpt2-xl_batch214-inf,3,5.262102626088674,28.706094690685045,442.0544943820222,203.8333620689655,0.6223776223776224,429556.5517241379,bert-base-cased_batch8-train,10,8.98015134772209,26.84514998229092,72.05833333333334,35.75,128.381,2.6329,96.7,45.2,110.38627450980394,1.20764705882353
36.95724780228291,211.79472304380727,413.89,16.604258760107797,0.0008992805755395,31343.49685534591,gpt2-xl_batch214-inf,3,6.340558864222144,33.56571535204275,365.4948087431694,168.6319867549669,0.6777777777777778,444314.27814569534,vit-base-patch16-224_batch16-inf,11,14.060600751212782,79.95521988496702,72.05833333333334,35.75,128.381,2.6329,29.0,6.026315789473684,272.6894117647059,1.512941176470588
36.95724780228291,211.79472304380727,413.89,16.604258760107797,0.0008992805755395,31343.49685534591,gpt2-xl_batch214-inf,3,11.747958573804285,54.63636430911887,386.6198204667865,90.94675150128678,0.1894557823129251,1702684.6199599656,whisper-large-v2_batch8-inf,12,8.556007196641568,3.507675210113218,72.05833333333334,35.75,128.381,2.6329,45.11811023622048,19.79265091863517,125.26545454545456,5.3417878787879065
36.95724780228291,211.79472304380727,413.89,16.604258760107797,0.0008992805755395,31343.49685534591,gpt2-xl_batch214-inf,3,7.601395971866045,45.94715083457058,329.7787323943663,143.709051724138,0.4409937888198758,210461.93103448275,bert-base-cased_batch2-train,13,16.478439425051334,16.12819436951787,72.05833333333334,35.75,128.381,2.6329,97.27272727272728,47.76623376623377,144.3622222222222,1.152222222222222
36.95724780228291,211.79472304380727,413.89,16.604258760107797,0.0008992805755395,31343.49685534591,gpt2-xl_batch214-inf,3,5.984033920877607,35.283317048542585,507.5590654205606,190.0227814569538,0.3092485549132948,229053.0331125828,vit-base-patch16-224_batch8-inf,14,13.483955173500158,72.07259528130672,72.05833333333334,35.75,128.381,2.6329,27.05555555555556,6.055555555555555,392.2815789473684,1.428421052631579
36.95724780228291,211.79472304380727,413.89,16.604258760107797,0.0008992805755395,31343.49685534591,gpt2-xl_batch214-inf,3,8.61241068595606,50.26963320036693,386.4577966101695,128.5680952380952,0.3056994818652849,355292.44444444444,wav2vec2-base-960h_batch2-inf,15,9.600545526325234,40.119109894974045,72.05833333333334,35.75,128.381,2.6329,17.464285714285715,5.428571428571429,686.1577777777779,1.3266666666666669
36.95724780228291,211.79472304380727,413.89,16.604258760107797,0.0008992805755395,31343.49685534591,gpt2-xl_batch214-inf,3,7.800874923826927,40.96898586755094,730.4021149897334,129.1216613787137,0.1634228187919463,452309.1958465532,whisper-large-v2_batch2-inf,17,9.3603744149766,2.907650598159664,72.05833333333334,35.75,128.381,2.6329,37.63403263403264,16.834498834498834,167.40575221238944,5.210442477876111
36.95724780228291,211.79472304380727,413.89,16.604258760107797,0.0008992805755395,31343.49685534591,gpt2-xl_batch214-inf,3,7.184968009820481,37.13651726722484,348.57717857142893,157.34347297297316,0.6086956521739131,920609.0810810812,vit_h_14_batch8-train,20,7.241636023191283,8.542413156519418,72.05833333333334,35.75,128.381,2.6329,96.99371069182388,32.52201,146.7843030303031,1.4830909090909123
36.95724780228291,211.79472304380727,413.89,16.604258760107797,0.0008992805755395,31343.49685534591,gpt2-xl_batch214-inf,3,4.970990415291147,24.972133812000106,531.3158333333334,223.9138509316772,0.594059405940594,561325.5155279504,bert-base-cased_batch8-inf,21,5.423763179237632,87.77990479752972,72.05833333333334,35.75,128.381,2.6329,96.0,38.0,95.984,1.1133333333333333
36.95724780228291,211.79472304380727,413.89,16.604258760107797,0.0008992805755395,31343.49685534591,gpt2-xl_batch214-inf,3,4.1792392742926765,20.82503205054419,589.4399999999997,266.5920600858368,0.6068965517241379,790413.8712446352,bert-base-cased_batch16-train,22,6.009660388662148,30.60356520499699,72.05833333333334,35.75,128.381,2.6329,97.01724137931036,42.82758620689656,101.64712765957448,1.2172340425531931
36.95724780228291,211.79472304380727,413.89,16.604258760107797,0.0008992805755395,31343.49685534591,gpt2-xl_batch214-inf,3,10.825834718820031,44.14279463844081,496.6181692094317,108.75369138066591,0.2328811369509044,3113255.480220068,whisper-large-v2_batch16-inf,23,2.312530167352261,3.959509981864236,72.05833333333334,35.75,128.381,2.6329,50.03021148036254,22.38368580060423,115.65532695374812,5.37405103668258
16.633334067861327,94.01533167994236,221.6318055555556,68.02083885209711,0.1889763779527559,61662.94039735099,vit-base-patch16-224_batch2-inf,4,16.633334067861327,94.01533167994236,221.6318055555556,68.02083885209711,0.1889763779527559,61662.94039735099,vit-base-patch16-224_batch2-inf,4,55.290901991409605,53.95916104592072,29.454545454545453,4.181818181818182,724.74375,1.19375,29.454545454545453,4.181818181818182,724.74375,1.19375
16.633334067861327,94.01533167994236,221.6318055555556,68.02083885209711,0.1889763779527559,61662.94039735099,vit-base-patch16-224_batch2-inf,4,8.671013040204995,41.012348663774645,264.2816465863454,128.23335135135142,0.5071283095723014,1702780.0648648648,vit_h_14_batch16-train,5,63.374932175800325,10.825439783491204,29.454545454545453,4.181818181818182,724.74375,1.19375,96.87847222222224,30.67013888888889,128.72500000000005,1.5050342465753368
16.633334067861327,94.01533167994236,221.6318055555556,68.02083885209711,0.1889763779527559,61662.94039735099,vit-base-patch16-224_batch2-inf,4,6.105285906720775,36.68375615566179,377.158566878981,182.8024864864865,0.7370892018779343,282891.7351351351,vit_h_14_batch2-train,7,59.512891062875774,7.079646017699115,29.454545454545453,4.181818181818182,724.74375,1.19375,97.51923076923076,47.9423,215.61129032258071,1.463225806451613
16.633334067861327,94.01533167994236,221.6318055555556,68.02083885209711,0.1889763779527559,61662.94039735099,vit-base-patch16-224_batch2-inf,4,3.6494946761174094,16.83328335893147,735.2546666666666,303.11814814814807,0.5882352941176471,1092430.4197530863,bert-base-cased_batch16-inf,8,50.96153846153846,77.29468599033817,29.454545454545453,4.181818181818182,724.74375,1.19375,97.0,38.0,113.78777777777778,1.162962962962963
16.633334067861327,94.01533167994236,221.6318055555556,68.02083885209711,0.1889763779527559,61662.94039735099,vit-base-patch16-224_batch2-inf,4,9.910998486903791,57.24124716144934,521.1402941176472,108.69638297872348,0.1915492957746478,677125.4468085107,wav2vec2-base-960h_batch8-inf,9,51.9588485919152,49.11185182059829,29.454545454545453,4.181818181818182,724.74375,1.19375,18.24,6.6,387.6431818181818,1.492272727272728
16.633334067861327,94.01533167994236,221.6318055555556,68.02083885209711,0.1889763779527559,61662.94039735099,vit-base-patch16-224_batch2-inf,4,5.262102626088674,28.706094690685045,442.0544943820222,203.8333620689655,0.6223776223776224,429556.5517241379,bert-base-cased_batch8-train,10,50.76936451360515,25.455452957324685,29.454545454545453,4.181818181818182,724.74375,1.19375,96.7,45.2,110.38627450980394,1.20764705882353
16.633334067861327,94.01533167994236,221.6318055555556,68.02083885209711,0.1889763779527559,61662.94039735099,vit-base-patch16-224_batch2-inf,4,6.340558864222144,33.56571535204275,365.4948087431694,168.6319867549669,0.6777777777777778,444314.27814569534,vit-base-patch16-224_batch16-inf,11,57.58233090120292,78.2543265613243,29.454545454545453,4.181818181818182,724.74375,1.19375,29.0,6.026315789473684,272.6894117647059,1.512941176470588
16.633334067861327,94.01533167994236,221.6318055555556,68.02083885209711,0.1889763779527559,61662.94039735099,vit-base-patch16-224_batch2-inf,4,11.747958573804285,54.63636430911887,386.6198204667865,90.94675150128678,0.1894557823129251,1702684.6199599656,whisper-large-v2_batch8-inf,12,51.44141079950115,2.995132909022838,29.454545454545453,4.181818181818182,724.74375,1.19375,45.11811023622048,19.79265091863517,125.26545454545456,5.3417878787879065
16.633334067861327,94.01533167994236,221.6318055555556,68.02083885209711,0.1889763779527559,61662.94039735099,vit-base-patch16-224_batch2-inf,4,7.601395971866045,45.94715083457058,329.7787323943663,143.709051724138,0.4409937888198758,210461.93103448275,bert-base-cased_batch2-train,13,52.607873164579765,19.30312448879437,29.454545454545453,4.181818181818182,724.74375,1.19375,97.27272727272728,47.76623376623377,144.3622222222222,1.152222222222222
16.633334067861327,94.01533167994236,221.6318055555556,68.02083885209711,0.1889763779527559,61662.94039735099,vit-base-patch16-224_batch2-inf,4,5.984033920877607,35.283317048542585,507.5590654205606,190.0227814569538,0.3092485549132948,229053.0331125828,vit-base-patch16-224_batch8-inf,14,62.78079234494428,75.06667952055015,29.454545454545453,4.181818181818182,724.74375,1.19375,27.05555555555556,6.055555555555555,392.2815789473684,1.428421052631579
16.633334067861327,94.01533167994236,221.6318055555556,68.02083885209711,0.1889763779527559,61662.94039735099,vit-base-patch16-224_batch2-inf,4,8.61241068595606,50.26963320036693,386.4577966101695,128.5680952380952,0.3056994818652849,355292.44444444444,wav2vec2-base-960h_batch2-inf,15,55.259926320098245,40.543364681295714,29.454545454545453,4.181818181818182,724.74375,1.19375,17.464285714285715,5.428571428571429,686.1577777777779,1.3266666666666669
16.633334067861327,94.01533167994236,221.6318055555556,68.02083885209711,0.1889763779527559,61662.94039735099,vit-base-patch16-224_batch2-inf,4,7.800874923826927,40.96898586755094,730.4021149897334,129.1216613787137,0.1634228187919463,452309.1958465532,whisper-large-v2_batch2-inf,17,52.72248073479779,2.5312845377731823,29.454545454545453,4.181818181818182,724.74375,1.19375,37.63403263403264,16.834498834498834,167.40575221238944,5.210442477876111
16.633334067861327,94.01533167994236,221.6318055555556,68.02083885209711,0.1889763779527559,61662.94039735099,vit-base-patch16-224_batch2-inf,4,36.95724780228291,211.79472304380727,413.89,16.604258760107797,0.0008992805755395,31343.49685534591,gpt2-xl_batch20-inf,18,63.08945412975135,29.761904761904763,29.454545454545453,4.181818181818182,724.74375,1.19375,35.166666666666664,20.0,202.858,3.222
16.633334067861327,94.01533167994236,221.6318055555556,68.02083885209711,0.1889763779527559,61662.94039735099,vit-base-patch16-224_batch2-inf,4,7.810020991419311,42.83362266593558,713.7641538461538,139.9536170212766,0.1815642458100558,1342018.5721040189,wav2vec2-base-960h_batch16-inf,19,52.40025602730958,50.929774666374975,29.454545454545453,4.181818181818182,724.74375,1.19375,21.0,7.98,276.49724999999995,1.5592499999999991
16.633334067861327,94.01533167994236,221.6318055555556,68.02083885209711,0.1889763779527559,61662.94039735099,vit-base-patch16-224_batch2-inf,4,7.184968009820481,37.13651726722484,348.57717857142893,157.34347297297316,0.6086956521739131,920609.0810810812,vit_h_14_batch8-train,20,59.64661423756511,8.581389112362563,29.454545454545453,4.181818181818182,724.74375,1.19375,96.99371069182388,32.52201,146.7843030303031,1.4830909090909123
16.633334067861327,94.01533167994236,221.6318055555556,68.02083885209711,0.1889763779527559,61662.94039735099,vit-base-patch16-224_batch2-inf,4,4.970990415291147,24.972133812000106,531.3158333333334,223.9138509316772,0.594059405940594,561325.5155279504,bert-base-cased_batch8-inf,21,53.98576402797892,74.85020346694864,29.454545454545453,4.181818181818182,724.74375,1.19375,96.0,38.0,95.984,1.1133333333333333
16.633334067861327,94.01533167994236,221.6318055555556,68.02083885209711,0.1889763779527559,61662.94039735099,vit-base-patch16-224_batch2-inf,4,4.1792392742926765,20.82503205054419,589.4399999999997,266.5920600858368,0.6068965517241379,790413.8712446352,bert-base-cased_batch16-train,22,50.43613438120735,26.49769585253456,29.454545454545453,4.181818181818182,724.74375,1.19375,97.01724137931036,42.82758620689656,101.64712765957448,1.2172340425531931
16.633334067861327,94.01533167994236,221.6318055555556,68.02083885209711,0.1889763779527559,61662.94039735099,vit-base-patch16-224_batch2-inf,4,10.825834718820031,44.14279463844081,496.6181692094317,108.75369138066591,0.2328811369509044,3113255.480220068,whisper-large-v2_batch16-inf,23,51.40908903629846,3.059468417362483,29.454545454545453,4.181818181818182,724.74375,1.19375,50.03021148036254,22.38368580060423,115.65532695374812,5.37405103668258
8.671013040204995,41.012348663774645,264.2816465863454,128.23335135135142,0.5071283095723014,1702780.0648648648,vit_h_14_batch16-train,5,3.6494946761174094,16.83328335893147,735.2546666666666,303.11814814814807,0.5882352941176471,1092430.4197530863,bert-base-cased_batch16-inf,8,5.377925297256418,53.52335345805313,96.87847222222224,30.67013888888889,128.72500000000005,1.5050342465753368,97.0,38.0,113.78777777777778,1.162962962962963
8.671013040204995,41.012348663774645,264.2816465863454,128.23335135135142,0.5071283095723014,1702780.0648648648,vit_h_14_batch16-train,5,6.340558864222144,33.56571535204275,365.4948087431694,168.6319867549669,0.6777777777777778,444314.27814569534,vit-base-patch16-224_batch16-inf,11,8.321664332866574,64.15026981010313,96.87847222222224,30.67013888888889,128.72500000000005,1.5050342465753368,29.0,6.026315789473684,272.6894117647059,1.512941176470588
8.671013040204995,41.012348663774645,264.2816465863454,128.23335135135142,0.5071283095723014,1702780.0648648648,vit_h_14_batch16-train,5,7.601395971866045,45.94715083457058,329.7787323943663,143.709051724138,0.4409937888198758,210461.93103448275,bert-base-cased_batch2-train,13,5.84652862362972,16.883231680367718,96.87847222222224,30.67013888888889,128.72500000000005,1.5050342465753368,97.27272727272728,47.76623376623377,144.3622222222222,1.152222222222222
8.671013040204995,41.012348663774645,264.2816465863454,128.23335135135142,0.5071283095723014,1702780.0648648648,vit_h_14_batch16-train,5,5.984033920877607,35.283317048542585,507.5590654205606,190.0227814569538,0.3092485549132948,229053.0331125828,vit-base-patch16-224_batch8-inf,14,8.516678495386799,65.63457053749543,96.87847222222224,30.67013888888889,128.72500000000005,1.5050342465753368,27.05555555555556,6.055555555555555,392.2815789473684,1.428421052631579
8.671013040204995,41.012348663774645,264.2816465863454,128.23335135135142,0.5071283095723014,1702780.0648648648,vit_h_14_batch16-train,5,8.61241068595606,50.26963320036693,386.4577966101695,128.5680952380952,0.3056994818652849,355292.44444444444,wav2vec2-base-960h_batch2-inf,15,10.996563573883162,44.90047832124672,96.87847222222224,30.67013888888889,128.72500000000005,1.5050342465753368,17.464285714285715,5.428571428571429,686.1577777777779,1.3266666666666669
8.671013040204995,41.012348663774645,264.2816465863454,128.23335135135142,0.5071283095723014,1702780.0648648648,vit_h_14_batch16-train,5,36.95724780228291,211.79472304380727,413.89,16.604258760107797,0.0008992805755395,31343.49685534591,gpt2-xl_batch20-inf,18,10.665244634048792,6.990562740300595,96.87847222222224,30.67013888888889,128.72500000000005,1.5050342465753368,35.166666666666664,20.0,202.858,3.222
8.671013040204995,41.012348663774645,264.2816465863454,128.23335135135142,0.5071283095723014,1702780.0648648648,vit_h_14_batch16-train,5,4.970990415291147,24.972133812000106,531.3158333333334,223.9138509316772,0.594059405940594,561325.5155279504,bert-base-cased_batch8-inf,21,7.707129094412331,56.87573042462017,96.87847222222224,30.67013888888889,128.72500000000005,1.5050342465753368,96.0,38.0,95.984,1.1133333333333333
6.105285906720775,36.68375615566179,377.158566878981,182.8024864864865,0.7370892018779343,282891.7351351351,vit_h_14_batch2-train,7,6.105285906720775,36.68375615566179,377.158566878981,182.8024864864865,0.7370892018779343,282891.7351351351,vit_h_14_batch2-train,7,3.259009359416326,3.185350722124012,97.51923076923076,47.9423,215.61129032258071,1.463225806451613,97.51923076923076,47.9423,215.61129032258071,1.463225806451613
6.105285906720775,36.68375615566179,377.158566878981,182.8024864864865,0.7370892018779343,282891.7351351351,vit_h_14_batch2-train,7,3.6494946761174094,16.83328335893147,735.2546666666666,303.11814814814807,0.5882352941176471,1092430.4197530863,bert-base-cased_batch16-inf,8,3.341957740405347,52.78380332610268,97.51923076923076,47.9423,215.61129032258071,1.463225806451613,97.0,38.0,113.78777777777778,1.162962962962963
6.105285906720775,36.68375615566179,377.158566878981,182.8024864864865,0.7370892018779343,282891.7351351351,vit_h_14_batch2-train,7,9.910998486903791,57.24124716144934,521.1402941176472,108.69638297872348,0.1915492957746478,677125.4468085107,wav2vec2-base-960h_batch8-inf,9,3.5303116480671544,36.13840637079123,97.51923076923076,47.9423,215.61129032258071,1.463225806451613,18.24,6.6,387.6431818181818,1.492272727272728
6.105285906720775,36.68375615566179,377.158566878981,182.8024864864865,0.7370892018779343,282891.7351351351,vit_h_14_batch2-train,7,5.262102626088674,28.706094690685045,442.0544943820222,203.8333620689655,0.6223776223776224,429556.5517241379,bert-base-cased_batch8-train,10,3.3026181442311326,16.222701164679528,97.51923076923076,47.9423,215.61129032258071,1.463225806451613,96.7,45.2,110.38627450980394,1.20764705882353
6.105285906720775,36.68375615566179,377.158566878981,182.8024864864865,0.7370892018779343,282891.7351351351,vit_h_14_batch2-train,7,6.340558864222144,33.56571535204275,365.4948087431694,168.6319867549669,0.6777777777777778,444314.27814569534,vit-base-patch16-224_batch16-inf,11,5.305202471672366,64.86276360910189,97.51923076923076,47.9423,215.61129032258071,1.463225806451613,29.0,6.026315789473684,272.6894117647059,1.512941176470588
6.105285906720775,36.68375615566179,377.158566878981,182.8024864864865,0.7370892018779343,282891.7351351351,vit_h_14_batch2-train,7,11.747958573804285,54.63636430911887,386.6198204667865,90.94675150128678,0.1894557823129251,1702684.6199599656,whisper-large-v2_batch8-inf,12,3.229820120571799,1.861744665877611,97.51923076923076,47.9423,215.61129032258071,1.463225806451613,45.11811023622048,19.79265091863517,125.26545454545456,5.3417878787879065
6.105285906720775,36.68375615566179,377.158566878981,182.8024864864865,0.7370892018779343,282891.7351351351,vit_h_14_batch2-train,7,7.601395971866045,45.94715083457058,329.7787323943663,143.709051724138,0.4409937888198758,210461.93103448275,bert-base-cased_batch2-train,13,4.3763676148796495,16.65286193818388,97.51923076923076,47.9423,215.61129032258071,1.463225806451613,97.27272727272728,47.76623376623377,144.3622222222222,1.152222222222222
6.105285906720775,36.68375615566179,377.158566878981,182.8024864864865,0.7370892018779343,282891.7351351351,vit_h_14_batch2-train,7,5.984033920877607,35.283317048542585,507.5590654205606,190.0227814569538,0.3092485549132948,229053.0331125828,vit-base-patch16-224_batch8-inf,14,5.430898956695727,65.66408995080815,97.51923076923076,47.9423,215.61129032258071,1.463225806451613,27.05555555555556,6.055555555555555,392.2815789473684,1.428421052631579
6.105285906720775,36.68375615566179,377.158566878981,182.8024864864865,0.7370892018779343,282891.7351351351,vit_h_14_batch2-train,7,8.61241068595606,50.26963320036693,386.4577966101695,128.5680952380952,0.3056994818652849,355292.44444444444,wav2vec2-base-960h_batch2-inf,15,7.0588235294117645,44.64902186421174,97.51923076923076,47.9423,215.61129032258071,1.463225806451613,17.464285714285715,5.428571428571429,686.1577777777779,1.3266666666666669
6.105285906720775,36.68375615566179,377.158566878981,182.8024864864865,0.7370892018779343,282891.7351351351,vit_h_14_batch2-train,7,7.800874923826927,40.96898586755094,730.4021149897334,129.1216613787137,0.1634228187919463,452309.1958465532,whisper-large-v2_batch2-inf,17,3.546188985061489,1.5795558788247237,97.51923076923076,47.9423,215.61129032258071,1.463225806451613,37.63403263403264,16.834498834498834,167.40575221238944,5.210442477876111
6.105285906720775,36.68375615566179,377.158566878981,182.8024864864865,0.7370892018779343,282891.7351351351,vit_h_14_batch2-train,7,7.184968009820481,37.13651726722484,348.57717857142893,157.34347297297316,0.6086956521739131,920609.0810810812,vit_h_14_batch8-train,20,3.1991346225769144,4.556406402824496,97.51923076923076,47.9423,215.61129032258071,1.463225806451613,96.99371069182388,32.52201,146.7843030303031,1.4830909090909123
6.105285906720775,36.68375615566179,377.158566878981,182.8024864864865,0.7370892018779343,282891.7351351351,vit_h_14_batch2-train,7,4.970990415291147,24.972133812000106,531.3158333333334,223.9138509316772,0.594059405940594,561325.5155279504,bert-base-cased_batch8-inf,21,3.5582020187350225,56.41285710835809,97.51923076923076,47.9423,215.61129032258071,1.463225806451613,96.0,38.0,95.984,1.1133333333333333
6.105285906720775,36.68375615566179,377.158566878981,182.8024864864865,0.7370892018779343,282891.7351351351,vit_h_14_batch2-train,7,4.1792392742926765,20.82503205054419,589.4399999999997,266.5920600858368,0.6068965517241379,790413.8712446352,bert-base-cased_batch16-train,22,3.222036917282144,16.15982148050616,97.51923076923076,47.9423,215.61129032258071,1.463225806451613,97.01724137931036,42.82758620689656,101.64712765957448,1.2172340425531931
6.105285906720775,36.68375615566179,377.158566878981,182.8024864864865,0.7370892018779343,282891.7351351351,vit_h_14_batch2-train,7,10.825834718820031,44.14279463844081,496.6181692094317,108.75369138066591,0.2328811369509044,3113255.480220068,whisper-large-v2_batch16-inf,23,3.1802347418213177,1.922710824044292,97.51923076923076,47.9423,215.61129032258071,1.463225806451613,50.03021148036254,22.38368580060423,115.65532695374812,5.37405103668258
3.6494946761174094,16.83328335893147,735.2546666666666,303.11814814814807,0.5882352941176471,1092430.4197530863,bert-base-cased_batch16-inf,8,3.6494946761174094,16.83328335893147,735.2546666666666,303.11814814814807,0.5882352941176471,1092430.4197530863,bert-base-cased_batch16-inf,8,51.04641428704306,47.97995358103806,97.0,38.0,113.78777777777778,1.162962962962963,97.0,38.0,113.78777777777778,1.162962962962963
3.6494946761174094,16.83328335893147,735.2546666666666,303.11814814814807,0.5882352941176471,1092430.4197530863,bert-base-cased_batch16-inf,8,9.910998486903791,57.24124716144934,521.1402941176472,108.69638297872348,0.1915492957746478,677125.4468085107,wav2vec2-base-960h_batch8-inf,9,50.173437718139546,32.70144601706607,97.0,38.0,113.78777777777778,1.162962962962963,18.24,6.6,387.6431818181818,1.492272727272728
3.6494946761174094,16.83328335893147,735.2546666666666,303.11814814814807,0.5882352941176471,1092430.4197530863,bert-base-cased_batch16-inf,8,5.262102626088674,28.706094690685045,442.0544943820222,203.8333620689655,0.6223776223776224,429556.5517241379,bert-base-cased_batch8-train,10,47.758752875031945,15.178936306848035,97.0,38.0,113.78777777777778,1.162962962962963,96.7,45.2,110.38627450980394,1.20764705882353
3.6494946761174094,16.83328335893147,735.2546666666666,303.11814814814807,0.5882352941176471,1092430.4197530863,bert-base-cased_batch16-inf,8,6.340558864222144,33.56571535204275,365.4948087431694,168.6319867549669,0.6777777777777778,444314.27814569534,vit-base-patch16-224_batch16-inf,11,79.66442724141459,64.10459170225104,97.0,38.0,113.78777777777778,1.162962962962963,29.0,6.026315789473684,272.6894117647059,1.512941176470588
3.6494946761174094,16.83328335893147,735.2546666666666,303.11814814814807,0.5882352941176471,1092430.4197530863,bert-base-cased_batch16-inf,8,11.747958573804285,54.63636430911887,386.6198204667865,90.94675150128678,0.1894557823129251,1702684.6199599656,whisper-large-v2_batch8-inf,12,61.921802518223984,2.14190093708166,97.0,38.0,113.78777777777778,1.162962962962963,45.11811023622048,19.79265091863517,125.26545454545456,5.3417878787879065
3.6494946761174094,16.83328335893147,735.2546666666666,303.11814814814807,0.5882352941176471,1092430.4197530863,bert-base-cased_batch16-inf,8,7.601395971866045,45.94715083457058,329.7787323943663,143.709051724138,0.4409937888198758,210461.93103448275,bert-base-cased_batch2-train,13,49.06326136268167,11.199906667444438,97.0,38.0,113.78777777777778,1.162962962962963,97.27272727272728,47.76623376623377,144.3622222222222,1.152222222222222
3.6494946761174094,16.83328335893147,735.2546666666666,303.11814814814807,0.5882352941176471,1092430.4197530863,bert-base-cased_batch16-inf,8,5.984033920877607,35.283317048542585,507.5590654205606,190.0227814569538,0.3092485549132948,229053.0331125828,vit-base-patch16-224_batch8-inf,14,78.81640433895103,62.648159955531575,97.0,38.0,113.78777777777778,1.162962962962963,27.05555555555556,6.055555555555555,392.2815789473684,1.428421052631579
3.6494946761174094,16.83328335893147,735.2546666666666,303.11814814814807,0.5882352941176471,1092430.4197530863,bert-base-cased_batch16-inf,8,8.61241068595606,50.26963320036693,386.4577966101695,128.5680952380952,0.3056994818652849,355292.44444444444,wav2vec2-base-960h_batch2-inf,15,51.3062672274629,26.21571492223362,97.0,38.0,113.78777777777778,1.162962962962963,17.464285714285715,5.428571428571429,686.1577777777779,1.3266666666666669
3.6494946761174094,16.83328335893147,735.2546666666666,303.11814814814807,0.5882352941176471,1092430.4197530863,bert-base-cased_batch16-inf,8,7.800874923826927,40.96898586755094,730.4021149897334,129.1216613787137,0.1634228187919463,452309.1958465532,whisper-large-v2_batch2-inf,17,64.34995799071665,1.708509325613402,97.0,38.0,113.78777777777778,1.162962962962963,37.63403263403264,16.834498834498834,167.40575221238944,5.210442477876111
3.6494946761174094,16.83328335893147,735.2546666666666,303.11814814814807,0.5882352941176471,1092430.4197530863,bert-base-cased_batch16-inf,8,36.95724780228291,211.79472304380727,413.89,16.604258760107797,0.0008992805755395,31343.49685534591,gpt2-xl_batch20-inf,18,103.62298621003627,6.634966272254783,97.0,38.0,113.78777777777778,1.162962962962963,35.166666666666664,20.0,202.858,3.222
3.6494946761174094,16.83328335893147,735.2546666666666,303.11814814814807,0.5882352941176471,1092430.4197530863,bert-base-cased_batch16-inf,8,7.810020991419311,42.83362266593558,713.7641538461538,139.9536170212766,0.1815642458100558,1342018.5721040189,wav2vec2-base-960h_batch16-inf,19,50.18367741519689,34.110147350820355,97.0,38.0,113.78777777777778,1.162962962962963,21.0,7.98,276.49724999999995,1.5592499999999991
3.6494946761174094,16.83328335893147,735.2546666666666,303.11814814814807,0.5882352941176471,1092430.4197530863,bert-base-cased_batch16-inf,8,7.184968009820481,37.13651726722484,348.57717857142893,157.34347297297316,0.6086956521739131,920609.0810810812,vit_h_14_batch8-train,20,53.59888029736365,4.755849860462044,97.0,38.0,113.78777777777778,1.162962962962963,96.99371069182388,32.52201,146.7843030303031,1.4830909090909123
3.6494946761174094,16.83328335893147,735.2546666666666,303.11814814814807,0.5882352941176471,1092430.4197530863,bert-base-cased_batch16-inf,8,4.970990415291147,24.972133812000106,531.3158333333334,223.9138509316772,0.594059405940594,561325.5155279504,bert-base-cased_batch8-inf,21,49.0493538125584,46.79496893468708,97.0,38.0,113.78777777777778,1.162962962962963,96.0,38.0,95.984,1.1133333333333333
3.6494946761174094,16.83328335893147,735.2546666666666,303.11814814814807,0.5882352941176471,1092430.4197530863,bert-base-cased_batch16-inf,8,4.1792392742926765,20.82503205054419,589.4399999999997,266.5920600858368,0.6068965517241379,790413.8712446352,bert-base-cased_batch16-train,22,47.12527738551543,16.002196379895278,97.0,38.0,113.78777777777778,1.162962962962963,97.01724137931036,42.82758620689656,101.64712765957448,1.2172340425531931
3.6494946761174094,16.83328335893147,735.2546666666666,303.11814814814807,0.5882352941176471,1092430.4197530863,bert-base-cased_batch16-inf,8,10.825834718820031,44.14279463844081,496.6181692094317,108.75369138066591,0.2328811369509044,3113255.480220068,whisper-large-v2_batch16-inf,23,60.98420571726928,1.960423941677388,97.0,38.0,113.78777777777778,1.162962962962963,50.03021148036254,22.38368580060423,115.65532695374812,5.37405103668258
9.910998486903791,57.24124716144934,521.1402941176472,108.69638297872348,0.1915492957746478,677125.4468085107,wav2vec2-base-960h_batch8-inf,9,9.910998486903791,57.24124716144934,521.1402941176472,108.69638297872348,0.1915492957746478,677125.4468085107,wav2vec2-base-960h_batch8-inf,9,34.750825894426086,33.80968978738237,18.24,6.6,387.6431818181818,1.492272727272728,18.24,6.6,387.6431818181818,1.492272727272728
9.910998486903791,57.24124716144934,521.1402941176472,108.69638297872348,0.1915492957746478,677125.4468085107,wav2vec2-base-960h_batch8-inf,9,5.262102626088674,28.706094690685045,442.0544943820222,203.8333620689655,0.6223776223776224,429556.5517241379,bert-base-cased_batch8-train,10,31.85593672600884,16.015807810306274,18.24,6.6,387.6431818181818,1.492272727272728,96.7,45.2,110.38627450980394,1.20764705882353
9.910998486903791,57.24124716144934,521.1402941176472,108.69638297872348,0.1915492957746478,677125.4468085107,wav2vec2-base-960h_batch8-inf,9,6.340558864222144,33.56571535204275,365.4948087431694,168.6319867549669,0.6777777777777778,444314.27814569534,vit-base-patch16-224_batch16-inf,11,50.37652557777201,66.24158696422246,18.24,6.6,387.6431818181818,1.492272727272728,29.0,6.026315789473684,272.6894117647059,1.512941176470588
9.910998486903791,57.24124716144934,521.1402941176472,108.69638297872348,0.1915492957746478,677125.4468085107,wav2vec2-base-960h_batch8-inf,9,11.747958573804285,54.63636430911887,386.6198204667865,90.94675150128678,0.1894557823129251,1702684.6199599656,whisper-large-v2_batch8-inf,12,43.91955627664792,2.1292876867285493,18.24,6.6,387.6431818181818,1.492272727272728,45.11811023622048,19.79265091863517,125.26545454545456,5.3417878787879065
9.910998486903791,57.24124716144934,521.1402941176472,108.69638297872348,0.1915492957746478,677125.4468085107,wav2vec2-base-960h_batch8-inf,9,7.601395971866045,45.94715083457058,329.7787323943663,143.709051724138,0.4409937888198758,210461.93103448275,bert-base-cased_batch2-train,13,33.153420014525985,11.68380378544764,18.24,6.6,387.6431818181818,1.492272727272728,97.27272727272728,47.76623376623377,144.3622222222222,1.152222222222222
9.910998486903791,57.24124716144934,521.1402941176472,108.69638297872348,0.1915492957746478,677125.4468085107,wav2vec2-base-960h_batch8-inf,9,5.984033920877607,35.283317048542585,507.5590654205606,190.0227814569538,0.3092485549132948,229053.0331125828,vit-base-patch16-224_batch8-inf,14,50.27643400138217,64.34176111595465,18.24,6.6,387.6431818181818,1.492272727272728,27.05555555555556,6.055555555555555,392.2815789473684,1.428421052631579
9.910998486903791,57.24124716144934,521.1402941176472,108.69638297872348,0.1915492957746478,677125.4468085107,wav2vec2-base-960h_batch8-inf,9,8.61241068595606,50.26963320036693,386.4577966101695,128.5680952380952,0.3056994818652849,355292.44444444444,wav2vec2-base-960h_batch2-inf,15,36.88433745622202,26.68133681749416,18.24,6.6,387.6431818181818,1.492272727272728,17.464285714285715,5.428571428571429,686.1577777777779,1.3266666666666669
9.910998486903791,57.24124716144934,521.1402941176472,108.69638297872348,0.1915492957746478,677125.4468085107,wav2vec2-base-960h_batch8-inf,9,7.800874923826927,40.96898586755094,730.4021149897334,129.1216613787137,0.1634228187919463,452309.1958465532,whisper-large-v2_batch2-inf,17,43.7027164016595,1.826408202233199,18.24,6.6,387.6431818181818,1.492272727272728,37.63403263403264,16.834498834498834,167.40575221238944,5.210442477876111
9.910998486903791,57.24124716144934,521.1402941176472,108.69638297872348,0.1915492957746478,677125.4468085107,wav2vec2-base-960h_batch8-inf,9,36.95724780228291,211.79472304380727,413.89,16.604258760107797,0.0008992805755395,31343.49685534591,gpt2-xl_batch20-inf,18,63.62441654959895,12.31274368971886,18.24,6.6,387.6431818181818,1.492272727272728,35.166666666666664,20.0,202.858,3.222
9.910998486903791,57.24124716144934,521.1402941176472,108.69638297872348,0.1915492957746478,677125.4468085107,wav2vec2-base-960h_batch8-inf,9,7.184968009820481,37.13651726722484,348.57717857142893,157.34347297297316,0.6086956521739131,920609.0810810812,vit_h_14_batch8-train,20,35.91373299188547,5.115718537101257,18.24,6.6,387.6431818181818,1.492272727272728,96.99371069182388,32.52201,146.7843030303031,1.4830909090909123
9.910998486903791,57.24124716144934,521.1402941176472,108.69638297872348,0.1915492957746478,677125.4468085107,wav2vec2-base-960h_batch8-inf,9,4.970990415291147,24.972133812000106,531.3158333333334,223.9138509316772,0.594059405940594,561325.5155279504,bert-base-cased_batch8-inf,21,33.91930612560985,48.5019620870793,18.24,6.6,387.6431818181818,1.492272727272728,96.0,38.0,95.984,1.1133333333333333
9.910998486903791,57.24124716144934,521.1402941176472,108.69638297872348,0.1915492957746478,677125.4468085107,wav2vec2-base-960h_batch8-inf,9,4.1792392742926765,20.82503205054419,589.4399999999997,266.5920600858368,0.6068965517241379,790413.8712446352,bert-base-cased_batch16-train,22,31.53702349020564,16.97624428154109,18.24,6.6,387.6431818181818,1.492272727272728,97.01724137931036,42.82758620689656,101.64712765957448,1.2172340425531931
9.910998486903791,57.24124716144934,521.1402941176472,108.69638297872348,0.1915492957746478,677125.4468085107,wav2vec2-base-960h_batch8-inf,9,10.825834718820031,44.14279463844081,496.6181692094317,108.75369138066591,0.2328811369509044,3113255.480220068,whisper-large-v2_batch16-inf,23,43.789030170792266,2.0345017589963126,18.24,6.6,387.6431818181818,1.492272727272728,50.03021148036254,22.38368580060423,115.65532695374812,5.37405103668258
5.262102626088674,28.706094690685045,442.0544943820222,203.8333620689655,0.6223776223776224,429556.5517241379,bert-base-cased_batch8-train,10,5.262102626088674,28.706094690685045,442.0544943820222,203.8333620689655,0.6223776223776224,429556.5517241379,bert-base-cased_batch8-train,10,15.004808012719812,14.716363286140806,96.7,45.2,110.38627450980394,1.20764705882353,96.7,45.2,110.38627450980394,1.20764705882353
5.262102626088674,28.706094690685045,442.0544943820222,203.8333620689655,0.6223776223776224,429556.5517241379,bert-base-cased_batch8-train,10,6.340558864222144,33.56571535204275,365.4948087431694,168.6319867549669,0.6777777777777778,444314.27814569534,vit-base-patch16-224_batch16-inf,11,24.16796228179945,64.11593566448921,96.7,45.2,110.38627450980394,1.20764705882353,29.0,6.026315789473684,272.6894117647059,1.512941176470588
5.262102626088674,28.706094690685045,442.0544943820222,203.8333620689655,0.6223776223776224,429556.5517241379,bert-base-cased_batch8-train,10,11.747958573804285,54.63636430911887,386.6198204667865,90.94675150128678,0.1894557823129251,1702684.6199599656,whisper-large-v2_batch8-inf,12,14.85704601937355,1.9080512715014344,96.7,45.2,110.38627450980394,1.20764705882353,45.11811023622048,19.79265091863517,125.26545454545456,5.3417878787879065
5.262102626088674,28.706094690685045,442.0544943820222,203.8333620689655,0.6223776223776224,429556.5517241379,bert-base-cased_batch8-train,10,7.601395971866045,45.94715083457058,329.7787323943663,143.709051724138,0.4409937888198758,210461.93103448275,bert-base-cased_batch2-train,13,16.051545809077034,10.5702980159938,96.7,45.2,110.38627450980394,1.20764705882353,97.27272727272728,47.76623376623377,144.3622222222222,1.152222222222222
5.262102626088674,28.706094690685045,442.0544943820222,203.8333620689655,0.6223776223776224,429556.5517241379,bert-base-cased_batch8-train,10,5.984033920877607,35.283317048542585,507.5590654205606,190.0227814569538,0.3092485549132948,229053.0331125828,vit-base-patch16-224_batch8-inf,14,24.794895168641748,62.06658341525626,96.7,45.2,110.38627450980394,1.20764705882353,27.05555555555556,6.055555555555555,392.2815789473684,1.428421052631579
5.262102626088674,28.706094690685045,442.0544943820222,203.8333620689655,0.6223776223776224,429556.5517241379,bert-base-cased_batch8-train,10,8.61241068595606,50.26963320036693,386.4577966101695,128.5680952380952,0.3056994818652849,355292.44444444444,wav2vec2-base-960h_batch2-inf,15,17.03800786369594,25.51736232900737,96.7,45.2,110.38627450980394,1.20764705882353,17.464285714285715,5.428571428571429,686.1577777777779,1.3266666666666669
5.262102626088674,28.706094690685045,442.0544943820222,203.8333620689655,0.6223776223776224,429556.5517241379,bert-base-cased_batch8-train,10,7.800874923826927,40.96898586755094,730.4021149897334,129.1216613787137,0.1634228187919463,452309.1958465532,whisper-large-v2_batch2-inf,17,16.431918900529297,1.641295213170971,96.7,45.2,110.38627450980394,1.20764705882353,37.63403263403264,16.834498834498834,167.40575221238944,5.210442477876111
5.262102626088674,28.706094690685045,442.0544943820222,203.8333620689655,0.6223776223776224,429556.5517241379,bert-base-cased_batch8-train,10,36.95724780228291,211.79472304380727,413.89,16.604258760107797,0.0008992805755395,31343.49685534591,gpt2-xl_batch20-inf,18,30.98673380458991,13.35113484646195,96.7,45.2,110.38627450980394,1.20764705882353,35.166666666666664,20.0,202.858,3.222
5.262102626088674,28.706094690685045,442.0544943820222,203.8333620689655,0.6223776223776224,429556.5517241379,bert-base-cased_batch8-train,10,7.184968009820481,37.13651726722484,348.57717857142893,157.34347297297316,0.6086956521739131,920609.0810810812,vit_h_14_batch8-train,20,15.985771826123347,4.7042625207962825,96.7,45.2,110.38627450980394,1.20764705882353,96.99371069182388,32.52201,146.7843030303031,1.4830909090909123
5.262102626088674,28.706094690685045,442.0544943820222,203.8333620689655,0.6223776223776224,429556.5517241379,bert-base-cased_batch8-train,10,4.970990415291147,24.972133812000106,531.3158333333334,223.9138509316772,0.594059405940594,561325.5155279504,bert-base-cased_batch8-inf,21,15.807410630121094,45.590273034212224,96.7,45.2,110.38627450980394,1.20764705882353,96.0,38.0,95.984,1.1133333333333333
5.262102626088674,28.706094690685045,442.0544943820222,203.8333620689655,0.6223776223776224,429556.5517241379,bert-base-cased_batch8-train,10,4.1792392742926765,20.82503205054419,589.4399999999997,266.5920600858368,0.6068965517241379,790413.8712446352,bert-base-cased_batch16-train,22,14.713828917036412,15.672357469242488,96.7,45.2,110.38627450980394,1.20764705882353,97.01724137931036,42.82758620689656,101.64712765957448,1.2172340425531931
5.262102626088674,28.706094690685045,442.0544943820222,203.8333620689655,0.6223776223776224,429556.5517241379,bert-base-cased_batch8-train,10,10.825834718820031,44.14279463844081,496.6181692094317,108.75369138066591,0.2328811369509044,3113255.480220068,whisper-large-v2_batch16-inf,23,14.656671331088036,1.872217910723836,96.7,45.2,110.38627450980394,1.20764705882353,50.03021148036254,22.38368580060423,115.65532695374812,5.37405103668258
6.340558864222144,33.56571535204275,365.4948087431694,168.6319867549669,0.6777777777777778,444314.27814569534,vit-base-patch16-224_batch16-inf,11,6.340558864222144,33.56571535204275,365.4948087431694,168.6319867549669,0.6777777777777778,444314.27814569534,vit-base-patch16-224_batch16-inf,11,78.58902866035534,78.34588231348414,29.0,6.026315789473684,272.6894117647059,1.512941176470588,29.0,6.026315789473684,272.6894117647059,1.512941176470588
6.340558864222144,33.56571535204275,365.4948087431694,168.6319867549669,0.6777777777777778,444314.27814569534,vit-base-patch16-224_batch16-inf,11,11.747958573804285,54.63636430911887,386.6198204667865,90.94675150128678,0.1894557823129251,1702684.6199599656,whisper-large-v2_batch8-inf,12,65.5776971955155,2.6025193833474902,29.0,6.026315789473684,272.6894117647059,1.512941176470588,45.11811023622048,19.79265091863517,125.26545454545456,5.3417878787879065
6.340558864222144,33.56571535204275,365.4948087431694,168.6319867549669,0.6777777777777778,444314.27814569534,vit-base-patch16-224_batch16-inf,11,7.601395971866045,45.94715083457058,329.7787323943663,143.709051724138,0.4409937888198758,210461.93103448275,bert-base-cased_batch2-train,13,65.30338397886585,18.170457385653588,29.0,6.026315789473684,272.6894117647059,1.512941176470588,97.27272727272728,47.76623376623377,144.3622222222222,1.152222222222222
6.340558864222144,33.56571535204275,365.4948087431694,168.6319867549669,0.6777777777777778,444314.27814569534,vit-base-patch16-224_batch16-inf,11,5.984033920877607,35.283317048542585,507.5590654205606,190.0227814569538,0.3092485549132948,229053.0331125828,vit-base-patch16-224_batch8-inf,14,78.31918883697277,76.98138078760917,29.0,6.026315789473684,272.6894117647059,1.512941176470588,27.05555555555556,6.055555555555555,392.2815789473684,1.428421052631579
6.340558864222144,33.56571535204275,365.4948087431694,168.6319867549669,0.6777777777777778,444314.27814569534,vit-base-patch16-224_batch16-inf,11,8.61241068595606,50.26963320036693,386.4577966101695,128.5680952380952,0.3056994818652849,355292.44444444444,wav2vec2-base-960h_batch2-inf,15,69.75978940440935,41.93385690611716,29.0,6.026315789473684,272.6894117647059,1.512941176470588,17.464285714285715,5.428571428571429,686.1577777777779,1.3266666666666669
6.340558864222144,33.56571535204275,365.4948087431694,168.6319867549669,0.6777777777777778,444314.27814569534,vit-base-patch16-224_batch16-inf,11,7.800874923826927,40.96898586755094,730.4021149897334,129.1216613787137,0.1634228187919463,452309.1958465532,whisper-large-v2_batch2-inf,17,67.17282553875933,2.5382925223488724,29.0,6.026315789473684,272.6894117647059,1.512941176470588,37.63403263403264,16.834498834498834,167.40575221238944,5.210442477876111
6.340558864222144,33.56571535204275,365.4948087431694,168.6319867549669,0.6777777777777778,444314.27814569534,vit-base-patch16-224_batch16-inf,11,36.95724780228291,211.79472304380727,413.89,16.604258760107797,0.0008992805755395,31343.49685534591,gpt2-xl_batch20-inf,18,82.75398824517212,22.002200220022004,29.0,6.026315789473684,272.6894117647059,1.512941176470588,35.166666666666664,20.0,202.858,3.222
6.340558864222144,33.56571535204275,365.4948087431694,168.6319867549669,0.6777777777777778,444314.27814569534,vit-base-patch16-224_batch16-inf,11,7.810020991419311,42.83362266593558,713.7641538461538,139.9536170212766,0.1815642458100558,1342018.5721040189,wav2vec2-base-960h_batch16-inf,19,65.63322350235511,52.14002553248673,29.0,6.026315789473684,272.6894117647059,1.512941176470588,21.0,7.98,276.49724999999995,1.5592499999999991
6.340558864222144,33.56571535204275,365.4948087431694,168.6319867549669,0.6777777777777778,444314.27814569534,vit-base-patch16-224_batch16-inf,11,7.184968009820481,37.13651726722484,348.57717857142893,157.34347297297316,0.6086956521739131,920609.0810810812,vit_h_14_batch8-train,20,64.81687014428412,7.512520868113523,29.0,6.026315789473684,272.6894117647059,1.512941176470588,96.99371069182388,32.52201,146.7843030303031,1.4830909090909123
6.340558864222144,33.56571535204275,365.4948087431694,168.6319867549669,0.6777777777777778,444314.27814569534,vit-base-patch16-224_batch16-inf,11,4.970990415291147,24.972133812000106,531.3158333333334,223.9138509316772,0.594059405940594,561325.5155279504,bert-base-cased_batch8-inf,21,66.53728860548932,78.73272665992585,29.0,6.026315789473684,272.6894117647059,1.512941176470588,96.0,38.0,95.984,1.1133333333333333
6.340558864222144,33.56571535204275,365.4948087431694,168.6319867549669,0.6777777777777778,444314.27814569534,vit-base-patch16-224_batch16-inf,11,4.1792392742926765,20.82503205054419,589.4399999999997,266.5920600858368,0.6068965517241379,790413.8712446352,bert-base-cased_batch16-train,22,63.62435483651319,25.86084280486701,29.0,6.026315789473684,272.6894117647059,1.512941176470588,97.01724137931036,42.82758620689656,101.64712765957448,1.2172340425531931
6.340558864222144,33.56571535204275,365.4948087431694,168.6319867549669,0.6777777777777778,444314.27814569534,vit-base-patch16-224_batch16-inf,11,10.825834718820031,44.14279463844081,496.6181692094317,108.75369138066591,0.2328811369509044,3113255.480220068,whisper-large-v2_batch16-inf,23,65.0307800922413,3.123349332843396,29.0,6.026315789473684,272.6894117647059,1.512941176470588,50.03021148036254,22.38368580060423,115.65532695374812,5.37405103668258
11.747958573804285,54.63636430911887,386.6198204667865,90.94675150128678,0.1894557823129251,1702684.6199599656,whisper-large-v2_batch8-inf,12,11.747958573804285,54.63636430911887,386.6198204667865,90.94675150128678,0.1894557823129251,1702684.6199599656,whisper-large-v2_batch8-inf,12,1.8106171507820328,1.874242211992252,45.11811023622048,19.79265091863517,125.26545454545456,5.3417878787879065,45.11811023622048,19.79265091863517,125.26545454545456,5.3417878787879065
11.747958573804285,54.63636430911887,386.6198204667865,90.94675150128678,0.1894557823129251,1702684.6199599656,whisper-large-v2_batch8-inf,12,7.601395971866045,45.94715083457058,329.7787323943663,143.709051724138,0.4409937888198758,210461.93103448275,bert-base-cased_batch2-train,13,1.9252939629463612,10.758417421887687,45.11811023622048,19.79265091863517,125.26545454545456,5.3417878787879065,97.27272727272728,47.76623376623377,144.3622222222222,1.152222222222222
11.747958573804285,54.63636430911887,386.6198204667865,90.94675150128678,0.1894557823129251,1702684.6199599656,whisper-large-v2_batch8-inf,12,5.984033920877607,35.283317048542585,507.5590654205606,190.0227814569538,0.3092485549132948,229053.0331125828,vit-base-patch16-224_batch8-inf,14,3.05015424075422,63.479072622412055,45.11811023622048,19.79265091863517,125.26545454545456,5.3417878787879065,27.05555555555556,6.055555555555555,392.2815789473684,1.428421052631579
11.747958573804285,54.63636430911887,386.6198204667865,90.94675150128678,0.1894557823129251,1702684.6199599656,whisper-large-v2_batch8-inf,12,7.800874923826927,40.96898586755094,730.4021149897334,129.1216613787137,0.1634228187919463,452309.1958465532,whisper-large-v2_batch2-inf,17,2.023696723662822,1.5841516986380366,45.11811023622048,19.79265091863517,125.26545454545456,5.3417878787879065,37.63403263403264,16.834498834498834,167.40575221238944,5.210442477876111
11.747958573804285,54.63636430911887,386.6198204667865,90.94675150128678,0.1894557823129251,1702684.6199599656,whisper-large-v2_batch8-inf,12,36.95724780228291,211.79472304380727,413.89,16.604258760107797,0.0008992805755395,31343.49685534591,gpt2-xl_batch20-inf,18,3.957224289819569,4.313443565780014,45.11811023622048,19.79265091863517,125.26545454545456,5.3417878787879065,35.166666666666664,20.0,202.858,3.222
11.747958573804285,54.63636430911887,386.6198204667865,90.94675150128678,0.1894557823129251,1702684.6199599656,whisper-large-v2_batch8-inf,12,7.184968009820481,37.13651726722484,348.57717857142893,157.34347297297316,0.6086956521739131,920609.0810810812,vit_h_14_batch8-train,20,1.8249448322626416,4.5889089808596975,45.11811023622048,19.79265091863517,125.26545454545456,5.3417878787879065,96.99371069182388,32.52201,146.7843030303031,1.4830909090909123
11.747958573804285,54.63636430911887,386.6198204667865,90.94675150128678,0.1894557823129251,1702684.6199599656,whisper-large-v2_batch8-inf,12,4.970990415291147,24.972133812000106,531.3158333333334,223.9138509316772,0.594059405940594,561325.5155279504,bert-base-cased_batch8-inf,21,2.2857142857142856,84.96708253009858,45.11811023622048,19.79265091863517,125.26545454545456,5.3417878787879065,96.0,38.0,95.984,1.1133333333333333
11.747958573804285,54.63636430911887,386.6198204667865,90.94675150128678,0.1894557823129251,1702684.6199599656,whisper-large-v2_batch8-inf,12,4.1792392742926765,20.82503205054419,589.4399999999997,266.5920600858368,0.6068965517241379,790413.8712446352,bert-base-cased_batch16-train,22,1.855586287153572,15.826323095478305,45.11811023622048,19.79265091863517,125.26545454545456,5.3417878787879065,97.01724137931036,42.82758620689656,101.64712765957448,1.2172340425531931
11.747958573804285,54.63636430911887,386.6198204667865,90.94675150128678,0.1894557823129251,1702684.6199599656,whisper-large-v2_batch8-inf,12,10.825834718820031,44.14279463844081,496.6181692094317,108.75369138066591,0.2328811369509044,3113255.480220068,whisper-large-v2_batch16-inf,23,1.8410530433078451,1.916856355576854,45.11811023622048,19.79265091863517,125.26545454545456,5.3417878787879065,50.03021148036254,22.38368580060423,115.65532695374812,5.37405103668258
7.601395971866045,45.94715083457058,329.7787323943663,143.709051724138,0.4409937888198758,210461.93103448275,bert-base-cased_batch2-train,13,7.601395971866045,45.94715083457058,329.7787323943663,143.709051724138,0.4409937888198758,210461.93103448275,bert-base-cased_batch2-train,13,11.612800593896653,10.878232144891218,97.27272727272728,47.76623376623377,144.3622222222222,1.152222222222222,97.27272727272728,47.76623376623377,144.3622222222222,1.152222222222222
7.601395971866045,45.94715083457058,329.7787323943663,143.709051724138,0.4409937888198758,210461.93103448275,bert-base-cased_batch2-train,13,5.984033920877607,35.283317048542585,507.5590654205606,190.0227814569538,0.3092485549132948,229053.0331125828,vit-base-patch16-224_batch8-inf,14,18.6515892145158,64.0842752112367,97.27272727272728,47.76623376623377,144.3622222222222,1.152222222222222,27.05555555555556,6.055555555555555,392.2815789473684,1.428421052631579
7.601395971866045,45.94715083457058,329.7787323943663,143.709051724138,0.4409937888198758,210461.93103448275,bert-base-cased_batch2-train,13,8.61241068595606,50.26963320036693,386.4577966101695,128.5680952380952,0.3056994818652849,355292.44444444444,wav2vec2-base-960h_batch2-inf,15,12.763532763532764,26.19733525387108,97.27272727272728,47.76623376623377,144.3622222222222,1.152222222222222,17.464285714285715,5.428571428571429,686.1577777777779,1.3266666666666669
7.601395971866045,45.94715083457058,329.7787323943663,143.709051724138,0.4409937888198758,210461.93103448275,bert-base-cased_batch2-train,13,7.800874923826927,40.96898586755094,730.4021149897334,129.1216613787137,0.1634228187919463,452309.1958465532,whisper-large-v2_batch2-inf,17,11.9460672509643,1.686247808891915,97.27272727272728,47.76623376623377,144.3622222222222,1.152222222222222,37.63403263403264,16.834498834498834,167.40575221238944,5.210442477876111
7.601395971866045,45.94715083457058,329.7787323943663,143.709051724138,0.4409937888198758,210461.93103448275,bert-base-cased_batch2-train,13,36.95724780228291,211.79472304380727,413.89,16.604258760107797,0.0008992805755395,31343.49685534591,gpt2-xl_batch20-inf,18,22.211764705882352,22.354694485842025,97.27272727272728,47.76623376623377,144.3622222222222,1.152222222222222,35.166666666666664,20.0,202.858,3.222
7.601395971866045,45.94715083457058,329.7787323943663,143.709051724138,0.4409937888198758,210461.93103448275,bert-base-cased_batch2-train,13,7.810020991419311,42.83362266593558,713.7641538461538,139.9536170212766,0.1815642458100558,1342018.5721040189,wav2vec2-base-960h_batch16-inf,19,11.4605654247598,34.07793424481073,97.27272727272728,47.76623376623377,144.3622222222222,1.152222222222222,21.0,7.98,276.49724999999995,1.5592499999999991
7.601395971866045,45.94715083457058,329.7787323943663,143.709051724138,0.4409937888198758,210461.93103448275,bert-base-cased_batch2-train,13,7.184968009820481,37.13651726722484,348.57717857142893,157.34347297297316,0.6086956521739131,920609.0810810812,vit_h_14_batch8-train,20,17.0300031206812,5.551700208188758,97.27272727272728,47.76623376623377,144.3622222222222,1.152222222222222,96.99371069182388,32.52201,146.7843030303031,1.4830909090909123
7.601395971866045,45.94715083457058,329.7787323943663,143.709051724138,0.4409937888198758,210461.93103448275,bert-base-cased_batch2-train,13,4.970990415291147,24.972133812000106,531.3158333333334,223.9138509316772,0.594059405940594,561325.5155279504,bert-base-cased_batch8-inf,21,12.138718385172194,45.20911149387471,97.27272727272728,47.76623376623377,144.3622222222222,1.152222222222222,96.0,38.0,95.984,1.1133333333333333
7.601395971866045,45.94715083457058,329.7787323943663,143.709051724138,0.4409937888198758,210461.93103448275,bert-base-cased_batch2-train,13,4.1792392742926765,20.82503205054419,589.4399999999997,266.5920600858368,0.6068965517241379,790413.8712446352,bert-base-cased_batch16-train,22,10.468334657860842,17.28087975387838,97.27272727272728,47.76623376623377,144.3622222222222,1.152222222222222,97.01724137931036,42.82758620689656,101.64712765957448,1.2172340425531931
7.601395971866045,45.94715083457058,329.7787323943663,143.709051724138,0.4409937888198758,210461.93103448275,bert-base-cased_batch2-train,13,10.825834718820031,44.14279463844081,496.6181692094317,108.75369138066591,0.2328811369509044,3113255.480220068,whisper-large-v2_batch16-inf,23,10.548538436673075,1.9491055715283232,97.27272727272728,47.76623376623377,144.3622222222222,1.152222222222222,50.03021148036254,22.38368580060423,115.65532695374812,5.37405103668258
5.984033920877607,35.283317048542585,507.5590654205606,190.0227814569538,0.3092485549132948,229053.0331125828,vit-base-patch16-224_batch8-inf,14,5.984033920877607,35.283317048542585,507.5590654205606,190.0227814569538,0.3092485549132948,229053.0331125828,vit-base-patch16-224_batch8-inf,14,78.17182817182818,78.38926174496645,27.05555555555556,6.055555555555555,392.2815789473684,1.428421052631579,27.05555555555556,6.055555555555555,392.2815789473684,1.428421052631579
5.984033920877607,35.283317048542585,507.5590654205606,190.0227814569538,0.3092485549132948,229053.0331125828,vit-base-patch16-224_batch8-inf,14,8.61241068595606,50.26963320036693,386.4577966101695,128.5680952380952,0.3056994818652849,355292.44444444444,wav2vec2-base-960h_batch2-inf,15,67.74595267745953,42.29036477256213,27.05555555555556,6.055555555555555,392.2815789473684,1.428421052631579,17.464285714285715,5.428571428571429,686.1577777777779,1.3266666666666669
5.984033920877607,35.283317048542585,507.5590654205606,190.0227814569538,0.3092485549132948,229053.0331125828,vit-base-patch16-224_batch8-inf,14,7.800874923826927,40.96898586755094,730.4021149897334,129.1216613787137,0.1634228187919463,452309.1958465532,whisper-large-v2_batch2-inf,17,65.63446205920853,2.5549310168625445,27.05555555555556,6.055555555555555,392.2815789473684,1.428421052631579,37.63403263403264,16.834498834498834,167.40575221238944,5.210442477876111
5.984033920877607,35.283317048542585,507.5590654205606,190.0227814569538,0.3092485549132948,229053.0331125828,vit-base-patch16-224_batch8-inf,14,36.95724780228291,211.79472304380727,413.89,16.604258760107797,0.0008992805755395,31343.49685534591,gpt2-xl_batch20-inf,18,79.21097241485592,29.097963142580024,27.05555555555556,6.055555555555555,392.2815789473684,1.428421052631579,35.166666666666664,20.0,202.858,3.222
5.984033920877607,35.283317048542585,507.5590654205606,190.0227814569538,0.3092485549132948,229053.0331125828,vit-base-patch16-224_batch8-inf,14,7.810020991419311,42.83362266593558,713.7641538461538,139.9536170212766,0.1815642458100558,1342018.5721040189,wav2vec2-base-960h_batch16-inf,19,64.49909806854679,51.86934628581614,27.05555555555556,6.055555555555555,392.2815789473684,1.428421052631579,21.0,7.98,276.49724999999995,1.5592499999999991
5.984033920877607,35.283317048542585,507.5590654205606,190.0227814569538,0.3092485549132948,229053.0331125828,vit-base-patch16-224_batch8-inf,14,7.184968009820481,37.13651726722484,348.57717857142893,157.34347297297316,0.6086956521739131,920609.0810810812,vit_h_14_batch8-train,20,65.33717450283892,7.67828006526538,27.05555555555556,6.055555555555555,392.2815789473684,1.428421052631579,96.99371069182388,32.52201,146.7843030303031,1.4830909090909123
5.984033920877607,35.283317048542585,507.5590654205606,190.0227814569538,0.3092485549132948,229053.0331125828,vit-base-patch16-224_batch8-inf,14,4.970990415291147,24.972133812000106,531.3158333333334,223.9138509316772,0.594059405940594,561325.5155279504,bert-base-cased_batch8-inf,21,64.90652783881546,77.48955085251775,27.05555555555556,6.055555555555555,392.2815789473684,1.428421052631579,96.0,38.0,95.984,1.1133333333333333
5.984033920877607,35.283317048542585,507.5590654205606,190.0227814569538,0.3092485549132948,229053.0331125828,vit-base-patch16-224_batch8-inf,14,4.1792392742926765,20.82503205054419,589.4399999999997,266.5920600858368,0.6068965517241379,790413.8712446352,bert-base-cased_batch16-train,22,63.17953156271975,25.63217824222409,27.05555555555556,6.055555555555555,392.2815789473684,1.428421052631579,97.01724137931036,42.82758620689656,101.64712765957448,1.2172340425531931
5.984033920877607,35.283317048542585,507.5590654205606,190.0227814569538,0.3092485549132948,229053.0331125828,vit-base-patch16-224_batch8-inf,14,10.825834718820031,44.14279463844081,496.6181692094317,108.75369138066591,0.2328811369509044,3113255.480220068,whisper-large-v2_batch16-inf,23,64.22231997308977,3.1034994237988203,27.05555555555556,6.055555555555555,392.2815789473684,1.428421052631579,50.03021148036254,22.38368580060423,115.65532695374812,5.37405103668258
8.61241068595606,50.26963320036693,386.4577966101695,128.5680952380952,0.3056994818652849,355292.44444444444,wav2vec2-base-960h_batch2-inf,15,8.61241068595606,50.26963320036693,386.4577966101695,128.5680952380952,0.3056994818652849,355292.44444444444,wav2vec2-base-960h_batch2-inf,15,29.735454130154903,27.14805485586342,17.464285714285715,5.428571428571429,686.1577777777779,1.3266666666666669,17.464285714285715,5.428571428571429,686.1577777777779,1.3266666666666669
8.61241068595606,50.26963320036693,386.4577966101695,128.5680952380952,0.3056994818652849,355292.44444444444,wav2vec2-base-960h_batch2-inf,15,36.95724780228291,211.79472304380727,413.89,16.604258760107797,0.0008992805755395,31343.49685534591,gpt2-xl_batch20-inf,18,49.77664326738992,21.34471718249733,17.464285714285715,5.428571428571429,686.1577777777779,1.3266666666666669,35.166666666666664,20.0,202.858,3.222
8.61241068595606,50.26963320036693,386.4577966101695,128.5680952380952,0.3056994818652849,355292.44444444444,wav2vec2-base-960h_batch2-inf,15,7.810020991419311,42.83362266593558,713.7641538461538,139.9536170212766,0.1815642458100558,1342018.5721040189,wav2vec2-base-960h_batch16-inf,19,26.777087646652863,38.75624104009096,17.464285714285715,5.428571428571429,686.1577777777779,1.3266666666666669,21.0,7.98,276.49724999999995,1.5592499999999991
8.61241068595606,50.26963320036693,386.4577966101695,128.5680952380952,0.3056994818652849,355292.44444444444,wav2vec2-base-960h_batch2-inf,15,7.184968009820481,37.13651726722484,348.57717857142893,157.34347297297316,0.6086956521739131,920609.0810810812,vit_h_14_batch8-train,20,43.88809290400423,8.032128514056225,17.464285714285715,5.428571428571429,686.1577777777779,1.3266666666666669,96.99371069182388,32.52201,146.7843030303031,1.4830909090909123
8.61241068595606,50.26963320036693,386.4577966101695,128.5680952380952,0.3056994818652849,355292.44444444444,wav2vec2-base-960h_batch2-inf,15,4.970990415291147,24.972133812000106,531.3158333333334,223.9138509316772,0.594059405940594,561325.5155279504,bert-base-cased_batch8-inf,21,26.889450165144744,49.39629104903682,17.464285714285715,5.428571428571429,686.1577777777779,1.3266666666666669,96.0,38.0,95.984,1.1133333333333333
8.61241068595606,50.26963320036693,386.4577966101695,128.5680952380952,0.3056994818652849,355292.44444444444,wav2vec2-base-960h_batch2-inf,15,4.1792392742926765,20.82503205054419,589.4399999999997,266.5920600858368,0.6068965517241379,790413.8712446352,bert-base-cased_batch16-train,22,25.30764882375962,18.338984669755003,17.464285714285715,5.428571428571429,686.1577777777779,1.3266666666666669,97.01724137931036,42.82758620689656,101.64712765957448,1.2172340425531931
7.800874923826927,40.96898586755094,730.4021149897334,129.1216613787137,0.1634228187919463,452309.1958465532,whisper-large-v2_batch2-inf,17,7.800874923826927,40.96898586755094,730.4021149897334,129.1216613787137,0.1634228187919463,452309.1958465532,whisper-large-v2_batch2-inf,17,1.688809787136046,1.6583936946845916,37.63403263403264,16.834498834498834,167.40575221238944,5.210442477876111,37.63403263403264,16.834498834498834,167.40575221238944,5.210442477876111
7.800874923826927,40.96898586755094,730.4021149897334,129.1216613787137,0.1634228187919463,452309.1958465532,whisper-large-v2_batch2-inf,17,36.95724780228291,211.79472304380727,413.89,16.604258760107797,0.0008992805755395,31343.49685534591,gpt2-xl_batch20-inf,18,3.1570639305445933,13.02931596091205,37.63403263403264,16.834498834498834,167.40575221238944,5.210442477876111,35.166666666666664,20.0,202.858,3.222
7.800874923826927,40.96898586755094,730.4021149897334,129.1216613787137,0.1634228187919463,452309.1958465532,whisper-large-v2_batch2-inf,17,7.184968009820481,37.13651726722484,348.57717857142893,157.34347297297316,0.6086956521739131,920609.0810810812,vit_h_14_batch8-train,20,1.6230732976554678,4.895689630159136,37.63403263403264,16.834498834498834,167.40575221238944,5.210442477876111,96.99371069182388,32.52201,146.7843030303031,1.4830909090909123
7.800874923826927,40.96898586755094,730.4021149897334,129.1216613787137,0.1634228187919463,452309.1958465532,whisper-large-v2_batch2-inf,17,4.970990415291147,24.972133812000106,531.3158333333334,223.9138509316772,0.594059405940594,561325.5155279504,bert-base-cased_batch8-inf,21,1.9893074723361928,84.55496434647266,37.63403263403264,16.834498834498834,167.40575221238944,5.210442477876111,96.0,38.0,95.984,1.1133333333333333
7.800874923826927,40.96898586755094,730.4021149897334,129.1216613787137,0.1634228187919463,452309.1958465532,whisper-large-v2_batch2-inf,17,4.1792392742926765,20.82503205054419,589.4399999999997,266.5920600858368,0.6068965517241379,790413.8712446352,bert-base-cased_batch16-train,22,1.5483088317451197,17.462685473887767,37.63403263403264,16.834498834498834,167.40575221238944,5.210442477876111,97.01724137931036,42.82758620689656,101.64712765957448,1.2172340425531931
7.800874923826927,40.96898586755094,730.4021149897334,129.1216613787137,0.1634228187919463,452309.1958465532,whisper-large-v2_batch2-inf,17,10.825834718820031,44.14279463844081,496.6181692094317,108.75369138066591,0.2328811369509044,3113255.480220068,whisper-large-v2_batch16-inf,23,1.5850020815432813,1.9852834891868996,37.63403263403264,16.834498834498834,167.40575221238944,5.210442477876111,50.03021148036254,22.38368580060423,115.65532695374812,5.37405103668258
36.95724780228291,211.79472304380727,413.89,16.604258760107797,0.0008992805755395,31343.49685534591,gpt2-xl_batch20-inf,18,36.95724780228291,211.79472304380727,413.89,16.604258760107797,0.0008992805755395,31343.49685534591,gpt2-xl_batch20-inf,18,16.82085786375105,31.298904538341155,35.166666666666664,20.0,202.858,3.222,35.166666666666664,20.0,202.858,3.222
36.95724780228291,211.79472304380727,413.89,16.604258760107797,0.0008992805755395,31343.49685534591,gpt2-xl_batch20-inf,18,7.184968009820481,37.13651726722484,348.57717857142893,157.34347297297316,0.6086956521739131,920609.0810810812,vit_h_14_batch8-train,20,10.793308148947652,9.411764705882351,35.166666666666664,20.0,202.858,3.222,96.99371069182388,32.52201,146.7843030303031,1.4830909090909123
36.95724780228291,211.79472304380727,413.89,16.604258760107797,0.0008992805755395,31343.49685534591,gpt2-xl_batch20-inf,18,4.970990415291147,24.972133812000106,531.3158333333334,223.9138509316772,0.594059405940594,561325.5155279504,bert-base-cased_batch8-inf,21,11.25703564727955,99.04956740399778,35.166666666666664,20.0,202.858,3.222,96.0,38.0,95.984,1.1133333333333333
36.95724780228291,211.79472304380727,413.89,16.604258760107797,0.0008992805755395,31343.49685534591,gpt2-xl_batch20-inf,18,4.1792392742926765,20.82503205054419,589.4399999999997,266.5920600858368,0.6068965517241379,790413.8712446352,bert-base-cased_batch16-train,22,7.937557878026194,33.387564546933575,35.166666666666664,20.0,202.858,3.222,97.01724137931036,42.82758620689656,101.64712765957448,1.2172340425531931
7.810020991419311,42.83362266593558,713.7641538461538,139.9536170212766,0.1815642458100558,1342018.5721040189,wav2vec2-base-960h_batch16-inf,19,4.970990415291147,24.972133812000106,531.3158333333334,223.9138509316772,0.594059405940594,561325.5155279504,bert-base-cased_batch8-inf,21,35.3063768056719,48.286411178634914,21.0,7.98,276.49724999999995,1.5592499999999991,96.0,38.0,95.984,1.1133333333333333
7.184968009820481,37.13651726722484,348.57717857142893,157.34347297297316,0.6086956521739131,920609.0810810812,vit_h_14_batch8-train,20,4.970990415291147,24.972133812000106,531.3158333333334,223.9138509316772,0.594059405940594,561325.5155279504,bert-base-cased_batch8-inf,21,5.600062222913588,59.900507718344535,96.99371069182388,32.52201,146.7843030303031,1.4830909090909123,96.0,38.0,95.984,1.1133333333333333
7.184968009820481,37.13651726722484,348.57717857142893,157.34347297297316,0.6086956521739131,920609.0810810812,vit_h_14_batch8-train,20,4.1792392742926765,20.82503205054419,589.4399999999997,266.5920600858368,0.6068965517241379,790413.8712446352,bert-base-cased_batch16-train,22,4.610251744009706,16.190128048231323,96.99371069182388,32.52201,146.7843030303031,1.4830909090909123,97.01724137931036,42.82758620689656,101.64712765957448,1.2172340425531931
4.970990415291147,24.972133812000106,531.3158333333334,223.9138509316772,0.594059405940594,561325.5155279504,bert-base-cased_batch8-inf,21,4.970990415291147,24.972133812000106,531.3158333333334,223.9138509316772,0.594059405940594,561325.5155279504,bert-base-cased_batch8-inf,21,48.85024154589372,46.88409433015554,96.0,38.0,95.984,1.1133333333333333,96.0,38.0,95.984,1.1133333333333333
4.970990415291147,24.972133812000106,531.3158333333334,223.9138509316772,0.594059405940594,561325.5155279504,bert-base-cased_batch8-inf,21,4.1792392742926765,20.82503205054419,589.4399999999997,266.5920600858368,0.6068965517241379,790413.8712446352,bert-base-cased_batch16-train,22,44.73810207794695,16.79003091914176,96.0,38.0,95.984,1.1133333333333333,97.01724137931036,42.82758620689656,101.64712765957448,1.2172340425531931
4.1792392742926765,20.82503205054419,589.4399999999997,266.5920600858368,0.6068965517241379,790413.8712446352,bert-base-cased_batch16-train,22,4.1792392742926765,20.82503205054419,589.4399999999997,266.5920600858368,0.6068965517241379,790413.8712446352,bert-base-cased_batch16-train,22,15.64286144034655,15.465978390141451,97.01724137931036,42.82758620689656,101.64712765957448,1.2172340425531931,97.01724137931036,42.82758620689656,101.64712765957448,1.2172340425531931
4.1792392742926765,20.82503205054419,589.4399999999997,266.5920600858368,0.6068965517241379,790413.8712446352,bert-base-cased_batch16-train,22,10.825834718820031,44.14279463844081,496.6181692094317,108.75369138066591,0.2328811369509044,3113255.480220068,whisper-large-v2_batch16-inf,23,15.53741423822462,1.911039000217947,97.01724137931036,42.82758620689656,101.64712765957448,1.2172340425531931,50.03021148036254,22.38368580060423,115.65532695374812,5.37405103668258
10.825834718820031,44.14279463844081,496.6181692094317,108.75369138066591,0.2328811369509044,3113255.480220068,whisper-large-v2_batch16-inf,23,10.825834718820031,44.14279463844081,496.6181692094317,108.75369138066591,0.2328811369509044,3113255.480220068,whisper-large-v2_batch16-inf,23,1.8997735057766107,1.9089164838192207,50.03021148036254,22.38368580060423,115.65532695374812,5.37405103668258,50.03021148036254,22.38368580060423,115.65532695374812,5.37405103668258
