workload1,idx1,workload2,idx2,workload3,idx3,w1_Threads,w1_Compute (SM) Throughput,w1_DRAM Throughput,w1_Memory Throughput,w1_Registers,w1_Static Shared Memory,w2_Threads,w2_Compute (SM) Throughput,w2_DRAM Throughput,w2_Memory Throughput,w2_Registers,w2_Static Shared Memory,w3_Threads,w3_Compute (SM) Throughput,w3_DRAM Throughput,w3_Memory Throughput,w3_Registers,w3_Static Shared Memory
albert-base-v2_batch8-train,0,albert-base-v2_batch8-train,0,albert-base-v2_batch8-train,0,2011555.2744192549,48.32407816574221,50.96574818117043,78.11175775979989,42373993.86889671,8963.297179442388,2011555.2744192549,48.32407816574221,50.96574818117043,78.11175775979989,42373993.86889671,8963.297179442388,2011555.2744192549,48.32407816574221,50.96574818117043,78.11175775979989,42373993.86889671,8963.297179442388
albert-base-v2_batch8-train,0,albert-base-v2_batch8-train,0,wav2vec2-base-960h_batch8-inf,1,2011555.2744192549,48.32407816574221,50.96574818117043,78.11175775979989,42373993.86889671,8963.297179442388,2011555.2744192549,48.32407816574221,50.96574818117043,78.11175775979989,42373993.86889671,8963.297179442388,682756.7824714864,62.780644321909016,21.0702801326792,64.2385060757653,27973292.570635416,74003.0752817931
albert-base-v2_batch8-train,0,albert-base-v2_batch8-train,0,bert-base-cased_batch8-train,2,2011555.2744192549,48.32407816574221,50.96574818117043,78.11175775979989,42373993.86889671,8963.297179442388,2011555.2744192549,48.32407816574221,50.96574818117043,78.11175775979989,42373993.86889671,8963.297179442388,282529.3614028022,53.30323833870383,33.27643892259864,72.11510146261294,13680331.758935943,5646.101384772973
albert-base-v2_batch8-train,0,albert-base-v2_batch8-train,0,whisper-large-v2_batch8-inf,3,2011555.2744192549,48.32407816574221,50.96574818117043,78.11175775979989,42373993.86889671,8963.297179442388,2011555.2744192549,48.32407816574221,50.96574818117043,78.11175775979989,42373993.86889671,8963.297179442388,5661591.512012222,33.63998724849095,55.31684738960696,64.7932709326375,117732415.08983348,1056.3817410779272
albert-base-v2_batch8-train,0,albert-base-v2_batch8-train,0,vit-base-patch16-224_batch8-inf,4,2011555.2744192549,48.32407816574221,50.96574818117043,78.11175775979989,42373993.86889671,8963.297179442388,2011555.2744192549,48.32407816574221,50.96574818117043,78.11175775979989,42373993.86889671,8963.297179442388,109686.3558871527,80.57405153349794,12.838127168904558,56.01186382090581,8835599.308909625,6234.131132549218
albert-base-v2_batch8-train,0,albert-base-v2_batch8-train,0,vit_h_14_batch8-train,5,2011555.2744192549,48.32407816574221,50.96574818117043,78.11175775979989,42373993.86889671,8963.297179442388,2011555.2744192549,48.32407816574221,50.96574818117043,78.11175775979989,42373993.86889671,8963.297179442388,496067.9989140645,33.65768151737584,59.00252471417957,78.60977177747729,16690912.72524413,3652.032077044045
albert-base-v2_batch8-train,0,albert-base-v2_batch8-train,0,bert-base-cased_batch8-inf,6,2011555.2744192549,48.32407816574221,50.96574818117043,78.11175775979989,42373993.86889671,8963.297179442388,2011555.2744192549,48.32407816574221,50.96574818117043,78.11175775979989,42373993.86889671,8963.297179442388,321403.49372387805,68.94063933472631,16.380971505511898,69.15212811160453,16463690.915910697,7439.555750717122
albert-base-v2_batch8-train,0,wav2vec2-base-960h_batch8-inf,1,wav2vec2-base-960h_batch8-inf,1,2011555.2744192549,48.32407816574221,50.96574818117043,78.11175775979989,42373993.86889671,8963.297179442388,682756.7824714864,62.780644321909016,21.0702801326792,64.2385060757653,27973292.570635416,74003.0752817931,682756.7824714864,62.780644321909016,21.0702801326792,64.2385060757653,27973292.570635416,74003.0752817931
albert-base-v2_batch8-train,0,wav2vec2-base-960h_batch8-inf,1,bert-base-cased_batch8-train,2,2011555.2744192549,48.32407816574221,50.96574818117043,78.11175775979989,42373993.86889671,8963.297179442388,682756.7824714864,62.780644321909016,21.0702801326792,64.2385060757653,27973292.570635416,74003.0752817931,282529.3614028022,53.30323833870383,33.27643892259864,72.11510146261294,13680331.758935943,5646.101384772973
albert-base-v2_batch8-train,0,wav2vec2-base-960h_batch8-inf,1,whisper-large-v2_batch8-inf,3,2011555.2744192549,48.32407816574221,50.96574818117043,78.11175775979989,42373993.86889671,8963.297179442388,682756.7824714864,62.780644321909016,21.0702801326792,64.2385060757653,27973292.570635416,74003.0752817931,5661591.512012222,33.63998724849095,55.31684738960696,64.7932709326375,117732415.08983348,1056.3817410779272
albert-base-v2_batch8-train,0,wav2vec2-base-960h_batch8-inf,1,vit-base-patch16-224_batch8-inf,4,2011555.2744192549,48.32407816574221,50.96574818117043,78.11175775979989,42373993.86889671,8963.297179442388,682756.7824714864,62.780644321909016,21.0702801326792,64.2385060757653,27973292.570635416,74003.0752817931,109686.3558871527,80.57405153349794,12.838127168904558,56.01186382090581,8835599.308909625,6234.131132549218
albert-base-v2_batch8-train,0,wav2vec2-base-960h_batch8-inf,1,vit_h_14_batch8-train,5,2011555.2744192549,48.32407816574221,50.96574818117043,78.11175775979989,42373993.86889671,8963.297179442388,682756.7824714864,62.780644321909016,21.0702801326792,64.2385060757653,27973292.570635416,74003.0752817931,496067.9989140645,33.65768151737584,59.00252471417957,78.60977177747729,16690912.72524413,3652.032077044045
albert-base-v2_batch8-train,0,wav2vec2-base-960h_batch8-inf,1,bert-base-cased_batch8-inf,6,2011555.2744192549,48.32407816574221,50.96574818117043,78.11175775979989,42373993.86889671,8963.297179442388,682756.7824714864,62.780644321909016,21.0702801326792,64.2385060757653,27973292.570635416,74003.0752817931,321403.49372387805,68.94063933472631,16.380971505511898,69.15212811160453,16463690.915910697,7439.555750717122
albert-base-v2_batch8-train,0,bert-base-cased_batch8-train,2,bert-base-cased_batch8-train,2,2011555.2744192549,48.32407816574221,50.96574818117043,78.11175775979989,42373993.86889671,8963.297179442388,282529.3614028022,53.30323833870383,33.27643892259864,72.11510146261294,13680331.758935943,5646.101384772973,282529.3614028022,53.30323833870383,33.27643892259864,72.11510146261294,13680331.758935943,5646.101384772973
albert-base-v2_batch8-train,0,bert-base-cased_batch8-train,2,whisper-large-v2_batch8-inf,3,2011555.2744192549,48.32407816574221,50.96574818117043,78.11175775979989,42373993.86889671,8963.297179442388,282529.3614028022,53.30323833870383,33.27643892259864,72.11510146261294,13680331.758935943,5646.101384772973,5661591.512012222,33.63998724849095,55.31684738960696,64.7932709326375,117732415.08983348,1056.3817410779272
albert-base-v2_batch8-train,0,bert-base-cased_batch8-train,2,vit-base-patch16-224_batch8-inf,4,2011555.2744192549,48.32407816574221,50.96574818117043,78.11175775979989,42373993.86889671,8963.297179442388,282529.3614028022,53.30323833870383,33.27643892259864,72.11510146261294,13680331.758935943,5646.101384772973,109686.3558871527,80.57405153349794,12.838127168904558,56.01186382090581,8835599.308909625,6234.131132549218
albert-base-v2_batch8-train,0,bert-base-cased_batch8-train,2,vit_h_14_batch8-train,5,2011555.2744192549,48.32407816574221,50.96574818117043,78.11175775979989,42373993.86889671,8963.297179442388,282529.3614028022,53.30323833870383,33.27643892259864,72.11510146261294,13680331.758935943,5646.101384772973,496067.9989140645,33.65768151737584,59.00252471417957,78.60977177747729,16690912.72524413,3652.032077044045
albert-base-v2_batch8-train,0,bert-base-cased_batch8-train,2,bert-base-cased_batch8-inf,6,2011555.2744192549,48.32407816574221,50.96574818117043,78.11175775979989,42373993.86889671,8963.297179442388,282529.3614028022,53.30323833870383,33.27643892259864,72.11510146261294,13680331.758935943,5646.101384772973,321403.49372387805,68.94063933472631,16.380971505511898,69.15212811160453,16463690.915910697,7439.555750717122
albert-base-v2_batch8-train,0,whisper-large-v2_batch8-inf,3,whisper-large-v2_batch8-inf,3,2011555.2744192549,48.32407816574221,50.96574818117043,78.11175775979989,42373993.86889671,8963.297179442388,5661591.512012222,33.63998724849095,55.31684738960696,64.7932709326375,117732415.08983348,1056.3817410779272,5661591.512012222,33.63998724849095,55.31684738960696,64.7932709326375,117732415.08983348,1056.3817410779272
albert-base-v2_batch8-train,0,whisper-large-v2_batch8-inf,3,vit-base-patch16-224_batch8-inf,4,2011555.2744192549,48.32407816574221,50.96574818117043,78.11175775979989,42373993.86889671,8963.297179442388,5661591.512012222,33.63998724849095,55.31684738960696,64.7932709326375,117732415.08983348,1056.3817410779272,109686.3558871527,80.57405153349794,12.838127168904558,56.01186382090581,8835599.308909625,6234.131132549218
albert-base-v2_batch8-train,0,whisper-large-v2_batch8-inf,3,vit_h_14_batch8-train,5,2011555.2744192549,48.32407816574221,50.96574818117043,78.11175775979989,42373993.86889671,8963.297179442388,5661591.512012222,33.63998724849095,55.31684738960696,64.7932709326375,117732415.08983348,1056.3817410779272,496067.9989140645,33.65768151737584,59.00252471417957,78.60977177747729,16690912.72524413,3652.032077044045
albert-base-v2_batch8-train,0,whisper-large-v2_batch8-inf,3,bert-base-cased_batch8-inf,6,2011555.2744192549,48.32407816574221,50.96574818117043,78.11175775979989,42373993.86889671,8963.297179442388,5661591.512012222,33.63998724849095,55.31684738960696,64.7932709326375,117732415.08983348,1056.3817410779272,321403.49372387805,68.94063933472631,16.380971505511898,69.15212811160453,16463690.915910697,7439.555750717122
albert-base-v2_batch8-train,0,vit-base-patch16-224_batch8-inf,4,vit-base-patch16-224_batch8-inf,4,2011555.2744192549,48.32407816574221,50.96574818117043,78.11175775979989,42373993.86889671,8963.297179442388,109686.3558871527,80.57405153349794,12.838127168904558,56.01186382090581,8835599.308909625,6234.131132549218,109686.3558871527,80.57405153349794,12.838127168904558,56.01186382090581,8835599.308909625,6234.131132549218
albert-base-v2_batch8-train,0,vit-base-patch16-224_batch8-inf,4,vit_h_14_batch8-train,5,2011555.2744192549,48.32407816574221,50.96574818117043,78.11175775979989,42373993.86889671,8963.297179442388,109686.3558871527,80.57405153349794,12.838127168904558,56.01186382090581,8835599.308909625,6234.131132549218,496067.9989140645,33.65768151737584,59.00252471417957,78.60977177747729,16690912.72524413,3652.032077044045
albert-base-v2_batch8-train,0,vit-base-patch16-224_batch8-inf,4,bert-base-cased_batch8-inf,6,2011555.2744192549,48.32407816574221,50.96574818117043,78.11175775979989,42373993.86889671,8963.297179442388,109686.3558871527,80.57405153349794,12.838127168904558,56.01186382090581,8835599.308909625,6234.131132549218,321403.49372387805,68.94063933472631,16.380971505511898,69.15212811160453,16463690.915910697,7439.555750717122
albert-base-v2_batch8-train,0,vit_h_14_batch8-train,5,vit_h_14_batch8-train,5,2011555.2744192549,48.32407816574221,50.96574818117043,78.11175775979989,42373993.86889671,8963.297179442388,496067.9989140645,33.65768151737584,59.00252471417957,78.60977177747729,16690912.72524413,3652.032077044045,496067.9989140645,33.65768151737584,59.00252471417957,78.60977177747729,16690912.72524413,3652.032077044045
albert-base-v2_batch8-train,0,vit_h_14_batch8-train,5,bert-base-cased_batch8-inf,6,2011555.2744192549,48.32407816574221,50.96574818117043,78.11175775979989,42373993.86889671,8963.297179442388,496067.9989140645,33.65768151737584,59.00252471417957,78.60977177747729,16690912.72524413,3652.032077044045,321403.49372387805,68.94063933472631,16.380971505511898,69.15212811160453,16463690.915910697,7439.555750717122
albert-base-v2_batch8-train,0,bert-base-cased_batch8-inf,6,bert-base-cased_batch8-inf,6,2011555.2744192549,48.32407816574221,50.96574818117043,78.11175775979989,42373993.86889671,8963.297179442388,321403.49372387805,68.94063933472631,16.380971505511898,69.15212811160453,16463690.915910697,7439.555750717122,321403.49372387805,68.94063933472631,16.380971505511898,69.15212811160453,16463690.915910697,7439.555750717122
wav2vec2-base-960h_batch8-inf,1,wav2vec2-base-960h_batch8-inf,1,wav2vec2-base-960h_batch8-inf,1,682756.7824714864,62.780644321909016,21.0702801326792,64.2385060757653,27973292.570635416,74003.0752817931,682756.7824714864,62.780644321909016,21.0702801326792,64.2385060757653,27973292.570635416,74003.0752817931,682756.7824714864,62.780644321909016,21.0702801326792,64.2385060757653,27973292.570635416,74003.0752817931
wav2vec2-base-960h_batch8-inf,1,wav2vec2-base-960h_batch8-inf,1,bert-base-cased_batch8-train,2,682756.7824714864,62.780644321909016,21.0702801326792,64.2385060757653,27973292.570635416,74003.0752817931,682756.7824714864,62.780644321909016,21.0702801326792,64.2385060757653,27973292.570635416,74003.0752817931,282529.3614028022,53.30323833870383,33.27643892259864,72.11510146261294,13680331.758935943,5646.101384772973
wav2vec2-base-960h_batch8-inf,1,wav2vec2-base-960h_batch8-inf,1,whisper-large-v2_batch8-inf,3,682756.7824714864,62.780644321909016,21.0702801326792,64.2385060757653,27973292.570635416,74003.0752817931,682756.7824714864,62.780644321909016,21.0702801326792,64.2385060757653,27973292.570635416,74003.0752817931,5661591.512012222,33.63998724849095,55.31684738960696,64.7932709326375,117732415.08983348,1056.3817410779272
wav2vec2-base-960h_batch8-inf,1,wav2vec2-base-960h_batch8-inf,1,vit-base-patch16-224_batch8-inf,4,682756.7824714864,62.780644321909016,21.0702801326792,64.2385060757653,27973292.570635416,74003.0752817931,682756.7824714864,62.780644321909016,21.0702801326792,64.2385060757653,27973292.570635416,74003.0752817931,109686.3558871527,80.57405153349794,12.838127168904558,56.01186382090581,8835599.308909625,6234.131132549218
wav2vec2-base-960h_batch8-inf,1,wav2vec2-base-960h_batch8-inf,1,vit_h_14_batch8-train,5,682756.7824714864,62.780644321909016,21.0702801326792,64.2385060757653,27973292.570635416,74003.0752817931,682756.7824714864,62.780644321909016,21.0702801326792,64.2385060757653,27973292.570635416,74003.0752817931,496067.9989140645,33.65768151737584,59.00252471417957,78.60977177747729,16690912.72524413,3652.032077044045
wav2vec2-base-960h_batch8-inf,1,wav2vec2-base-960h_batch8-inf,1,bert-base-cased_batch8-inf,6,682756.7824714864,62.780644321909016,21.0702801326792,64.2385060757653,27973292.570635416,74003.0752817931,682756.7824714864,62.780644321909016,21.0702801326792,64.2385060757653,27973292.570635416,74003.0752817931,321403.49372387805,68.94063933472631,16.380971505511898,69.15212811160453,16463690.915910697,7439.555750717122
wav2vec2-base-960h_batch8-inf,1,bert-base-cased_batch8-train,2,bert-base-cased_batch8-train,2,682756.7824714864,62.780644321909016,21.0702801326792,64.2385060757653,27973292.570635416,74003.0752817931,282529.3614028022,53.30323833870383,33.27643892259864,72.11510146261294,13680331.758935943,5646.101384772973,282529.3614028022,53.30323833870383,33.27643892259864,72.11510146261294,13680331.758935943,5646.101384772973
wav2vec2-base-960h_batch8-inf,1,bert-base-cased_batch8-train,2,whisper-large-v2_batch8-inf,3,682756.7824714864,62.780644321909016,21.0702801326792,64.2385060757653,27973292.570635416,74003.0752817931,282529.3614028022,53.30323833870383,33.27643892259864,72.11510146261294,13680331.758935943,5646.101384772973,5661591.512012222,33.63998724849095,55.31684738960696,64.7932709326375,117732415.08983348,1056.3817410779272
wav2vec2-base-960h_batch8-inf,1,bert-base-cased_batch8-train,2,vit-base-patch16-224_batch8-inf,4,682756.7824714864,62.780644321909016,21.0702801326792,64.2385060757653,27973292.570635416,74003.0752817931,282529.3614028022,53.30323833870383,33.27643892259864,72.11510146261294,13680331.758935943,5646.101384772973,109686.3558871527,80.57405153349794,12.838127168904558,56.01186382090581,8835599.308909625,6234.131132549218
wav2vec2-base-960h_batch8-inf,1,bert-base-cased_batch8-train,2,vit_h_14_batch8-train,5,682756.7824714864,62.780644321909016,21.0702801326792,64.2385060757653,27973292.570635416,74003.0752817931,282529.3614028022,53.30323833870383,33.27643892259864,72.11510146261294,13680331.758935943,5646.101384772973,496067.9989140645,33.65768151737584,59.00252471417957,78.60977177747729,16690912.72524413,3652.032077044045
wav2vec2-base-960h_batch8-inf,1,bert-base-cased_batch8-train,2,bert-base-cased_batch8-inf,6,682756.7824714864,62.780644321909016,21.0702801326792,64.2385060757653,27973292.570635416,74003.0752817931,282529.3614028022,53.30323833870383,33.27643892259864,72.11510146261294,13680331.758935943,5646.101384772973,321403.49372387805,68.94063933472631,16.380971505511898,69.15212811160453,16463690.915910697,7439.555750717122
wav2vec2-base-960h_batch8-inf,1,whisper-large-v2_batch8-inf,3,whisper-large-v2_batch8-inf,3,682756.7824714864,62.780644321909016,21.0702801326792,64.2385060757653,27973292.570635416,74003.0752817931,5661591.512012222,33.63998724849095,55.31684738960696,64.7932709326375,117732415.08983348,1056.3817410779272,5661591.512012222,33.63998724849095,55.31684738960696,64.7932709326375,117732415.08983348,1056.3817410779272
wav2vec2-base-960h_batch8-inf,1,whisper-large-v2_batch8-inf,3,vit-base-patch16-224_batch8-inf,4,682756.7824714864,62.780644321909016,21.0702801326792,64.2385060757653,27973292.570635416,74003.0752817931,5661591.512012222,33.63998724849095,55.31684738960696,64.7932709326375,117732415.08983348,1056.3817410779272,109686.3558871527,80.57405153349794,12.838127168904558,56.01186382090581,8835599.308909625,6234.131132549218
wav2vec2-base-960h_batch8-inf,1,whisper-large-v2_batch8-inf,3,vit_h_14_batch8-train,5,682756.7824714864,62.780644321909016,21.0702801326792,64.2385060757653,27973292.570635416,74003.0752817931,5661591.512012222,33.63998724849095,55.31684738960696,64.7932709326375,117732415.08983348,1056.3817410779272,496067.9989140645,33.65768151737584,59.00252471417957,78.60977177747729,16690912.72524413,3652.032077044045
wav2vec2-base-960h_batch8-inf,1,whisper-large-v2_batch8-inf,3,bert-base-cased_batch8-inf,6,682756.7824714864,62.780644321909016,21.0702801326792,64.2385060757653,27973292.570635416,74003.0752817931,5661591.512012222,33.63998724849095,55.31684738960696,64.7932709326375,117732415.08983348,1056.3817410779272,321403.49372387805,68.94063933472631,16.380971505511898,69.15212811160453,16463690.915910697,7439.555750717122
wav2vec2-base-960h_batch8-inf,1,vit-base-patch16-224_batch8-inf,4,vit-base-patch16-224_batch8-inf,4,682756.7824714864,62.780644321909016,21.0702801326792,64.2385060757653,27973292.570635416,74003.0752817931,109686.3558871527,80.57405153349794,12.838127168904558,56.01186382090581,8835599.308909625,6234.131132549218,109686.3558871527,80.57405153349794,12.838127168904558,56.01186382090581,8835599.308909625,6234.131132549218
wav2vec2-base-960h_batch8-inf,1,vit-base-patch16-224_batch8-inf,4,vit_h_14_batch8-train,5,682756.7824714864,62.780644321909016,21.0702801326792,64.2385060757653,27973292.570635416,74003.0752817931,109686.3558871527,80.57405153349794,12.838127168904558,56.01186382090581,8835599.308909625,6234.131132549218,496067.9989140645,33.65768151737584,59.00252471417957,78.60977177747729,16690912.72524413,3652.032077044045
wav2vec2-base-960h_batch8-inf,1,vit-base-patch16-224_batch8-inf,4,bert-base-cased_batch8-inf,6,682756.7824714864,62.780644321909016,21.0702801326792,64.2385060757653,27973292.570635416,74003.0752817931,109686.3558871527,80.57405153349794,12.838127168904558,56.01186382090581,8835599.308909625,6234.131132549218,321403.49372387805,68.94063933472631,16.380971505511898,69.15212811160453,16463690.915910697,7439.555750717122
wav2vec2-base-960h_batch8-inf,1,vit_h_14_batch8-train,5,vit_h_14_batch8-train,5,682756.7824714864,62.780644321909016,21.0702801326792,64.2385060757653,27973292.570635416,74003.0752817931,496067.9989140645,33.65768151737584,59.00252471417957,78.60977177747729,16690912.72524413,3652.032077044045,496067.9989140645,33.65768151737584,59.00252471417957,78.60977177747729,16690912.72524413,3652.032077044045
wav2vec2-base-960h_batch8-inf,1,vit_h_14_batch8-train,5,bert-base-cased_batch8-inf,6,682756.7824714864,62.780644321909016,21.0702801326792,64.2385060757653,27973292.570635416,74003.0752817931,496067.9989140645,33.65768151737584,59.00252471417957,78.60977177747729,16690912.72524413,3652.032077044045,321403.49372387805,68.94063933472631,16.380971505511898,69.15212811160453,16463690.915910697,7439.555750717122
wav2vec2-base-960h_batch8-inf,1,bert-base-cased_batch8-inf,6,bert-base-cased_batch8-inf,6,682756.7824714864,62.780644321909016,21.0702801326792,64.2385060757653,27973292.570635416,74003.0752817931,321403.49372387805,68.94063933472631,16.380971505511898,69.15212811160453,16463690.915910697,7439.555750717122,321403.49372387805,68.94063933472631,16.380971505511898,69.15212811160453,16463690.915910697,7439.555750717122
bert-base-cased_batch8-train,2,bert-base-cased_batch8-train,2,bert-base-cased_batch8-train,2,282529.3614028022,53.30323833870383,33.27643892259864,72.11510146261294,13680331.758935943,5646.101384772973,282529.3614028022,53.30323833870383,33.27643892259864,72.11510146261294,13680331.758935943,5646.101384772973,282529.3614028022,53.30323833870383,33.27643892259864,72.11510146261294,13680331.758935943,5646.101384772973
bert-base-cased_batch8-train,2,bert-base-cased_batch8-train,2,whisper-large-v2_batch8-inf,3,282529.3614028022,53.30323833870383,33.27643892259864,72.11510146261294,13680331.758935943,5646.101384772973,282529.3614028022,53.30323833870383,33.27643892259864,72.11510146261294,13680331.758935943,5646.101384772973,5661591.512012222,33.63998724849095,55.31684738960696,64.7932709326375,117732415.08983348,1056.3817410779272
bert-base-cased_batch8-train,2,bert-base-cased_batch8-train,2,vit-base-patch16-224_batch8-inf,4,282529.3614028022,53.30323833870383,33.27643892259864,72.11510146261294,13680331.758935943,5646.101384772973,282529.3614028022,53.30323833870383,33.27643892259864,72.11510146261294,13680331.758935943,5646.101384772973,109686.3558871527,80.57405153349794,12.838127168904558,56.01186382090581,8835599.308909625,6234.131132549218
bert-base-cased_batch8-train,2,bert-base-cased_batch8-train,2,vit_h_14_batch8-train,5,282529.3614028022,53.30323833870383,33.27643892259864,72.11510146261294,13680331.758935943,5646.101384772973,282529.3614028022,53.30323833870383,33.27643892259864,72.11510146261294,13680331.758935943,5646.101384772973,496067.9989140645,33.65768151737584,59.00252471417957,78.60977177747729,16690912.72524413,3652.032077044045
bert-base-cased_batch8-train,2,bert-base-cased_batch8-train,2,bert-base-cased_batch8-inf,6,282529.3614028022,53.30323833870383,33.27643892259864,72.11510146261294,13680331.758935943,5646.101384772973,282529.3614028022,53.30323833870383,33.27643892259864,72.11510146261294,13680331.758935943,5646.101384772973,321403.49372387805,68.94063933472631,16.380971505511898,69.15212811160453,16463690.915910697,7439.555750717122
bert-base-cased_batch8-train,2,whisper-large-v2_batch8-inf,3,whisper-large-v2_batch8-inf,3,282529.3614028022,53.30323833870383,33.27643892259864,72.11510146261294,13680331.758935943,5646.101384772973,5661591.512012222,33.63998724849095,55.31684738960696,64.7932709326375,117732415.08983348,1056.3817410779272,5661591.512012222,33.63998724849095,55.31684738960696,64.7932709326375,117732415.08983348,1056.3817410779272
bert-base-cased_batch8-train,2,whisper-large-v2_batch8-inf,3,vit-base-patch16-224_batch8-inf,4,282529.3614028022,53.30323833870383,33.27643892259864,72.11510146261294,13680331.758935943,5646.101384772973,5661591.512012222,33.63998724849095,55.31684738960696,64.7932709326375,117732415.08983348,1056.3817410779272,109686.3558871527,80.57405153349794,12.838127168904558,56.01186382090581,8835599.308909625,6234.131132549218
bert-base-cased_batch8-train,2,whisper-large-v2_batch8-inf,3,vit_h_14_batch8-train,5,282529.3614028022,53.30323833870383,33.27643892259864,72.11510146261294,13680331.758935943,5646.101384772973,5661591.512012222,33.63998724849095,55.31684738960696,64.7932709326375,117732415.08983348,1056.3817410779272,496067.9989140645,33.65768151737584,59.00252471417957,78.60977177747729,16690912.72524413,3652.032077044045
bert-base-cased_batch8-train,2,whisper-large-v2_batch8-inf,3,bert-base-cased_batch8-inf,6,282529.3614028022,53.30323833870383,33.27643892259864,72.11510146261294,13680331.758935943,5646.101384772973,5661591.512012222,33.63998724849095,55.31684738960696,64.7932709326375,117732415.08983348,1056.3817410779272,321403.49372387805,68.94063933472631,16.380971505511898,69.15212811160453,16463690.915910697,7439.555750717122
bert-base-cased_batch8-train,2,vit-base-patch16-224_batch8-inf,4,vit-base-patch16-224_batch8-inf,4,282529.3614028022,53.30323833870383,33.27643892259864,72.11510146261294,13680331.758935943,5646.101384772973,109686.3558871527,80.57405153349794,12.838127168904558,56.01186382090581,8835599.308909625,6234.131132549218,109686.3558871527,80.57405153349794,12.838127168904558,56.01186382090581,8835599.308909625,6234.131132549218
bert-base-cased_batch8-train,2,vit-base-patch16-224_batch8-inf,4,vit_h_14_batch8-train,5,282529.3614028022,53.30323833870383,33.27643892259864,72.11510146261294,13680331.758935943,5646.101384772973,109686.3558871527,80.57405153349794,12.838127168904558,56.01186382090581,8835599.308909625,6234.131132549218,496067.9989140645,33.65768151737584,59.00252471417957,78.60977177747729,16690912.72524413,3652.032077044045
bert-base-cased_batch8-train,2,vit-base-patch16-224_batch8-inf,4,bert-base-cased_batch8-inf,6,282529.3614028022,53.30323833870383,33.27643892259864,72.11510146261294,13680331.758935943,5646.101384772973,109686.3558871527,80.57405153349794,12.838127168904558,56.01186382090581,8835599.308909625,6234.131132549218,321403.49372387805,68.94063933472631,16.380971505511898,69.15212811160453,16463690.915910697,7439.555750717122
bert-base-cased_batch8-train,2,vit_h_14_batch8-train,5,vit_h_14_batch8-train,5,282529.3614028022,53.30323833870383,33.27643892259864,72.11510146261294,13680331.758935943,5646.101384772973,496067.9989140645,33.65768151737584,59.00252471417957,78.60977177747729,16690912.72524413,3652.032077044045,496067.9989140645,33.65768151737584,59.00252471417957,78.60977177747729,16690912.72524413,3652.032077044045
bert-base-cased_batch8-train,2,vit_h_14_batch8-train,5,bert-base-cased_batch8-inf,6,282529.3614028022,53.30323833870383,33.27643892259864,72.11510146261294,13680331.758935943,5646.101384772973,496067.9989140645,33.65768151737584,59.00252471417957,78.60977177747729,16690912.72524413,3652.032077044045,321403.49372387805,68.94063933472631,16.380971505511898,69.15212811160453,16463690.915910697,7439.555750717122
bert-base-cased_batch8-train,2,bert-base-cased_batch8-inf,6,bert-base-cased_batch8-inf,6,282529.3614028022,53.30323833870383,33.27643892259864,72.11510146261294,13680331.758935943,5646.101384772973,321403.49372387805,68.94063933472631,16.380971505511898,69.15212811160453,16463690.915910697,7439.555750717122,321403.49372387805,68.94063933472631,16.380971505511898,69.15212811160453,16463690.915910697,7439.555750717122
whisper-large-v2_batch8-inf,3,whisper-large-v2_batch8-inf,3,whisper-large-v2_batch8-inf,3,5661591.512012222,33.63998724849095,55.31684738960696,64.7932709326375,117732415.08983348,1056.3817410779272,5661591.512012222,33.63998724849095,55.31684738960696,64.7932709326375,117732415.08983348,1056.3817410779272,5661591.512012222,33.63998724849095,55.31684738960696,64.7932709326375,117732415.08983348,1056.3817410779272
whisper-large-v2_batch8-inf,3,whisper-large-v2_batch8-inf,3,vit-base-patch16-224_batch8-inf,4,5661591.512012222,33.63998724849095,55.31684738960696,64.7932709326375,117732415.08983348,1056.3817410779272,5661591.512012222,33.63998724849095,55.31684738960696,64.7932709326375,117732415.08983348,1056.3817410779272,109686.3558871527,80.57405153349794,12.838127168904558,56.01186382090581,8835599.308909625,6234.131132549218
whisper-large-v2_batch8-inf,3,whisper-large-v2_batch8-inf,3,vit_h_14_batch8-train,5,5661591.512012222,33.63998724849095,55.31684738960696,64.7932709326375,117732415.08983348,1056.3817410779272,5661591.512012222,33.63998724849095,55.31684738960696,64.7932709326375,117732415.08983348,1056.3817410779272,496067.9989140645,33.65768151737584,59.00252471417957,78.60977177747729,16690912.72524413,3652.032077044045
whisper-large-v2_batch8-inf,3,whisper-large-v2_batch8-inf,3,bert-base-cased_batch8-inf,6,5661591.512012222,33.63998724849095,55.31684738960696,64.7932709326375,117732415.08983348,1056.3817410779272,5661591.512012222,33.63998724849095,55.31684738960696,64.7932709326375,117732415.08983348,1056.3817410779272,321403.49372387805,68.94063933472631,16.380971505511898,69.15212811160453,16463690.915910697,7439.555750717122
whisper-large-v2_batch8-inf,3,vit-base-patch16-224_batch8-inf,4,vit-base-patch16-224_batch8-inf,4,5661591.512012222,33.63998724849095,55.31684738960696,64.7932709326375,117732415.08983348,1056.3817410779272,109686.3558871527,80.57405153349794,12.838127168904558,56.01186382090581,8835599.308909625,6234.131132549218,109686.3558871527,80.57405153349794,12.838127168904558,56.01186382090581,8835599.308909625,6234.131132549218
whisper-large-v2_batch8-inf,3,vit-base-patch16-224_batch8-inf,4,vit_h_14_batch8-train,5,5661591.512012222,33.63998724849095,55.31684738960696,64.7932709326375,117732415.08983348,1056.3817410779272,109686.3558871527,80.57405153349794,12.838127168904558,56.01186382090581,8835599.308909625,6234.131132549218,496067.9989140645,33.65768151737584,59.00252471417957,78.60977177747729,16690912.72524413,3652.032077044045
whisper-large-v2_batch8-inf,3,vit-base-patch16-224_batch8-inf,4,bert-base-cased_batch8-inf,6,5661591.512012222,33.63998724849095,55.31684738960696,64.7932709326375,117732415.08983348,1056.3817410779272,109686.3558871527,80.57405153349794,12.838127168904558,56.01186382090581,8835599.308909625,6234.131132549218,321403.49372387805,68.94063933472631,16.380971505511898,69.15212811160453,16463690.915910697,7439.555750717122
whisper-large-v2_batch8-inf,3,vit_h_14_batch8-train,5,vit_h_14_batch8-train,5,5661591.512012222,33.63998724849095,55.31684738960696,64.7932709326375,117732415.08983348,1056.3817410779272,496067.9989140645,33.65768151737584,59.00252471417957,78.60977177747729,16690912.72524413,3652.032077044045,496067.9989140645,33.65768151737584,59.00252471417957,78.60977177747729,16690912.72524413,3652.032077044045
whisper-large-v2_batch8-inf,3,vit_h_14_batch8-train,5,bert-base-cased_batch8-inf,6,5661591.512012222,33.63998724849095,55.31684738960696,64.7932709326375,117732415.08983348,1056.3817410779272,496067.9989140645,33.65768151737584,59.00252471417957,78.60977177747729,16690912.72524413,3652.032077044045,321403.49372387805,68.94063933472631,16.380971505511898,69.15212811160453,16463690.915910697,7439.555750717122
whisper-large-v2_batch8-inf,3,bert-base-cased_batch8-inf,6,bert-base-cased_batch8-inf,6,5661591.512012222,33.63998724849095,55.31684738960696,64.7932709326375,117732415.08983348,1056.3817410779272,321403.49372387805,68.94063933472631,16.380971505511898,69.15212811160453,16463690.915910697,7439.555750717122,321403.49372387805,68.94063933472631,16.380971505511898,69.15212811160453,16463690.915910697,7439.555750717122
vit-base-patch16-224_batch8-inf,4,vit-base-patch16-224_batch8-inf,4,vit-base-patch16-224_batch8-inf,4,109686.3558871527,80.57405153349794,12.838127168904558,56.01186382090581,8835599.308909625,6234.131132549218,109686.3558871527,80.57405153349794,12.838127168904558,56.01186382090581,8835599.308909625,6234.131132549218,109686.3558871527,80.57405153349794,12.838127168904558,56.01186382090581,8835599.308909625,6234.131132549218
vit-base-patch16-224_batch8-inf,4,vit-base-patch16-224_batch8-inf,4,vit_h_14_batch8-train,5,109686.3558871527,80.57405153349794,12.838127168904558,56.01186382090581,8835599.308909625,6234.131132549218,109686.3558871527,80.57405153349794,12.838127168904558,56.01186382090581,8835599.308909625,6234.131132549218,496067.9989140645,33.65768151737584,59.00252471417957,78.60977177747729,16690912.72524413,3652.032077044045
vit-base-patch16-224_batch8-inf,4,vit-base-patch16-224_batch8-inf,4,bert-base-cased_batch8-inf,6,109686.3558871527,80.57405153349794,12.838127168904558,56.01186382090581,8835599.308909625,6234.131132549218,109686.3558871527,80.57405153349794,12.838127168904558,56.01186382090581,8835599.308909625,6234.131132549218,321403.49372387805,68.94063933472631,16.380971505511898,69.15212811160453,16463690.915910697,7439.555750717122
vit-base-patch16-224_batch8-inf,4,vit_h_14_batch8-train,5,vit_h_14_batch8-train,5,109686.3558871527,80.57405153349794,12.838127168904558,56.01186382090581,8835599.308909625,6234.131132549218,496067.9989140645,33.65768151737584,59.00252471417957,78.60977177747729,16690912.72524413,3652.032077044045,496067.9989140645,33.65768151737584,59.00252471417957,78.60977177747729,16690912.72524413,3652.032077044045
vit-base-patch16-224_batch8-inf,4,vit_h_14_batch8-train,5,bert-base-cased_batch8-inf,6,109686.3558871527,80.57405153349794,12.838127168904558,56.01186382090581,8835599.308909625,6234.131132549218,496067.9989140645,33.65768151737584,59.00252471417957,78.60977177747729,16690912.72524413,3652.032077044045,321403.49372387805,68.94063933472631,16.380971505511898,69.15212811160453,16463690.915910697,7439.555750717122
vit-base-patch16-224_batch8-inf,4,bert-base-cased_batch8-inf,6,bert-base-cased_batch8-inf,6,109686.3558871527,80.57405153349794,12.838127168904558,56.01186382090581,8835599.308909625,6234.131132549218,321403.49372387805,68.94063933472631,16.380971505511898,69.15212811160453,16463690.915910697,7439.555750717122,321403.49372387805,68.94063933472631,16.380971505511898,69.15212811160453,16463690.915910697,7439.555750717122
vit_h_14_batch8-train,5,vit_h_14_batch8-train,5,vit_h_14_batch8-train,5,496067.9989140645,33.65768151737584,59.00252471417957,78.60977177747729,16690912.72524413,3652.032077044045,496067.9989140645,33.65768151737584,59.00252471417957,78.60977177747729,16690912.72524413,3652.032077044045,496067.9989140645,33.65768151737584,59.00252471417957,78.60977177747729,16690912.72524413,3652.032077044045
vit_h_14_batch8-train,5,vit_h_14_batch8-train,5,bert-base-cased_batch8-inf,6,496067.9989140645,33.65768151737584,59.00252471417957,78.60977177747729,16690912.72524413,3652.032077044045,496067.9989140645,33.65768151737584,59.00252471417957,78.60977177747729,16690912.72524413,3652.032077044045,321403.49372387805,68.94063933472631,16.380971505511898,69.15212811160453,16463690.915910697,7439.555750717122
vit_h_14_batch8-train,5,bert-base-cased_batch8-inf,6,bert-base-cased_batch8-inf,6,496067.9989140645,33.65768151737584,59.00252471417957,78.60977177747729,16690912.72524413,3652.032077044045,321403.49372387805,68.94063933472631,16.380971505511898,69.15212811160453,16463690.915910697,7439.555750717122,321403.49372387805,68.94063933472631,16.380971505511898,69.15212811160453,16463690.915910697,7439.555750717122
bert-base-cased_batch8-inf,6,bert-base-cased_batch8-inf,6,bert-base-cased_batch8-inf,6,321403.49372387805,68.94063933472631,16.380971505511898,69.15212811160453,16463690.915910697,7439.555750717122,321403.49372387805,68.94063933472631,16.380971505511898,69.15212811160453,16463690.915910697,7439.555750717122,321403.49372387805,68.94063933472631,16.380971505511898,69.15212811160453,16463690.915910697,7439.555750717122
