w1_Threads,w1_Compute (SM) Throughput,w1_DRAM Throughput,w1_Memory Throughput,w1_Registers,w1_Static Shared Memory,w2_Threads,w2_Compute (SM) Throughput,w2_DRAM Throughput,w2_Memory Throughput,w2_Registers,w2_Static Shared Memory,workload1,workload2,idx1,idx2,w1throughput,w2throughput,w1exclusive_throughput,w2exclusive_throughput,w1sm%,w2sm%,w1mem%,w2mem%,w1memcap,w2memcap
321403.49372387805,68.94063933472631,16.380971505511898,69.15212811160453,16463690.915910697,7439.555750717122,321403.49372387805,68.94063933472631,16.380971505511898,69.15212811160453,16463690.915910697,7439.555750717122,bert-base-cased_batch8-inf,bert-base-cased_batch8-inf,1,1,55.580670489423966,57.621744054360136,98.34844157456848,98.34844157456848,96.0,96.0,38.0,38.0,1.4,1.4
321403.49372387805,68.94063933472631,16.380971505511898,69.15212811160453,16463690.915910697,7439.555750717122,109686.3558871527,80.57405153349794,12.838127168904558,56.01186382090581,8835599.308909625,6234.131132549218,bert-base-cased_batch8-inf,vit-base-patch16-224_batch8-inf,1,3,90.29066171923314,52.56636503585777,98.34844157456848,79.59099074202018,96.0,27.05555555555556,38.0,6.055555555555555,1.4,3.1
321403.49372387805,68.94063933472631,16.380971505511898,69.15212811160453,16463690.915910697,7439.555750717122,270226.21847462544,71.58411662529359,16.757964890563972,71.13546341295469,13244786.852812832,6611.217845498419,bert-base-cased_batch8-inf,vit-base-patch16-224_batch16-inf,1,4,85.55836354979306,65.43844508648831,98.34844157456848,81.32013201320132,96.0,29.0,38.0,6.026315789473684,1.4,5.1
321403.49372387805,68.94063933472631,16.380971505511898,69.15212811160453,16463690.915910697,7439.555750717122,411285.4853574395,58.4276542042436,34.26425178992512,68.37910891218571,15451966.342910131,11099.815030370692,bert-base-cased_batch8-inf,albert-base-v2_batch2-train,1,5,83.86888306466089,9.729663156598312,98.34844157456848,25.6782694402656,96.0,97.0,38.0,43.0,1.4,2.3
321403.49372387805,68.94063933472631,16.380971505511898,69.15212811160453,16463690.915910697,7439.555750717122,407273.6437354477,71.71888252706013,17.28196639963645,63.66662208308519,15566445.000576952,10410.317650169076,bert-base-cased_batch8-inf,whisper-large-v2_batch2-inf,1,7,82.98401420959148,2.439768222018908,98.34844157456848,1.7085028704506966,96.0,37.63403263403264,38.0,16.834498834498834,1.4,8.3
321403.49372387805,68.94063933472631,16.380971505511898,69.15212811160453,16463690.915910697,7439.555750717122,4277649.00888219,50.385998213386,52.11208358723994,82.58865975224239,92390692.05828495,25482.817460549733,bert-base-cased_batch8-inf,albert-base-v2_batch16-train,1,8,42.5469911117587,21.71277615937177,98.34844157456848,31.21636167922497,96.0,97.3793103448276,38.0,45.672413793103445,1.4,12.4
321403.49372387805,68.94063933472631,16.380971505511898,69.15212811160453,16463690.915910697,7439.555750717122,835718.6565414541,77.39705851566664,19.5069773693752,80.25152845506604,33046364.645043664,21136.22413125796,bert-base-cased_batch8-inf,bert-base-cased_batch16-inf,1,9,40.41189042160482,72.32534018607676,98.34844157456848,99.82511698255897,96.0,97.0,38.0,38.0,1.4,1.6
321403.49372387805,68.94063933472631,16.380971505511898,69.15212811160453,16463690.915910697,7439.555750717122,35961.4603913098,67.45085472767737,10.815099777889127,40.24518066467102,3779001.50924272,2914.346235876293,bert-base-cased_batch8-inf,vit-base-patch16-224_batch2-inf,1,14,96.2425840474621,31.99121809699298,98.34844157456848,63.42342342342342,96.0,29.454545454545453,38.0,4.181818181818182,1.4,1.6
321403.49372387805,68.94063933472631,16.380971505511898,69.15212811160453,16463690.915910697,7439.555750717122,210588.1095979778,73.11711703442735,15.196149452714376,63.87781954030234,14134984.63908432,13218.430422937075,bert-base-cased_batch8-inf,bert-base-cased_batch2-inf,1,15,84.82278097546198,23.843547135916385,98.34844157456848,84.1300191204589,96.0,92.5,38.0,40.0,1.4,1.2
321403.49372387805,68.94063933472631,16.380971505511898,69.15212811160453,16463690.915910697,7439.555750717122,190287.54368530755,50.355027213149135,39.03476297296079,70.42541520673052,11074376.322716216,8536.651206481605,bert-base-cased_batch8-inf,bert-base-cased_batch2-train,1,18,84.77282624473798,7.892353473929357,98.34844157456848,23.23807288304677,96.0,97.27272727272728,38.0,47.76623376623377,1.4,3.1
321403.49372387805,68.94063933472631,16.380971505511898,69.15212811160453,16463690.915910697,7439.555750717122,183316.888392316,44.95736442315827,46.30171509953436,72.30406066464882,9279376.251384592,6320.710134302391,bert-base-cased_batch8-inf,vit_h_14_batch2-train,1,19,80.52673308283636,3.163979312442957,98.34844157456848,6.908856242645105,96.0,97.51923076923076,38.0,47.9423,1.4,14.3
321403.49372387805,68.94063933472631,16.380971505511898,69.15212811160453,16463690.915910697,7439.555750717122,5661591.512012222,33.63998724849095,55.31684738960696,64.7932709326375,117732415.08983348,1056.3817410779272,bert-base-cased_batch8-inf,whisper-large-v2_batch8-inf,1,23,60.36331688157317,3.0695443645083933,98.34844157456848,10.73243670597552,96.0,45.11811023622048,38.0,19.79265091863517,1.4,11.4
321403.49372387805,68.94063933472631,16.380971505511898,69.15212811160453,16463690.915910697,7439.555750717122,282529.3614028022,53.30323833870383,33.27643892259864,72.11510146261294,13680331.758935943,5646.101384772973,bert-base-cased_batch8-inf,bert-base-cased_batch8-train,1,26,60.86344806023814,16.548157724628314,98.34844157456848,29.24021138236145,96.0,96.7,38.0,45.2,1.4,4.9
321403.49372387805,68.94063933472631,16.380971505511898,69.15212811160453,16463690.915910697,7439.555750717122,496067.9989140645,33.65768151737584,59.00252471417957,78.60977177747729,16690912.72524413,3652.032077044045,bert-base-cased_batch8-inf,vit_h_14_batch8-train,1,28,61.26891704041755,5.9886643139771145,98.34844157456848,9.500815660685156,96.0,96.99371069182388,38.0,32.52201,1.4,17.4
109686.3558871527,80.57405153349794,12.838127168904558,56.01186382090581,8835599.308909625,6234.131132549218,109686.3558871527,80.57405153349794,12.838127168904558,56.01186382090581,8835599.308909625,6234.131132549218,vit-base-patch16-224_batch8-inf,vit-base-patch16-224_batch8-inf,3,3,80.92285308483736,80.82296944572394,79.59099074202018,79.59099074202018,27.05555555555556,27.05555555555556,6.055555555555555,6.055555555555555,3.1,3.1
109686.3558871527,80.57405153349794,12.838127168904558,56.01186382090581,8835599.308909625,6234.131132549218,270226.21847462544,71.58411662529359,16.757964890563972,71.13546341295469,13244786.852812832,6611.217845498419,vit-base-patch16-224_batch8-inf,vit-base-patch16-224_batch16-inf,3,4,81.64121203648692,83.04498269896193,79.59099074202018,81.32013201320132,27.05555555555556,29.0,6.055555555555555,6.026315789473684,3.1,5.1
109686.3558871527,80.57405153349794,12.838127168904558,56.01186382090581,8835599.308909625,6234.131132549218,411285.4853574395,58.4276542042436,34.26425178992512,68.37910891218571,15451966.342910131,11099.815030370692,vit-base-patch16-224_batch8-inf,albert-base-v2_batch2-train,3,5,69.30105612910882,22.196555014312256,79.59099074202018,25.6782694402656,27.05555555555556,97.0,6.055555555555555,43.0,3.1,2.3
109686.3558871527,80.57405153349794,12.838127168904558,56.01186382090581,8835599.308909625,6234.131132549218,407273.6437354477,71.71888252706013,17.28196639963645,63.66662208308519,15566445.000576952,10410.317650169076,vit-base-patch16-224_batch8-inf,whisper-large-v2_batch2-inf,3,7,59.948161264659845,2.9890744176458464,79.59099074202018,1.7085028704506966,27.05555555555556,37.63403263403264,6.055555555555555,16.834498834498834,3.1,8.3
109686.3558871527,80.57405153349794,12.838127168904558,56.01186382090581,8835599.308909625,6234.131132549218,4277649.00888219,50.385998213386,52.11208358723994,82.58865975224239,92390692.05828495,25482.817460549733,vit-base-patch16-224_batch8-inf,albert-base-v2_batch16-train,3,8,41.937452874223546,29.40360610263523,79.59099074202018,31.21636167922497,27.05555555555556,97.3793103448276,6.055555555555555,45.672413793103445,3.1,12.4
109686.3558871527,80.57405153349794,12.838127168904558,56.01186382090581,8835599.308909625,6234.131132549218,835718.6565414541,77.39705851566664,19.5069773693752,80.25152845506604,33046364.645043664,21136.22413125796,vit-base-patch16-224_batch8-inf,bert-base-cased_batch16-inf,3,9,38.74561084877104,96.51496684363832,79.59099074202018,99.82511698255897,27.05555555555556,97.0,6.055555555555555,38.0,3.1,1.6
109686.3558871527,80.57405153349794,12.838127168904558,56.01186382090581,8835599.308909625,6234.131132549218,2011555.2744192549,48.32407816574221,50.96574818117043,78.11175775979989,42373993.86889671,8963.297179442388,vit-base-patch16-224_batch8-inf,albert-base-v2_batch8-train,3,11,52.483767327956144,27.516737301148577,79.59099074202018,29.67588370763072,27.05555555555556,97.38028169014083,6.055555555555555,46.74647887323944,3.1,6.6
109686.3558871527,80.57405153349794,12.838127168904558,56.01186382090581,8835599.308909625,6234.131132549218,35961.4603913098,67.45085472767737,10.815099777889127,40.24518066467102,3779001.50924272,2914.346235876293,vit-base-patch16-224_batch8-inf,vit-base-patch16-224_batch2-inf,3,14,77.98364212986147,61.59628967231502,79.59099074202018,63.42342342342342,27.05555555555556,29.454545454545453,6.055555555555555,4.181818181818182,3.1,1.6
109686.3558871527,80.57405153349794,12.838127168904558,56.01186382090581,8835599.308909625,6234.131132549218,210588.1095979778,73.11711703442735,15.196149452714376,63.87781954030234,14134984.63908432,13218.430422937075,vit-base-patch16-224_batch8-inf,bert-base-cased_batch2-inf,3,15,72.20216606498194,71.39364303178485,79.59099074202018,84.1300191204589,27.05555555555556,92.5,6.055555555555555,40.0,3.1,1.2
109686.3558871527,80.57405153349794,12.838127168904558,56.01186382090581,8835599.308909625,6234.131132549218,190287.54368530755,50.355027213149135,39.03476297296079,70.42541520673052,11074376.322716216,8536.651206481605,vit-base-patch16-224_batch8-inf,bert-base-cased_batch2-train,3,18,70.7450030284676,19.834622849698228,79.59099074202018,23.23807288304677,27.05555555555556,97.27272727272728,6.055555555555555,47.76623376623377,3.1,3.1
109686.3558871527,80.57405153349794,12.838127168904558,56.01186382090581,8835599.308909625,6234.131132549218,183316.888392316,44.95736442315827,46.30171509953436,72.30406066464882,9279376.251384592,6320.710134302391,vit-base-patch16-224_batch8-inf,vit_h_14_batch2-train,3,19,65.43600661082944,5.873819043912105,79.59099074202018,6.908856242645105,27.05555555555556,97.51923076923076,6.055555555555555,47.9423,3.1,14.3
109686.3558871527,80.57405153349794,12.838127168904558,56.01186382090581,8835599.308909625,6234.131132549218,692527.7301330821,62.5482786063805,33.25333145673535,80.83888015236029,27323770.3166314,16724.462236768497,vit-base-patch16-224_batch8-inf,bert-base-cased_batch16-train,3,24,45.71160205858756,30.519055142383724,79.59099074202018,32.58655804480652,27.05555555555556,97.01724137931036,6.055555555555555,42.82758620689656,3.1,7.4
109686.3558871527,80.57405153349794,12.838127168904558,56.01186382090581,8835599.308909625,6234.131132549218,282529.3614028022,53.30323833870383,33.27643892259864,72.11510146261294,13680331.758935943,5646.101384772973,vit-base-patch16-224_batch8-inf,bert-base-cased_batch8-train,3,26,55.69463319266624,27.95779788104665,79.59099074202018,29.24021138236145,27.05555555555556,96.7,6.055555555555555,45.2,3.1,4.9
270226.21847462544,71.58411662529359,16.757964890563972,71.13546341295469,13244786.852812832,6611.217845498419,270226.21847462544,71.58411662529359,16.757964890563972,71.13546341295469,13244786.852812832,6611.217845498419,vit-base-patch16-224_batch16-inf,vit-base-patch16-224_batch16-inf,4,4,79.89192701653585,80.02237467713012,81.32013201320132,81.32013201320132,29.0,29.0,6.026315789473684,6.026315789473684,5.1,5.1
270226.21847462544,71.58411662529359,16.757964890563972,71.13546341295469,13244786.852812832,6611.217845498419,411285.4853574395,58.4276542042436,34.26425178992512,68.37910891218571,15451966.342910131,11099.815030370692,vit-base-patch16-224_batch16-inf,albert-base-v2_batch2-train,4,5,78.23043820431674,21.32138453673353,81.32013201320132,25.6782694402656,29.0,97.0,6.026315789473684,43.0,5.1,2.3
270226.21847462544,71.58411662529359,16.757964890563972,71.13546341295469,13244786.852812832,6611.217845498419,407273.6437354477,71.71888252706013,17.28196639963645,63.66662208308519,15566445.000576952,10410.317650169076,vit-base-patch16-224_batch16-inf,whisper-large-v2_batch2-inf,4,7,67.33929086191986,2.717503191007535,81.32013201320132,1.7085028704506966,29.0,37.63403263403264,6.026315789473684,16.834498834498834,5.1,8.3
270226.21847462544,71.58411662529359,16.757964890563972,71.13546341295469,13244786.852812832,6611.217845498419,835718.6565414541,77.39705851566664,19.5069773693752,80.25152845506604,33046364.645043664,21136.22413125796,vit-base-patch16-224_batch16-inf,bert-base-cased_batch16-inf,4,9,52.61810519682559,92.6984126984127,81.32013201320132,99.82511698255897,29.0,97.0,6.026315789473684,38.0,5.1,1.6
270226.21847462544,71.58411662529359,16.757964890563972,71.13546341295469,13244786.852812832,6611.217845498419,2011555.2744192549,48.32407816574221,50.96574818117043,78.11175775979989,42373993.86889671,8963.297179442388,vit-base-patch16-224_batch16-inf,albert-base-v2_batch8-train,4,11,66.97823780715083,25.52420466630779,81.32013201320132,29.67588370763072,29.0,97.38028169014083,6.026315789473684,46.74647887323944,5.1,6.6
270226.21847462544,71.58411662529359,16.757964890563972,71.13546341295469,13244786.852812832,6611.217845498419,11591573.55669206,29.18332008231777,58.632473452760095,67.5808277077139,198198381.70553783,1529.2248322788505,vit-base-patch16-224_batch16-inf,whisper-large-v2_batch16-inf,4,12,25.513651201259115,3.8681796890346174,81.32013201320132,24.59818976428725,29.0,50.03021148036254,6.026315789473684,22.38368580060423,5.1,15.4
270226.21847462544,71.58411662529359,16.757964890563972,71.13546341295469,13244786.852812832,6611.217845498419,35961.4603913098,67.45085472767737,10.815099777889127,40.24518066467102,3779001.50924272,2914.346235876293,vit-base-patch16-224_batch16-inf,vit-base-patch16-224_batch2-inf,4,14,81.52278407998462,58.77025259132535,81.32013201320132,63.42342342342342,29.0,29.454545454545453,6.026315789473684,4.181818181818182,5.1,1.6
270226.21847462544,71.58411662529359,16.757964890563972,71.13546341295469,13244786.852812832,6611.217845498419,210588.1095979778,73.11711703442735,15.196149452714376,63.87781954030234,14134984.63908432,13218.430422937075,vit-base-patch16-224_batch16-inf,bert-base-cased_batch2-inf,4,15,79.56139232436567,68.61708377393961,81.32013201320132,84.1300191204589,29.0,92.5,6.026315789473684,40.0,5.1,1.2
270226.21847462544,71.58411662529359,16.757964890563972,71.13546341295469,13244786.852812832,6611.217845498419,190287.54368530755,50.355027213149135,39.03476297296079,70.42541520673052,11074376.322716216,8536.651206481605,vit-base-patch16-224_batch16-inf,bert-base-cased_batch2-train,4,18,78.86696264285352,19.00976676833965,81.32013201320132,23.23807288304677,29.0,97.27272727272728,6.026315789473684,47.76623376623377,5.1,3.1
270226.21847462544,71.58411662529359,16.757964890563972,71.13546341295469,13244786.852812832,6611.217845498419,183316.888392316,44.95736442315827,46.30171509953436,72.30406066464882,9279376.251384592,6320.710134302391,vit-base-patch16-224_batch16-inf,vit_h_14_batch2-train,4,19,75.01123884143601,5.595153243050606,81.32013201320132,6.908856242645105,29.0,97.51923076923076,6.026315789473684,47.9423,5.1,14.3
270226.21847462544,71.58411662529359,16.757964890563972,71.13546341295469,13244786.852812832,6611.217845498419,1691379.0692694078,15.650645216259049,84.56479567654743,84.99004188310414,34529068.77101502,180.8677358253554,vit-base-patch16-224_batch16-inf,vit_h_14_batch16-train,4,20,49.89640515197471,9.53658173148562,81.32013201320132,10.390129377091762,29.0,96.87847222222224,6.026315789473684,30.67013888888889,5.1,21.2
270226.21847462544,71.58411662529359,16.757964890563972,71.13546341295469,13244786.852812832,6611.217845498419,5661591.512012222,33.63998724849095,55.31684738960696,64.7932709326375,117732415.08983348,1056.3817410779272,vit-base-patch16-224_batch16-inf,whisper-large-v2_batch8-inf,4,23,41.77732471318328,3.589574397888485,81.32013201320132,10.73243670597552,29.0,45.11811023622048,6.026315789473684,19.79265091863517,5.1,11.4
270226.21847462544,71.58411662529359,16.757964890563972,71.13546341295469,13244786.852812832,6611.217845498419,692527.7301330821,62.5482786063805,33.25333145673535,80.83888015236029,27323770.3166314,16724.462236768497,vit-base-patch16-224_batch16-inf,bert-base-cased_batch16-train,4,24,58.51630114853271,29.28171366807507,81.32013201320132,32.58655804480652,29.0,97.01724137931036,6.026315789473684,42.82758620689656,5.1,7.4
270226.21847462544,71.58411662529359,16.757964890563972,71.13546341295469,13244786.852812832,6611.217845498419,282529.3614028022,53.30323833870383,33.27643892259864,72.11510146261294,13680331.758935943,5646.101384772973,vit-base-patch16-224_batch16-inf,bert-base-cased_batch8-train,4,26,68.67356538099718,25.89140610892726,81.32013201320132,29.24021138236145,29.0,96.7,6.026315789473684,45.2,5.1,4.9
270226.21847462544,71.58411662529359,16.757964890563972,71.13546341295469,13244786.852812832,6611.217845498419,496067.9989140645,33.65768151737584,59.00252471417957,78.60977177747729,16690912.72524413,3652.032077044045,vit-base-patch16-224_batch16-inf,vit_h_14_batch8-train,4,28,61.9341154636442,8.31286604949934,81.32013201320132,9.500815660685156,29.0,96.99371069182388,6.026315789473684,32.52201,5.1,17.4
411285.4853574395,58.4276542042436,34.26425178992512,68.37910891218571,15451966.342910131,11099.815030370692,411285.4853574395,58.4276542042436,34.26425178992512,68.37910891218571,15451966.342910131,11099.815030370692,albert-base-v2_batch2-train,albert-base-v2_batch2-train,5,5,15.066061920725694,15.934507711424605,25.6782694402656,25.6782694402656,97.0,97.0,43.0,43.0,2.3,2.3
411285.4853574395,58.4276542042436,34.26425178992512,68.37910891218571,15451966.342910131,11099.815030370692,407273.6437354477,71.71888252706013,17.28196639963645,63.66662208308519,15566445.000576952,10410.317650169076,albert-base-v2_batch2-train,whisper-large-v2_batch2-inf,5,7,10.753004083791168,2.771771743168202,25.6782694402656,1.7085028704506966,97.0,37.63403263403264,43.0,16.834498834498834,2.3,8.3
411285.4853574395,58.4276542042436,34.26425178992512,68.37910891218571,15451966.342910131,11099.815030370692,4277649.00888219,50.385998213386,52.11208358723994,82.58865975224239,92390692.05828495,25482.817460549733,albert-base-v2_batch2-train,albert-base-v2_batch16-train,5,8,5.291518333310246,28.69084237968468,25.6782694402656,31.21636167922497,97.0,97.3793103448276,43.0,45.672413793103445,2.3,12.4
411285.4853574395,58.4276542042436,34.26425178992512,68.37910891218571,15451966.342910131,11099.815030370692,835718.6565414541,77.39705851566664,19.5069773693752,80.25152845506604,33046364.645043664,21136.22413125796,albert-base-v2_batch2-train,bert-base-cased_batch16-inf,5,9,6.350704020902889,93.996459037502,25.6782694402656,99.82511698255897,97.0,97.0,43.0,38.0,2.3,1.6
411285.4853574395,58.4276542042436,34.26425178992512,68.37910891218571,15451966.342910131,11099.815030370692,2011555.2744192549,48.32407816574221,50.96574818117043,78.11175775979989,42373993.86889671,8963.297179442388,albert-base-v2_batch2-train,albert-base-v2_batch8-train,5,11,8.035338662179218,25.26298521541206,25.6782694402656,29.67588370763072,97.0,97.38028169014083,43.0,46.74647887323944,2.3,6.6
411285.4853574395,58.4276542042436,34.26425178992512,68.37910891218571,15451966.342910131,11099.815030370692,11591573.55669206,29.18332008231777,58.632473452760095,67.5808277077139,198198381.70553783,1529.2248322788505,albert-base-v2_batch2-train,whisper-large-v2_batch16-inf,5,12,3.8838592978200177,3.693033998756298,25.6782694402656,24.59818976428725,97.0,50.03021148036254,43.0,22.38368580060423,2.3,15.4
411285.4853574395,58.4276542042436,34.26425178992512,68.37910891218571,15451966.342910131,11099.815030370692,35961.4603913098,67.45085472767737,10.815099777889127,40.24518066467102,3779001.50924272,2914.346235876293,albert-base-v2_batch2-train,vit-base-patch16-224_batch2-inf,5,14,23.80952380952381,47.0360824742268,25.6782694402656,63.42342342342342,97.0,29.454545454545453,43.0,4.181818181818182,2.3,1.6
411285.4853574395,58.4276542042436,34.26425178992512,68.37910891218571,15451966.342910131,11099.815030370692,210588.1095979778,73.11711703442735,15.196149452714376,63.87781954030234,14134984.63908432,13218.430422937075,albert-base-v2_batch2-train,bert-base-cased_batch2-inf,5,15,17.477500978218337,51.58099275746335,25.6782694402656,84.1300191204589,97.0,92.5,43.0,40.0,2.3,1.2
411285.4853574395,58.4276542042436,34.26425178992512,68.37910891218571,15451966.342910131,11099.815030370692,190287.54368530755,50.355027213149135,39.03476297296079,70.42541520673052,11074376.322716216,8536.651206481605,albert-base-v2_batch2-train,bert-base-cased_batch2-train,5,18,16.0618929487449,13.913918109048238,25.6782694402656,23.23807288304677,97.0,97.27272727272728,43.0,47.76623376623377,2.3,3.1
411285.4853574395,58.4276542042436,34.26425178992512,68.37910891218571,15451966.342910131,11099.815030370692,183316.888392316,44.95736442315827,46.30171509953436,72.30406066464882,9279376.251384592,6320.710134302391,albert-base-v2_batch2-train,vit_h_14_batch2-train,5,19,19.05522023245373,5.126327352618089,25.6782694402656,6.908856242645105,97.0,97.51923076923076,43.0,47.9423,2.3,14.3
411285.4853574395,58.4276542042436,34.26425178992512,68.37910891218571,15451966.342910131,11099.815030370692,1691379.0692694078,15.650645216259049,84.56479567654743,84.99004188310414,34529068.77101502,180.8677358253554,albert-base-v2_batch2-train,vit_h_14_batch16-train,5,20,5.759755730841294,9.615777930908624,25.6782694402656,10.390129377091762,97.0,96.87847222222224,43.0,30.67013888888889,2.3,21.2
411285.4853574395,58.4276542042436,34.26425178992512,68.37910891218571,15451966.342910131,11099.815030370692,5661591.512012222,33.63998724849095,55.31684738960696,64.7932709326375,117732415.08983348,1056.3817410779272,albert-base-v2_batch2-train,whisper-large-v2_batch8-inf,5,23,4.90239666139081,3.700801045380914,25.6782694402656,10.73243670597552,97.0,45.11811023622048,43.0,19.79265091863517,2.3,11.4
411285.4853574395,58.4276542042436,34.26425178992512,68.37910891218571,15451966.342910131,11099.815030370692,692527.7301330821,62.5482786063805,33.25333145673535,80.83888015236029,27323770.3166314,16724.462236768497,albert-base-v2_batch2-train,bert-base-cased_batch16-train,5,24,6.299368414109266,29.122782215310664,25.6782694402656,32.58655804480652,97.0,97.01724137931036,43.0,42.82758620689656,2.3,7.4
411285.4853574395,58.4276542042436,34.26425178992512,68.37910891218571,15451966.342910131,11099.815030370692,282529.3614028022,53.30323833870383,33.27643892259864,72.11510146261294,13680331.758935943,5646.101384772973,albert-base-v2_batch2-train,bert-base-cased_batch8-train,5,26,9.727855169576204,24.40894568690096,25.6782694402656,29.24021138236145,97.0,96.7,43.0,45.2,2.3,4.9
411285.4853574395,58.4276542042436,34.26425178992512,68.37910891218571,15451966.342910131,11099.815030370692,496067.9989140645,33.65768151737584,59.00252471417957,78.60977177747729,16690912.72524413,3652.032077044045,albert-base-v2_batch2-train,vit_h_14_batch8-train,5,28,13.81855013746202,8.446108071791919,25.6782694402656,9.500815660685156,97.0,96.99371069182388,43.0,32.52201,2.3,17.4
407273.6437354477,71.71888252706013,17.28196639963645,63.66662208308519,15566445.000576952,10410.317650169076,407273.6437354477,71.71888252706013,17.28196639963645,63.66662208308519,15566445.000576952,10410.317650169076,whisper-large-v2_batch2-inf,whisper-large-v2_batch2-inf,7,7,1.8773345719870715,1.887885216578832,1.7085028704506966,1.7085028704506966,37.63403263403264,37.63403263403264,16.834498834498834,16.834498834498834,8.3,8.3
407273.6437354477,71.71888252706013,17.28196639963645,63.66662208308519,15566445.000576952,10410.317650169076,4277649.00888219,50.385998213386,52.11208358723994,82.58865975224239,92390692.05828495,25482.817460549733,whisper-large-v2_batch2-inf,albert-base-v2_batch16-train,7,8,1.4333245495001836,22.384642157132127,1.7085028704506966,31.21636167922497,37.63403263403264,97.3793103448276,16.834498834498834,45.672413793103445,8.3,12.4
407273.6437354477,71.71888252706013,17.28196639963645,63.66662208308519,15566445.000576952,10410.317650169076,835718.6565414541,77.39705851566664,19.5069773693752,80.25152845506604,33046364.645043664,21136.22413125796,whisper-large-v2_batch2-inf,bert-base-cased_batch16-inf,7,9,1.5092631022903067,83.40771949869675,1.7085028704506966,99.82511698255897,37.63403263403264,97.0,16.834498834498834,38.0,8.3,1.6
407273.6437354477,71.71888252706013,17.28196639963645,63.66662208308519,15566445.000576952,10410.317650169076,2011555.2744192549,48.32407816574221,50.96574818117043,78.11175775979989,42373993.86889671,8963.297179442388,whisper-large-v2_batch2-inf,albert-base-v2_batch8-train,7,11,1.9338632074217816,18.106009718666986,1.7085028704506966,29.67588370763072,37.63403263403264,97.38028169014083,16.834498834498834,46.74647887323944,8.3,6.6
407273.6437354477,71.71888252706013,17.28196639963645,63.66662208308519,15566445.000576952,10410.317650169076,11591573.55669206,29.18332008231777,58.632473452760095,67.5808277077139,198198381.70553783,1529.2248322788505,whisper-large-v2_batch2-inf,whisper-large-v2_batch16-inf,7,12,0.94508333704933,3.131957944585332,1.7085028704506966,24.59818976428725,37.63403263403264,50.03021148036254,16.834498834498834,22.38368580060423,8.3,15.4
407273.6437354477,71.71888252706013,17.28196639963645,63.66662208308519,15566445.000576952,10410.317650169076,190287.54368530755,50.355027213149135,39.03476297296079,70.42541520673052,11074376.322716216,8536.651206481605,whisper-large-v2_batch2-inf,bert-base-cased_batch2-train,7,18,2.8225571786067625,9.260726722893526,1.7085028704506966,23.23807288304677,37.63403263403264,97.27272727272728,16.834498834498834,47.76623376623377,8.3,3.1
407273.6437354477,71.71888252706013,17.28196639963645,63.66662208308519,15566445.000576952,10410.317650169076,183316.888392316,44.95736442315827,46.30171509953436,72.30406066464882,9279376.251384592,6320.710134302391,whisper-large-v2_batch2-inf,vit_h_14_batch2-train,7,19,2.4402924996645643,3.1159964925466617,1.7085028704506966,6.908856242645105,37.63403263403264,97.51923076923076,16.834498834498834,47.9423,8.3,14.3
407273.6437354477,71.71888252706013,17.28196639963645,63.66662208308519,15566445.000576952,10410.317650169076,5661591.512012222,33.63998724849095,55.31684738960696,64.7932709326375,117732415.08983348,1056.3817410779272,whisper-large-v2_batch2-inf,whisper-large-v2_batch8-inf,7,23,0.95585192305125,3.1421541302185334,1.7085028704506966,10.73243670597552,37.63403263403264,45.11811023622048,16.834498834498834,19.79265091863517,8.3,11.4
407273.6437354477,71.71888252706013,17.28196639963645,63.66662208308519,15566445.000576952,10410.317650169076,692527.7301330821,62.5482786063805,33.25333145673535,80.83888015236029,27323770.3166314,16724.462236768497,whisper-large-v2_batch2-inf,bert-base-cased_batch16-train,7,24,1.5484488905443516,22.538107194401057,1.7085028704506966,32.58655804480652,37.63403263403264,97.01724137931036,16.834498834498834,42.82758620689656,8.3,7.4
407273.6437354477,71.71888252706013,17.28196639963645,63.66662208308519,15566445.000576952,10410.317650169076,282529.3614028022,53.30323833870383,33.27643892259864,72.11510146261294,13680331.758935943,5646.101384772973,whisper-large-v2_batch2-inf,bert-base-cased_batch8-train,7,26,2.049959846147344,17.656191857108027,1.7085028704506966,29.24021138236145,37.63403263403264,96.7,16.834498834498834,45.2,8.3,4.9
407273.6437354477,71.71888252706013,17.28196639963645,63.66662208308519,15566445.000576952,10410.317650169076,496067.9989140645,33.65768151737584,59.00252471417957,78.60977177747729,16690912.72524413,3652.032077044045,whisper-large-v2_batch2-inf,vit_h_14_batch8-train,7,28,1.561942283280508,6.278691561850259,1.7085028704506966,9.500815660685156,37.63403263403264,96.99371069182388,16.834498834498834,32.52201,8.3,17.4
4277649.00888219,50.385998213386,52.11208358723994,82.58865975224239,92390692.05828495,25482.817460549733,4277649.00888219,50.385998213386,52.11208358723994,82.58865975224239,92390692.05828495,25482.817460549733,albert-base-v2_batch16-train,albert-base-v2_batch16-train,8,8,17.335072891258722,17.449377691330405,31.21636167922497,31.21636167922497,97.3793103448276,97.3793103448276,45.672413793103445,45.672413793103445,12.4,12.4
4277649.00888219,50.385998213386,52.11208358723994,82.58865975224239,92390692.05828495,25482.817460549733,835718.6565414541,77.39705851566664,19.5069773693752,80.25152845506604,33046364.645043664,21136.22413125796,albert-base-v2_batch16-train,bert-base-cased_batch16-inf,8,9,16.371572525807245,59.896667991436,31.21636167922497,99.82511698255897,97.3793103448276,97.0,45.672413793103445,38.0,12.4,1.6
4277649.00888219,50.385998213386,52.11208358723994,82.58865975224239,92390692.05828495,25482.817460549733,2011555.2744192549,48.32407816574221,50.96574818117043,78.11175775979989,42373993.86889671,8963.297179442388,albert-base-v2_batch16-train,albert-base-v2_batch8-train,8,11,22.154559953603016,12.353409996584311,31.21636167922497,29.67588370763072,97.3793103448276,97.38028169014083,45.672413793103445,46.74647887323944,12.4,6.6
4277649.00888219,50.385998213386,52.11208358723994,82.58865975224239,92390692.05828495,25482.817460549733,11591573.55669206,29.18332008231777,58.632473452760095,67.5808277077139,198198381.70553783,1529.2248322788505,albert-base-v2_batch16-train,whisper-large-v2_batch16-inf,8,12,11.811782413568404,2.7796848974035977,31.21636167922497,24.59818976428725,97.3793103448276,50.03021148036254,45.672413793103445,22.38368580060423,12.4,15.4
4277649.00888219,50.385998213386,52.11208358723994,82.58865975224239,92390692.05828495,25482.817460549733,35961.4603913098,67.45085472767737,10.815099777889127,40.24518066467102,3779001.50924272,2914.346235876293,albert-base-v2_batch16-train,vit-base-patch16-224_batch2-inf,8,14,31.03071335378539,21.55379221258535,31.21636167922497,63.42342342342342,97.3793103448276,29.454545454545453,45.672413793103445,4.181818181818182,12.4,1.6
4277649.00888219,50.385998213386,52.11208358723994,82.58865975224239,92390692.05828495,25482.817460549733,210588.1095979778,73.11711703442735,15.196149452714376,63.87781954030234,14134984.63908432,13218.430422937075,albert-base-v2_batch16-train,bert-base-cased_batch2-inf,8,15,28.354682253451063,18.33076995511472,31.21636167922497,84.1300191204589,97.3793103448276,92.5,45.672413793103445,40.0,12.4,1.2
4277649.00888219,50.385998213386,52.11208358723994,82.58865975224239,92390692.05828495,25482.817460549733,190287.54368530755,50.355027213149135,39.03476297296079,70.42541520673052,11074376.322716216,8536.651206481605,albert-base-v2_batch16-train,bert-base-cased_batch2-train,8,18,28.53008448863371,5.127782508767592,31.21636167922497,23.23807288304677,97.3793103448276,97.27272727272728,45.672413793103445,47.76623376623377,12.4,3.1
4277649.00888219,50.385998213386,52.11208358723994,82.58865975224239,92390692.05828495,25482.817460549733,183316.888392316,44.95736442315827,46.30171509953436,72.30406066464882,9279376.251384592,6320.710134302391,albert-base-v2_batch16-train,vit_h_14_batch2-train,8,19,26.24167067390259,1.9816984321268287,31.21636167922497,6.908856242645105,97.3793103448276,97.51923076923076,45.672413793103445,47.9423,12.4,14.3
4277649.00888219,50.385998213386,52.11208358723994,82.58865975224239,92390692.05828495,25482.817460549733,692527.7301330821,62.5482786063805,33.25333145673535,80.83888015236029,27323770.3166314,16724.462236768497,albert-base-v2_batch16-train,bert-base-cased_batch16-train,8,24,18.529241459177765,17.07949566306,31.21636167922497,32.58655804480652,97.3793103448276,97.01724137931036,45.672413793103445,42.82758620689656,12.4,7.4
4277649.00888219,50.385998213386,52.11208358723994,82.58865975224239,92390692.05828495,25482.817460549733,282529.3614028022,53.30323833870383,33.27643892259864,72.11510146261294,13680331.758935943,5646.101384772973,albert-base-v2_batch16-train,bert-base-cased_batch8-train,8,26,23.108624144580133,11.862646213136223,31.21636167922497,29.24021138236145,97.3793103448276,96.7,45.672413793103445,45.2,12.4,4.9
4277649.00888219,50.385998213386,52.11208358723994,82.58865975224239,92390692.05828495,25482.817460549733,496067.9989140645,33.65768151737584,59.00252471417957,78.60977177747729,16690912.72524413,3652.032077044045,albert-base-v2_batch16-train,vit_h_14_batch8-train,8,28,20.19948311532081,4.609179950067217,31.21636167922497,9.500815660685156,97.3793103448276,96.99371069182388,45.672413793103445,32.52201,12.4,17.4
835718.6565414541,77.39705851566664,19.5069773693752,80.25152845506604,33046364.645043664,21136.22413125796,2011555.2744192549,48.32407816574221,50.96574818117043,78.11175775979989,42373993.86889671,8963.297179442388,bert-base-cased_batch16-inf,albert-base-v2_batch8-train,9,11,73.45565460748706,12.097491549546344,99.82511698255897,29.67588370763072,97.0,97.38028169014083,38.0,46.74647887323944,1.6,6.6
835718.6565414541,77.39705851566664,19.5069773693752,80.25152845506604,33046364.645043664,21136.22413125796,11591573.55669206,29.18332008231777,58.632473452760095,67.5808277077139,198198381.70553783,1529.2248322788505,bert-base-cased_batch16-inf,whisper-large-v2_batch16-inf,9,12,43.00639756984397,3.108606955508063,99.82511698255897,24.59818976428725,97.0,50.03021148036254,38.0,22.38368580060423,1.6,15.4
835718.6565414541,77.39705851566664,19.5069773693752,80.25152845506604,33046364.645043664,21136.22413125796,35961.4603913098,67.45085472767737,10.815099777889127,40.24518066467102,3779001.50924272,2914.346235876293,bert-base-cased_batch16-inf,vit-base-patch16-224_batch2-inf,9,14,101.56742537881256,20.798668885191347,99.82511698255897,63.42342342342342,97.0,29.454545454545453,38.0,4.181818181818182,1.6,1.6
835718.6565414541,77.39705851566664,19.5069773693752,80.25152845506604,33046364.645043664,21136.22413125796,210588.1095979778,73.11711703442735,15.196149452714376,63.87781954030234,14134984.63908432,13218.430422937075,bert-base-cased_batch16-inf,bert-base-cased_batch2-inf,9,15,95.44626593806922,13.794080827644848,99.82511698255897,84.1300191204589,97.0,92.5,38.0,40.0,1.6,1.2
835718.6565414541,77.39705851566664,19.5069773693752,80.25152845506604,33046364.645043664,21136.22413125796,190287.54368530755,50.355027213149135,39.03476297296079,70.42541520673052,11074376.322716216,8536.651206481605,bert-base-cased_batch16-inf,bert-base-cased_batch2-train,9,18,94.45635032954593,5.135074793480688,99.82511698255897,23.23807288304677,97.0,97.27272727272728,38.0,47.76623376623377,1.6,3.1
835718.6565414541,77.39705851566664,19.5069773693752,80.25152845506604,33046364.645043664,21136.22413125796,183316.888392316,44.95736442315827,46.30171509953436,72.30406066464882,9279376.251384592,6320.710134302391,bert-base-cased_batch16-inf,vit_h_14_batch2-train,9,19,87.77829967120714,2.062128222075347,99.82511698255897,6.908856242645105,97.0,97.51923076923076,38.0,47.9423,1.6,14.3
835718.6565414541,77.39705851566664,19.5069773693752,80.25152845506604,33046364.645043664,21136.22413125796,1691379.0692694078,15.650645216259049,84.56479567654743,84.99004188310414,34529068.77101502,180.8677358253554,bert-base-cased_batch16-inf,vit_h_14_batch16-train,9,20,57.9242967132425,6.143275740123269,99.82511698255897,10.390129377091762,97.0,96.87847222222224,38.0,30.67013888888889,1.6,21.2
835718.6565414541,77.39705851566664,19.5069773693752,80.25152845506604,33046364.645043664,21136.22413125796,5661591.512012222,33.63998724849095,55.31684738960696,64.7932709326375,117732415.08983348,1056.3817410779272,bert-base-cased_batch16-inf,whisper-large-v2_batch8-inf,9,23,58.367897656289045,2.485012269748082,99.82511698255897,10.73243670597552,97.0,45.11811023622048,38.0,19.79265091863517,1.6,11.4
835718.6565414541,77.39705851566664,19.5069773693752,80.25152845506604,33046364.645043664,21136.22413125796,692527.7301330821,62.5482786063805,33.25333145673535,80.83888015236029,27323770.3166314,16724.462236768497,bert-base-cased_batch16-inf,bert-base-cased_batch16-train,9,24,61.84720880051893,16.663697531963876,99.82511698255897,32.58655804480652,97.0,97.01724137931036,38.0,42.82758620689656,1.6,7.4
835718.6565414541,77.39705851566664,19.5069773693752,80.25152845506604,33046364.645043664,21136.22413125796,282529.3614028022,53.30323833870383,33.27643892259864,72.11510146261294,13680331.758935943,5646.101384772973,bert-base-cased_batch16-inf,bert-base-cased_batch8-train,9,26,76.38854825787675,11.38203404798116,99.82511698255897,29.24021138236145,97.0,96.7,38.0,45.2,1.6,4.9
2011555.2744192549,48.32407816574221,50.96574818117043,78.11175775979989,42373993.86889671,8963.297179442388,2011555.2744192549,48.32407816574221,50.96574818117043,78.11175775979989,42373993.86889671,8963.297179442388,albert-base-v2_batch8-train,albert-base-v2_batch8-train,11,11,16.967408805729832,17.223943891697928,29.67588370763072,29.67588370763072,97.38028169014083,97.38028169014083,46.74647887323944,46.74647887323944,6.6,6.6
2011555.2744192549,48.32407816574221,50.96574818117043,78.11175775979989,42373993.86889671,8963.297179442388,11591573.55669206,29.18332008231777,58.632473452760095,67.5808277077139,198198381.70553783,1529.2248322788505,albert-base-v2_batch8-train,whisper-large-v2_batch16-inf,11,12,7.450307986514724,3.322266247958369,29.67588370763072,24.59818976428725,97.38028169014083,50.03021148036254,46.74647887323944,22.38368580060423,6.6,15.4
2011555.2744192549,48.32407816574221,50.96574818117043,78.11175775979989,42373993.86889671,8963.297179442388,35961.4603913098,67.45085472767737,10.815099777889127,40.24518066467102,3779001.50924272,2914.346235876293,albert-base-v2_batch8-train,vit-base-patch16-224_batch2-inf,11,14,28.99527983816588,28.829540405785654,29.67588370763072,63.42342342342342,97.38028169014083,29.454545454545453,46.74647887323944,4.181818181818182,6.6,1.6
2011555.2744192549,48.32407816574221,50.96574818117043,78.11175775979989,42373993.86889671,8963.297179442388,210588.1095979778,73.11711703442735,15.196149452714376,63.87781954030234,14134984.63908432,13218.430422937075,albert-base-v2_batch8-train,bert-base-cased_batch2-inf,11,15,24.80782669461915,28.806787352636512,29.67588370763072,84.1300191204589,97.38028169014083,92.5,46.74647887323944,40.0,6.6,1.2
2011555.2744192549,48.32407816574221,50.96574818117043,78.11175775979989,42373993.86889671,8963.297179442388,190287.54368530755,50.355027213149135,39.03476297296079,70.42541520673052,11074376.322716216,8536.651206481605,albert-base-v2_batch8-train,bert-base-cased_batch2-train,11,18,25.054519815698427,7.730464472073697,29.67588370763072,23.23807288304677,97.38028169014083,97.27272727272728,46.74647887323944,47.76623376623377,6.6,3.1
2011555.2744192549,48.32407816574221,50.96574818117043,78.11175775979989,42373993.86889671,8963.297179442388,183316.888392316,44.95736442315827,46.30171509953436,72.30406066464882,9279376.251384592,6320.710134302391,albert-base-v2_batch8-train,vit_h_14_batch2-train,11,19,22.78488562822463,2.920463577383043,29.67588370763072,6.908856242645105,97.38028169014083,97.51923076923076,46.74647887323944,47.9423,6.6,14.3
2011555.2744192549,48.32407816574221,50.96574818117043,78.11175775979989,42373993.86889671,8963.297179442388,1691379.0692694078,15.650645216259049,84.56479567654743,84.99004188310414,34529068.77101502,180.8677358253554,albert-base-v2_batch8-train,vit_h_14_batch16-train,11,20,12.235060494687197,7.791022064417955,29.67588370763072,10.390129377091762,97.38028169014083,96.87847222222224,46.74647887323944,30.67013888888889,6.6,21.2
2011555.2744192549,48.32407816574221,50.96574818117043,78.11175775979989,42373993.86889671,8963.297179442388,5661591.512012222,33.63998724849095,55.31684738960696,64.7932709326375,117732415.08983348,1056.3817410779272,albert-base-v2_batch8-train,whisper-large-v2_batch8-inf,11,23,10.068943480493251,3.006807940142824,29.67588370763072,10.73243670597552,97.38028169014083,45.11811023622048,46.74647887323944,19.79265091863517,6.6,11.4
2011555.2744192549,48.32407816574221,50.96574818117043,78.11175775979989,42373993.86889671,8963.297179442388,692527.7301330821,62.5482786063805,33.25333145673535,80.83888015236029,27323770.3166314,16724.462236768497,albert-base-v2_batch8-train,bert-base-cased_batch16-train,11,24,13.501095638651304,22.005087777647937,29.67588370763072,32.58655804480652,97.38028169014083,97.01724137931036,46.74647887323944,42.82758620689656,6.6,7.4
2011555.2744192549,48.32407816574221,50.96574818117043,78.11175775979989,42373993.86889671,8963.297179442388,282529.3614028022,53.30323833870383,33.27643892259864,72.11510146261294,13680331.758935943,5646.101384772973,albert-base-v2_batch8-train,bert-base-cased_batch8-train,11,26,18.49050667376599,16.27164884417704,29.67588370763072,29.24021138236145,97.38028169014083,96.7,46.74647887323944,45.2,6.6,4.9
2011555.2744192549,48.32407816574221,50.96574818117043,78.11175775979989,42373993.86889671,8963.297179442388,496067.9989140645,33.65768151737584,59.00252471417957,78.60977177747729,16690912.72524413,3652.032077044045,albert-base-v2_batch8-train,vit_h_14_batch8-train,11,28,15.587181034176812,5.903306315146925,29.67588370763072,9.500815660685156,97.38028169014083,96.99371069182388,46.74647887323944,32.52201,6.6,17.4
11591573.55669206,29.18332008231777,58.632473452760095,67.5808277077139,198198381.70553783,1529.2248322788505,11591573.55669206,29.18332008231777,58.632473452760095,67.5808277077139,198198381.70553783,1529.2248322788505,whisper-large-v2_batch16-inf,whisper-large-v2_batch16-inf,12,12,2.1413381078209435,2.389257357954705,24.59818976428725,24.59818976428725,50.03021148036254,50.03021148036254,22.38368580060423,22.38368580060423,15.4,15.4
11591573.55669206,29.18332008231777,58.632473452760095,67.5808277077139,198198381.70553783,1529.2248322788505,35961.4603913098,67.45085472767737,10.815099777889127,40.24518066467102,3779001.50924272,2914.346235876293,whisper-large-v2_batch16-inf,vit-base-patch16-224_batch2-inf,12,14,3.7903062916590815,11.660452119954767,24.59818976428725,63.42342342342342,50.03021148036254,29.454545454545453,22.38368580060423,4.181818181818182,15.4,1.6
11591573.55669206,29.18332008231777,58.632473452760095,67.5808277077139,198198381.70553783,1529.2248322788505,190287.54368530755,50.355027213149135,39.03476297296079,70.42541520673052,11074376.322716216,8536.651206481605,whisper-large-v2_batch16-inf,bert-base-cased_batch2-train,12,18,3.72830460632995,3.293390534862815,24.59818976428725,23.23807288304677,50.03021148036254,97.27272727272728,22.38368580060423,47.76623376623377,15.4,3.1
11591573.55669206,29.18332008231777,58.632473452760095,67.5808277077139,198198381.70553783,1529.2248322788505,183316.888392316,44.95736442315827,46.30171509953436,72.30406066464882,9279376.251384592,6320.710134302391,whisper-large-v2_batch16-inf,vit_h_14_batch2-train,12,19,3.79402686072896,1.5150927696074776,24.59818976428725,6.908856242645105,50.03021148036254,97.51923076923076,22.38368580060423,47.9423,15.4,14.3
11591573.55669206,29.18332008231777,58.632473452760095,67.5808277077139,198198381.70553783,1529.2248322788505,5661591.512012222,33.63998724849095,55.31684738960696,64.7932709326375,117732415.08983348,1056.3817410779272,whisper-large-v2_batch16-inf,whisper-large-v2_batch8-inf,12,23,3.524229074889868,0.9448105950010336,24.59818976428725,10.73243670597552,50.03021148036254,45.11811023622048,22.38368580060423,19.79265091863517,15.4,11.4
11591573.55669206,29.18332008231777,58.632473452760095,67.5808277077139,198198381.70553783,1529.2248322788505,692527.7301330821,62.5482786063805,33.25333145673535,80.83888015236029,27323770.3166314,16724.462236768497,whisper-large-v2_batch16-inf,bert-base-cased_batch16-train,12,24,2.9377099490948373,11.104234944275774,24.59818976428725,32.58655804480652,50.03021148036254,97.01724137931036,22.38368580060423,42.82758620689656,15.4,7.4
11591573.55669206,29.18332008231777,58.632473452760095,67.5808277077139,198198381.70553783,1529.2248322788505,282529.3614028022,53.30323833870383,33.27643892259864,72.11510146261294,13680331.758935943,5646.101384772973,whisper-large-v2_batch16-inf,bert-base-cased_batch8-train,12,26,3.2853305334640126,7.380307886253097,24.59818976428725,29.24021138236145,50.03021148036254,96.7,22.38368580060423,45.2,15.4,4.9
35961.4603913098,67.45085472767737,10.815099777889127,40.24518066467102,3779001.50924272,2914.346235876293,35961.4603913098,67.45085472767737,10.815099777889127,40.24518066467102,3779001.50924272,2914.346235876293,vit-base-patch16-224_batch2-inf,vit-base-patch16-224_batch2-inf,14,14,60.13179571663921,60.17783423308987,63.42342342342342,63.42342342342342,29.454545454545453,29.454545454545453,4.181818181818182,4.181818181818182,1.6,1.6
35961.4603913098,67.45085472767737,10.815099777889127,40.24518066467102,3779001.50924272,2914.346235876293,210588.1095979778,73.11711703442735,15.196149452714376,63.87781954030234,14134984.63908432,13218.430422937075,vit-base-patch16-224_batch2-inf,bert-base-cased_batch2-inf,14,15,52.875381312846,75.46194598785372,63.42342342342342,84.1300191204589,29.454545454545453,92.5,4.181818181818182,40.0,1.6,1.2
35961.4603913098,67.45085472767737,10.815099777889127,40.24518066467102,3779001.50924272,2914.346235876293,190287.54368530755,50.355027213149135,39.03476297296079,70.42541520673052,11074376.322716216,8536.651206481605,vit-base-patch16-224_batch2-inf,bert-base-cased_batch2-train,14,18,49.6261046906866,21.2018567306486,63.42342342342342,23.23807288304677,29.454545454545453,97.27272727272728,4.181818181818182,47.76623376623377,1.6,3.1
35961.4603913098,67.45085472767737,10.815099777889127,40.24518066467102,3779001.50924272,2914.346235876293,183316.888392316,44.95736442315827,46.30171509953436,72.30406066464882,9279376.251384592,6320.710134302391,vit-base-patch16-224_batch2-inf,vit_h_14_batch2-train,14,19,56.58366437360721,6.707317073170732,63.42342342342342,6.908856242645105,29.454545454545453,97.51923076923076,4.181818181818182,47.9423,1.6,14.3
35961.4603913098,67.45085472767737,10.815099777889127,40.24518066467102,3779001.50924272,2914.346235876293,1691379.0692694078,15.650645216259049,84.56479567654743,84.99004188310414,34529068.77101502,180.8677358253554,vit-base-patch16-224_batch2-inf,vit_h_14_batch16-train,14,20,42.60596775370249,10.626992561105208,63.42342342342342,10.390129377091762,29.454545454545453,96.87847222222224,4.181818181818182,30.67013888888889,1.6,21.2
35961.4603913098,67.45085472767737,10.815099777889127,40.24518066467102,3779001.50924272,2914.346235876293,282529.3614028022,53.30323833870383,33.27643892259864,72.11510146261294,13680331.758935943,5646.101384772973,vit-base-patch16-224_batch2-inf,bert-base-cased_batch8-train,14,26,30.084483824438493,30.13044277053096,63.42342342342342,29.24021138236145,29.454545454545453,96.7,4.181818181818182,45.2,1.6,4.9
35961.4603913098,67.45085472767737,10.815099777889127,40.24518066467102,3779001.50924272,2914.346235876293,496067.9989140645,33.65768151737584,59.00252471417957,78.60977177747729,16690912.72524413,3652.032077044045,vit-base-patch16-224_batch2-inf,vit_h_14_batch8-train,14,28,45.5573757703409,9.44138473642801,63.42342342342342,9.500815660685156,29.454545454545453,96.99371069182388,4.181818181818182,32.52201,1.6,17.4
210588.1095979778,73.11711703442735,15.196149452714376,63.87781954030234,14134984.63908432,13218.430422937075,210588.1095979778,73.11711703442735,15.196149452714376,63.87781954030234,14134984.63908432,13218.430422937075,bert-base-cased_batch2-inf,bert-base-cased_batch2-inf,15,15,49.52090223013653,54.79849231661351,84.1300191204589,84.1300191204589,92.5,92.5,40.0,40.0,1.2,1.2
210588.1095979778,73.11711703442735,15.196149452714376,63.87781954030234,14134984.63908432,13218.430422937075,190287.54368530755,50.355027213149135,39.03476297296079,70.42541520673052,11074376.322716216,8536.651206481605,bert-base-cased_batch2-inf,bert-base-cased_batch2-train,15,18,55.36069769646412,14.003044140030442,84.1300191204589,23.23807288304677,92.5,97.27272727272728,40.0,47.76623376623377,1.2,3.1
210588.1095979778,73.11711703442735,15.196149452714376,63.87781954030234,14134984.63908432,13218.430422937075,183316.888392316,44.95736442315827,46.30171509953436,72.30406066464882,9279376.251384592,6320.710134302391,bert-base-cased_batch2-inf,vit_h_14_batch2-train,15,19,85.76883536495814,7.033997655334115,84.1300191204589,6.908856242645105,92.5,97.51923076923076,40.0,47.9423,1.2,14.3
210588.1095979778,73.11711703442735,15.196149452714376,63.87781954030234,14134984.63908432,13218.430422937075,692527.7301330821,62.5482786063805,33.25333145673535,80.83888015236029,27323770.3166314,16724.462236768497,bert-base-cased_batch2-inf,bert-base-cased_batch16-train,15,24,21.35361439175107,28.799499139145404,84.1300191204589,32.58655804480652,92.5,97.01724137931036,40.0,42.82758620689656,1.2,7.4
210588.1095979778,73.11711703442735,15.196149452714376,63.87781954030234,14134984.63908432,13218.430422937075,282529.3614028022,53.30323833870383,33.27643892259864,72.11510146261294,13680331.758935943,5646.101384772973,bert-base-cased_batch2-inf,bert-base-cased_batch8-train,15,26,33.01673450927183,24.02660087954521,84.1300191204589,29.24021138236145,92.5,96.7,40.0,45.2,1.2,4.9
190287.54368530755,50.355027213149135,39.03476297296079,70.42541520673052,11074376.322716216,8536.651206481605,190287.54368530755,50.355027213149135,39.03476297296079,70.42541520673052,11074376.322716216,8536.651206481605,bert-base-cased_batch2-train,bert-base-cased_batch2-train,18,18,13.776190991380863,14.485949969820938,23.23807288304677,23.23807288304677,97.27272727272728,97.27272727272728,47.76623376623377,47.76623376623377,3.1,3.1
190287.54368530755,50.355027213149135,39.03476297296079,70.42541520673052,11074376.322716216,8536.651206481605,183316.888392316,44.95736442315827,46.30171509953436,72.30406066464882,9279376.251384592,6320.710134302391,bert-base-cased_batch2-train,vit_h_14_batch2-train,18,19,14.496603544457516,5.056570381138992,23.23807288304677,6.908856242645105,97.27272727272728,97.51923076923076,47.76623376623377,47.9423,3.1,14.3
190287.54368530755,50.355027213149135,39.03476297296079,70.42541520673052,11074376.322716216,8536.651206481605,1691379.0692694078,15.650645216259049,84.56479567654743,84.99004188310414,34529068.77101502,180.8677358253554,bert-base-cased_batch2-train,vit_h_14_batch16-train,18,20,7.229508506974016,9.824657160401172,23.23807288304677,10.390129377091762,97.27272727272728,96.87847222222224,47.76623376623377,30.67013888888889,3.1,21.2
190287.54368530755,50.355027213149135,39.03476297296079,70.42541520673052,11074376.322716216,8536.651206481605,5661591.512012222,33.63998724849095,55.31684738960696,64.7932709326375,117732415.08983348,1056.3817410779272,bert-base-cased_batch2-train,whisper-large-v2_batch8-inf,18,23,4.197695002352801,3.714731591494414,23.23807288304677,10.73243670597552,97.27272727272728,45.11811023622048,47.76623376623377,19.79265091863517,3.1,11.4
190287.54368530755,50.355027213149135,39.03476297296079,70.42541520673052,11074376.322716216,8536.651206481605,692527.7301330821,62.5482786063805,33.25333145673535,80.83888015236029,27323770.3166314,16724.462236768497,bert-base-cased_batch2-train,bert-base-cased_batch16-train,18,24,5.391672547635851,29.404750213942,23.23807288304677,32.58655804480652,97.27272727272728,97.01724137931036,47.76623376623377,42.82758620689656,3.1,7.4
190287.54368530755,50.355027213149135,39.03476297296079,70.42541520673052,11074376.322716216,8536.651206481605,282529.3614028022,53.30323833870383,33.27643892259864,72.11510146261294,13680331.758935943,5646.101384772973,bert-base-cased_batch2-train,bert-base-cased_batch8-train,18,26,7.833808420318684,25.095406501628403,23.23807288304677,29.24021138236145,97.27272727272728,96.7,47.76623376623377,45.2,3.1,4.9
190287.54368530755,50.355027213149135,39.03476297296079,70.42541520673052,11074376.322716216,8536.651206481605,496067.9989140645,33.65768151737584,59.00252471417957,78.60977177747729,16690912.72524413,3652.032077044045,bert-base-cased_batch2-train,vit_h_14_batch8-train,18,28,7.070849523179645,8.234666436728338,23.23807288304677,9.500815660685156,97.27272727272728,96.99371069182388,47.76623376623377,32.52201,3.1,17.4
183316.888392316,44.95736442315827,46.30171509953436,72.30406066464882,9279376.251384592,6320.710134302391,183316.888392316,44.95736442315827,46.30171509953436,72.30406066464882,9279376.251384592,6320.710134302391,vit_h_14_batch2-train,vit_h_14_batch2-train,19,19,3.788667717972369,3.849762533491967,6.908856242645105,6.908856242645105,97.51923076923076,97.51923076923076,47.9423,47.9423,14.3,14.3
183316.888392316,44.95736442315827,46.30171509953436,72.30406066464882,9279376.251384592,6320.710134302391,5661591.512012222,33.63998724849095,55.31684738960696,64.7932709326375,117732415.08983348,1056.3817410779272,vit_h_14_batch2-train,whisper-large-v2_batch8-inf,19,23,1.6991106175383557,3.313421491979044,6.908856242645105,10.73243670597552,97.51923076923076,45.11811023622048,47.9423,19.79265091863517,14.3,11.4
183316.888392316,44.95736442315827,46.30171509953436,72.30406066464882,9279376.251384592,6320.710134302391,692527.7301330821,62.5482786063805,33.25333145673535,80.83888015236029,27323770.3166314,16724.462236768497,vit_h_14_batch2-train,bert-base-cased_batch16-train,19,24,2.2632245195442864,26.370516106206907,6.908856242645105,32.58655804480652,97.51923076923076,97.01724137931036,47.9423,42.82758620689656,14.3,7.4
183316.888392316,44.95736442315827,46.30171509953436,72.30406066464882,9279376.251384592,6320.710134302391,282529.3614028022,53.30323833870383,33.27643892259864,72.11510146261294,13680331.758935943,5646.101384772973,vit_h_14_batch2-train,bert-base-cased_batch8-train,19,26,3.2144444824402423,21.98371363623284,6.908856242645105,29.24021138236145,97.51923076923076,96.7,47.9423,45.2,14.3,4.9
183316.888392316,44.95736442315827,46.30171509953436,72.30406066464882,9279376.251384592,6320.710134302391,496067.9989140645,33.65768151737584,59.00252471417957,78.60977177747729,16690912.72524413,3652.032077044045,vit_h_14_batch2-train,vit_h_14_batch8-train,19,28,2.4118720856545632,7.328642618359017,6.908856242645105,9.500815660685156,97.51923076923076,96.99371069182388,47.9423,32.52201,14.3,17.4
5661591.512012222,33.63998724849095,55.31684738960696,64.7932709326375,117732415.08983348,1056.3817410779272,282529.3614028022,53.30323833870383,33.27643892259864,72.11510146261294,13680331.758935943,5646.101384772973,whisper-large-v2_batch8-inf,bert-base-cased_batch8-train,23,26,2.9344698101292157,10.54139215124606,10.73243670597552,29.24021138236145,45.11811023622048,96.7,19.79265091863517,45.2,11.4,4.9
5661591.512012222,33.63998724849095,55.31684738960696,64.7932709326375,117732415.08983348,1056.3817410779272,496067.9989140645,33.65768151737584,59.00252471417957,78.60977177747729,16690912.72524413,3652.032077044045,whisper-large-v2_batch8-inf,vit_h_14_batch8-train,23,28,2.907434189327918,3.2503555076336474,10.73243670597552,9.500815660685156,45.11811023622048,96.99371069182388,19.79265091863517,32.52201,11.4,17.4
692527.7301330821,62.5482786063805,33.25333145673535,80.83888015236029,27323770.3166314,16724.462236768497,692527.7301330821,62.5482786063805,33.25333145673535,80.83888015236029,27323770.3166314,16724.462236768497,bert-base-cased_batch16-train,bert-base-cased_batch16-train,24,24,18.22475608883376,18.444237940079752,32.58655804480652,32.58655804480652,97.01724137931036,97.01724137931036,42.82758620689656,42.82758620689656,7.4,7.4
692527.7301330821,62.5482786063805,33.25333145673535,80.83888015236029,27323770.3166314,16724.462236768497,282529.3614028022,53.30323833870383,33.27643892259864,72.11510146261294,13680331.758935943,5646.101384772973,bert-base-cased_batch16-train,bert-base-cased_batch8-train,24,26,23.45500874957787,12.473354775050275,32.58655804480652,29.24021138236145,97.01724137931036,96.7,42.82758620689656,45.2,7.4,4.9
692527.7301330821,62.5482786063805,33.25333145673535,80.83888015236029,27323770.3166314,16724.462236768497,496067.9989140645,33.65768151737584,59.00252471417957,78.60977177747729,16690912.72524413,3652.032077044045,bert-base-cased_batch16-train,vit_h_14_batch8-train,24,28,19.930348128921175,4.978957975223757,32.58655804480652,9.500815660685156,97.01724137931036,96.99371069182388,42.82758620689656,32.52201,7.4,17.4
282529.3614028022,53.30323833870383,33.27643892259864,72.11510146261294,13680331.758935943,5646.101384772973,282529.3614028022,53.30323833870383,33.27643892259864,72.11510146261294,13680331.758935943,5646.101384772973,bert-base-cased_batch8-train,bert-base-cased_batch8-train,26,26,17.489441093318987,17.797055436933363,29.24021138236145,29.24021138236145,96.7,96.7,45.2,45.2,4.9,4.9
282529.3614028022,53.30323833870383,33.27643892259864,72.11510146261294,13680331.758935943,5646.101384772973,496067.9989140645,33.65768151737584,59.00252471417957,78.60977177747729,16690912.72524413,3652.032077044045,bert-base-cased_batch8-train,vit_h_14_batch8-train,26,28,15.27358509426041,6.393180607352158,29.24021138236145,9.500815660685156,96.7,96.99371069182388,45.2,32.52201,4.9,17.4
