workload1,idx1,workload2,idx2,workload3,idx3,workload4,idx4,w1_Threads,w1_Compute (SM) Throughput,w1_DRAM Throughput,w1_Memory Throughput,w1_Registers,w1_Static Shared Memory,w2_Threads,w2_Compute (SM) Throughput,w2_DRAM Throughput,w2_Memory Throughput,w2_Registers,w2_Static Shared Memory,w3_Threads,w3_Compute (SM) Throughput,w3_DRAM Throughput,w3_Memory Throughput,w3_Registers,w3_Static Shared Memory,w4_Threads,w4_Compute (SM) Throughput,w4_DRAM Throughput,w4_Memory Throughput,w4_Registers,w4_Static Shared Memory,w1throughput,w2throughput,w3throughput,w4throughput,w1exclusive_throughput,w1sm%,w1mem%,w1memcap,w2exclusive_throughput,w2sm%,w2mem%,w2memcap,w3exclusive_throughput,w3sm%,w3mem%,w3memcap,w4exclusive_throughput,w4sm%,w4mem%,w4memcap
bert-base-cased_batch2-inf,0,bert-base-cased_batch2-inf,0,bert-base-cased_batch2-inf,0,bert-base-cased_batch2-train,7,210588.1095979778,73.11711703442735,15.196149452714376,63.87781954030234,14134984.63908432,13218.430422937075,210588.1095979778,73.11711703442735,15.196149452714376,63.87781954030234,14134984.63908432,13218.430422937075,210588.1095979778,73.11711703442735,15.196149452714376,63.87781954030234,14134984.63908432,13218.430422937075,190287.54368530755,50.355027213149135,39.03476297296079,70.42541520673052,11074376.322716216,8536.651206481605,29.061081001904206,29.141757612255983,28.82764449035166,4.837633451957295,84.1300191204589,92.5,40.0,1.2,84.1300191204589,92.5,40.0,1.2,84.1300191204589,92.5,40.0,1.2,23.23807288304677,97.27272727272728,47.76623376623377,3.1
bert-base-cased_batch2-inf,0,bert-base-cased_batch2-inf,0,bert-base-cased_batch2-inf,0,albert-base-v2_batch2-train,10,210588.1095979778,73.11711703442735,15.196149452714376,63.87781954030234,14134984.63908432,13218.430422937075,210588.1095979778,73.11711703442735,15.196149452714376,63.87781954030234,14134984.63908432,13218.430422937075,210588.1095979778,73.11711703442735,15.196149452714376,63.87781954030234,14134984.63908432,13218.430422937075,411285.4853574395,58.4276542042436,34.26425178992512,68.37910891218571,15451966.342910131,11099.815030370692,26.458625058345003,26.45403877436732,26.47062747661806,7.002748390497345,84.1300191204589,92.5,40.0,1.2,84.1300191204589,92.5,40.0,1.2,84.1300191204589,92.5,40.0,1.2,25.6782694402656,97.0,43.0,2.3
bert-base-cased_batch2-inf,0,bert-base-cased_batch2-inf,0,vit-base-patch16-224_batch2-inf,2,vit-base-patch16-224_batch2-inf,2,210588.1095979778,73.11711703442735,15.196149452714376,63.87781954030234,14134984.63908432,13218.430422937075,210588.1095979778,73.11711703442735,15.196149452714376,63.87781954030234,14134984.63908432,13218.430422937075,35961.4603913098,67.45085472767737,10.815099777889127,40.24518066467102,3779001.50924272,2914.346235876293,35961.4603913098,67.45085472767737,10.815099777889127,40.24518066467102,3779001.50924272,2914.346235876293,38.54522847373329,38.569956647679774,31.70154341444939,31.69161619624424,84.1300191204589,92.5,40.0,1.2,84.1300191204589,92.5,40.0,1.2,63.42342342342342,29.454545454545453,4.181818181818182,1.6,63.42342342342342,29.454545454545453,4.181818181818182,1.6
bert-base-cased_batch2-inf,0,bert-base-cased_batch2-inf,0,vit_h_14_batch2-train,3,vit_h_14_batch2-train,3,210588.1095979778,73.11711703442735,15.196149452714376,63.87781954030234,14134984.63908432,13218.430422937075,210588.1095979778,73.11711703442735,15.196149452714376,63.87781954030234,14134984.63908432,13218.430422937075,183316.888392316,44.95736442315827,46.30171509953436,72.30406066464882,9279376.251384592,6320.710134302391,183316.888392316,44.95736442315827,46.30171509953436,72.30406066464882,9279376.251384592,6320.710134302391,28.551281497791017,28.571017122449277,1.8990169794459335,1.9110428298422453,84.1300191204589,92.5,40.0,1.2,84.1300191204589,92.5,40.0,1.2,6.908856242645105,97.51923076923076,47.9423,14.3,6.908856242645105,97.51923076923076,47.9423,14.3
bert-base-cased_batch2-inf,0,bert-base-cased_batch2-inf,0,vit_h_14_batch2-train,3,bert-base-cased_batch2-train,7,210588.1095979778,73.11711703442735,15.196149452714376,63.87781954030234,14134984.63908432,13218.430422937075,210588.1095979778,73.11711703442735,15.196149452714376,63.87781954030234,14134984.63908432,13218.430422937075,183316.888392316,44.95736442315827,46.30171509953436,72.30406066464882,9279376.251384592,6320.710134302391,190287.54368530755,50.355027213149135,39.03476297296079,70.42541520673052,11074376.322716216,8536.651206481605,30.310900618745706,30.46729833074832,2.153814893833181,4.671377465038583,84.1300191204589,92.5,40.0,1.2,84.1300191204589,92.5,40.0,1.2,6.908856242645105,97.51923076923076,47.9423,14.3,23.23807288304677,97.27272727272728,47.76623376623377,3.1
bert-base-cased_batch2-inf,0,bert-base-cased_batch2-inf,0,bert-base-cased_batch2-train,7,bert-base-cased_batch2-train,7,210588.1095979778,73.11711703442735,15.196149452714376,63.87781954030234,14134984.63908432,13218.430422937075,210588.1095979778,73.11711703442735,15.196149452714376,63.87781954030234,14134984.63908432,13218.430422937075,190287.54368530755,50.355027213149135,39.03476297296079,70.42541520673052,11074376.322716216,8536.651206481605,190287.54368530755,50.355027213149135,39.03476297296079,70.42541520673052,11074376.322716216,8536.651206481605,32.56890523170872,32.57157867086945,5.234528971225857,5.219715431176795,84.1300191204589,92.5,40.0,1.2,84.1300191204589,92.5,40.0,1.2,23.23807288304677,97.27272727272728,47.76623376623377,3.1,23.23807288304677,97.27272727272728,47.76623376623377,3.1
bert-base-cased_batch2-inf,0,bert-base-cased_batch2-inf,0,bert-base-cased_batch2-train,7,whisper-large-v2_batch2-inf,11,210588.1095979778,73.11711703442735,15.196149452714376,63.87781954030234,14134984.63908432,13218.430422937075,210588.1095979778,73.11711703442735,15.196149452714376,63.87781954030234,14134984.63908432,13218.430422937075,190287.54368530755,50.355027213149135,39.03476297296079,70.42541520673052,11074376.322716216,8536.651206481605,407273.6437354477,71.71888252706013,17.28196639963645,63.66662208308519,15566445.000576952,10410.317650169076,26.411075612353567,26.701838443110542,4.358928064790694,1.6148223695393509,84.1300191204589,92.5,40.0,1.2,84.1300191204589,92.5,40.0,1.2,23.23807288304677,97.27272727272728,47.76623376623377,3.1,1.7085028704506966,37.63403263403264,16.834498834498834,8.3
bert-base-cased_batch2-inf,0,bert-base-cased_batch2-inf,0,wav2vec2-base-960h_batch2-inf,9,albert-base-v2_batch2-train,10,210588.1095979778,73.11711703442735,15.196149452714376,63.87781954030234,14134984.63908432,13218.430422937075,210588.1095979778,73.11711703442735,15.196149452714376,63.87781954030234,14134984.63908432,13218.430422937075,433609.84467992425,57.0700600941506,17.092804399867166,53.26075574181553,16058013.73841052,15230.693561487396,411285.4853574395,58.4276542042436,34.26425178992512,68.37910891218571,15451966.342910131,11099.815030370692,25.350421016316776,25.43622354132745,19.961021388582,6.217440406076577,84.1300191204589,92.5,40.0,1.2,84.1300191204589,92.5,40.0,1.2,17.806821914492676,17.464285714285715,5.428571428571429,3.9,25.6782694402656,97.0,43.0,2.3
bert-base-cased_batch2-inf,0,bert-base-cased_batch2-inf,0,albert-base-v2_batch2-train,10,whisper-large-v2_batch2-inf,11,210588.1095979778,73.11711703442735,15.196149452714376,63.87781954030234,14134984.63908432,13218.430422937075,210588.1095979778,73.11711703442735,15.196149452714376,63.87781954030234,14134984.63908432,13218.430422937075,411285.4853574395,58.4276542042436,34.26425178992512,68.37910891218571,15451966.342910131,11099.815030370692,407273.6437354477,71.71888252706013,17.28196639963645,63.66662208308519,15566445.000576952,10410.317650169076,25.252653819718454,25.015445524580446,6.382361473745286,1.487138263665595,84.1300191204589,92.5,40.0,1.2,84.1300191204589,92.5,40.0,1.2,25.6782694402656,97.0,43.0,2.3,1.7085028704506966,37.63403263403264,16.834498834498834,8.3
bert-base-cased_batch2-inf,0,bert-base-cased_batch2-inf,0,whisper-large-v2_batch2-inf,11,whisper-large-v2_batch2-inf,11,210588.1095979778,73.11711703442735,15.196149452714376,63.87781954030234,14134984.63908432,13218.430422937075,210588.1095979778,73.11711703442735,15.196149452714376,63.87781954030234,14134984.63908432,13218.430422937075,407273.6437354477,71.71888252706013,17.28196639963645,63.66662208308519,15566445.000576952,10410.317650169076,407273.6437354477,71.71888252706013,17.28196639963645,63.66662208308519,15566445.000576952,10410.317650169076,24.034209984372914,24.06365224141277,1.2407196173780797,1.2400992079366349,84.1300191204589,92.5,40.0,1.2,84.1300191204589,92.5,40.0,1.2,1.7085028704506966,37.63403263403264,16.834498834498834,8.3,1.7085028704506966,37.63403263403264,16.834498834498834,8.3
bert-base-cased_batch2-inf,0,vit-base-patch16-224_batch2-inf,2,vit-base-patch16-224_batch2-inf,2,vit-base-patch16-224_batch2-inf,2,210588.1095979778,73.11711703442735,15.196149452714376,63.87781954030234,14134984.63908432,13218.430422937075,35961.4603913098,67.45085472767737,10.815099777889127,40.24518066467102,3779001.50924272,2914.346235876293,35961.4603913098,67.45085472767737,10.815099777889127,40.24518066467102,3779001.50924272,2914.346235876293,35961.4603913098,67.45085472767737,10.815099777889127,40.24518066467102,3779001.50924272,2914.346235876293,54.11007472863143,40.930134680134685,40.93644775565395,40.97052250718314,84.1300191204589,92.5,40.0,1.2,63.42342342342342,29.454545454545453,4.181818181818182,1.6,63.42342342342342,29.454545454545453,4.181818181818182,1.6,63.42342342342342,29.454545454545453,4.181818181818182,1.6
bert-base-cased_batch2-inf,0,vit-base-patch16-224_batch2-inf,2,vit_h_14_batch2-train,3,vit_h_14_batch2-train,3,210588.1095979778,73.11711703442735,15.196149452714376,63.87781954030234,14134984.63908432,13218.430422937075,35961.4603913098,67.45085472767737,10.815099777889127,40.24518066467102,3779001.50924272,2914.346235876293,183316.888392316,44.95736442315827,46.30171509953436,72.30406066464882,9279376.251384592,6320.710134302391,183316.888392316,44.95736442315827,46.30171509953436,72.30406066464882,9279376.251384592,6320.710134302391,34.1298102561456,27.003061685432733,2.3308998152871845,2.4452454731339195,84.1300191204589,92.5,40.0,1.2,63.42342342342342,29.454545454545453,4.181818181818182,1.6,6.908856242645105,97.51923076923076,47.9423,14.3,6.908856242645105,97.51923076923076,47.9423,14.3
bert-base-cased_batch2-inf,0,vit-base-patch16-224_batch2-inf,2,vit_h_14_batch2-train,3,bert-base-cased_batch2-train,7,210588.1095979778,73.11711703442735,15.196149452714376,63.87781954030234,14134984.63908432,13218.430422937075,35961.4603913098,67.45085472767737,10.815099777889127,40.24518066467102,3779001.50924272,2914.346235876293,183316.888392316,44.95736442315827,46.30171509953436,72.30406066464882,9279376.251384592,6320.710134302391,190287.54368530755,50.355027213149135,39.03476297296079,70.42541520673052,11074376.322716216,8536.651206481605,36.34098985236473,29.52425206419559,2.887183312080456,6.283928851961109,84.1300191204589,92.5,40.0,1.2,63.42342342342342,29.454545454545453,4.181818181818182,1.6,6.908856242645105,97.51923076923076,47.9423,14.3,23.23807288304677,97.27272727272728,47.76623376623377,3.1
bert-base-cased_batch2-inf,0,vit-base-patch16-224_batch2-inf,2,vit_h_14_batch2-train,3,whisper-large-v2_batch2-inf,11,210588.1095979778,73.11711703442735,15.196149452714376,63.87781954030234,14134984.63908432,13218.430422937075,35961.4603913098,67.45085472767737,10.815099777889127,40.24518066467102,3779001.50924272,2914.346235876293,183316.888392316,44.95736442315827,46.30171509953436,72.30406066464882,9279376.251384592,6320.710134302391,407273.6437354477,71.71888252706013,17.28196639963645,63.66662208308519,15566445.000576952,10410.317650169076,34.984394561901574,26.242351758445565,2.0161290322580645,1.7649758198312682,84.1300191204589,92.5,40.0,1.2,63.42342342342342,29.454545454545453,4.181818181818182,1.6,6.908856242645105,97.51923076923076,47.9423,14.3,1.7085028704506966,37.63403263403264,16.834498834498834,8.3
bert-base-cased_batch2-inf,0,vit-base-patch16-224_batch2-inf,2,bert-base-cased_batch2-train,7,bert-base-cased_batch2-train,7,210588.1095979778,73.11711703442735,15.196149452714376,63.87781954030234,14134984.63908432,13218.430422937075,35961.4603913098,67.45085472767737,10.815099777889127,40.24518066467102,3779001.50924272,2914.346235876293,190287.54368530755,50.355027213149135,39.03476297296079,70.42541520673052,11074376.322716216,8536.651206481605,190287.54368530755,50.355027213149135,39.03476297296079,70.42541520673052,11074376.322716216,8536.651206481605,39.23041939374765,31.165233450683903,6.925624811803673,7.384939997362521,84.1300191204589,92.5,40.0,1.2,63.42342342342342,29.454545454545453,4.181818181818182,1.6,23.23807288304677,97.27272727272728,47.76623376623377,3.1,23.23807288304677,97.27272727272728,47.76623376623377,3.1
bert-base-cased_batch2-inf,0,vit-base-patch16-224_batch2-inf,2,wav2vec2-base-960h_batch2-inf,9,wav2vec2-base-960h_batch2-inf,9,210588.1095979778,73.11711703442735,15.196149452714376,63.87781954030234,14134984.63908432,13218.430422937075,35961.4603913098,67.45085472767737,10.815099777889127,40.24518066467102,3779001.50924272,2914.346235876293,433609.84467992425,57.0700600941506,17.092804399867166,53.26075574181553,16058013.73841052,15230.693561487396,433609.84467992425,57.0700600941506,17.092804399867166,53.26075574181553,16058013.73841052,15230.693561487396,27.80502844970149,23.965621728830367,20.998372219207813,21.06920800412696,84.1300191204589,92.5,40.0,1.2,63.42342342342342,29.454545454545453,4.181818181818182,1.6,17.806821914492676,17.464285714285715,5.428571428571429,3.9,17.806821914492676,17.464285714285715,5.428571428571429,3.9
bert-base-cased_batch2-inf,0,vit-base-patch16-224_batch2-inf,2,wav2vec2-base-960h_batch2-inf,9,albert-base-v2_batch2-train,10,210588.1095979778,73.11711703442735,15.196149452714376,63.87781954030234,14134984.63908432,13218.430422937075,35961.4603913098,67.45085472767737,10.815099777889127,40.24518066467102,3779001.50924272,2914.346235876293,433609.84467992425,57.0700600941506,17.092804399867166,53.26075574181553,16058013.73841052,15230.693561487396,411285.4853574395,58.4276542042436,34.26425178992512,68.37910891218571,15451966.342910131,11099.815030370692,31.04608403098349,25.873023163245,23.32011059021517,8.040259987968954,84.1300191204589,92.5,40.0,1.2,63.42342342342342,29.454545454545453,4.181818181818182,1.6,17.806821914492676,17.464285714285715,5.428571428571429,3.9,25.6782694402656,97.0,43.0,2.3
bert-base-cased_batch2-inf,0,vit_h_14_batch2-train,3,vit_h_14_batch2-train,3,albert-base-v2_batch2-train,10,210588.1095979778,73.11711703442735,15.196149452714376,63.87781954030234,14134984.63908432,13218.430422937075,183316.888392316,44.95736442315827,46.30171509953436,72.30406066464882,9279376.251384592,6320.710134302391,183316.888392316,44.95736442315827,46.30171509953436,72.30406066464882,9279376.251384592,6320.710134302391,411285.4853574395,58.4276542042436,34.26425178992512,68.37910891218571,15451966.342910131,11099.815030370692,29.58324014016253,2.046511627906977,2.0052358937224977,8.116084604033448,84.1300191204589,92.5,40.0,1.2,6.908856242645105,97.51923076923076,47.9423,14.3,6.908856242645105,97.51923076923076,47.9423,14.3,25.6782694402656,97.0,43.0,2.3
bert-base-cased_batch2-inf,0,vit_h_14_batch2-train,3,bert-base-cased_batch2-train,7,wav2vec2-base-960h_batch2-inf,9,210588.1095979778,73.11711703442735,15.196149452714376,63.87781954030234,14134984.63908432,13218.430422937075,183316.888392316,44.95736442315827,46.30171509953436,72.30406066464882,9279376.251384592,6320.710134302391,190287.54368530755,50.355027213149135,39.03476297296079,70.42541520673052,11074376.322716216,8536.651206481605,433609.84467992425,57.0700600941506,17.092804399867166,53.26075574181553,16058013.73841052,15230.693561487396,28.19743892213016,2.06346045939146,4.381429271213193,21.73972490360688,84.1300191204589,92.5,40.0,1.2,6.908856242645105,97.51923076923076,47.9423,14.3,23.23807288304677,97.27272727272728,47.76623376623377,3.1,17.806821914492676,17.464285714285715,5.428571428571429,3.9
bert-base-cased_batch2-inf,0,vit_h_14_batch2-train,3,bert-base-cased_batch2-train,7,albert-base-v2_batch2-train,10,210588.1095979778,73.11711703442735,15.196149452714376,63.87781954030234,14134984.63908432,13218.430422937075,183316.888392316,44.95736442315827,46.30171509953436,72.30406066464882,9279376.251384592,6320.710134302391,190287.54368530755,50.355027213149135,39.03476297296079,70.42541520673052,11074376.322716216,8536.651206481605,411285.4853574395,58.4276542042436,34.26425178992512,68.37910891218571,15451966.342910131,11099.815030370692,31.985554910685497,2.291093893193368,5.065349258958164,8.0228016467856,84.1300191204589,92.5,40.0,1.2,6.908856242645105,97.51923076923076,47.9423,14.3,23.23807288304677,97.27272727272728,47.76623376623377,3.1,25.6782694402656,97.0,43.0,2.3
bert-base-cased_batch2-inf,0,vit_h_14_batch2-train,3,wav2vec2-base-960h_batch2-inf,9,albert-base-v2_batch2-train,10,210588.1095979778,73.11711703442735,15.196149452714376,63.87781954030234,14134984.63908432,13218.430422937075,183316.888392316,44.95736442315827,46.30171509953436,72.30406066464882,9279376.251384592,6320.710134302391,433609.84467992425,57.0700600941506,17.092804399867166,53.26075574181553,16058013.73841052,15230.693561487396,411285.4853574395,58.4276542042436,34.26425178992512,68.37910891218571,15451966.342910131,11099.815030370692,26.72989868506144,1.895734597156398,20.740894955304285,6.594923442652283,84.1300191204589,92.5,40.0,1.2,6.908856242645105,97.51923076923076,47.9423,14.3,17.806821914492676,17.464285714285715,5.428571428571429,3.9,25.6782694402656,97.0,43.0,2.3
bert-base-cased_batch2-inf,0,vit_h_14_batch2-train,3,wav2vec2-base-960h_batch2-inf,9,whisper-large-v2_batch2-inf,11,210588.1095979778,73.11711703442735,15.196149452714376,63.87781954030234,14134984.63908432,13218.430422937075,183316.888392316,44.95736442315827,46.30171509953436,72.30406066464882,9279376.251384592,6320.710134302391,433609.84467992425,57.0700600941506,17.092804399867166,53.26075574181553,16058013.73841052,15230.693561487396,407273.6437354477,71.71888252706013,17.28196639963645,63.66662208308519,15566445.000576952,10410.317650169076,24.41425477456192,1.5705435825844165,18.638162168546625,1.3632991840253414,84.1300191204589,92.5,40.0,1.2,6.908856242645105,97.51923076923076,47.9423,14.3,17.806821914492676,17.464285714285715,5.428571428571429,3.9,1.7085028704506966,37.63403263403264,16.834498834498834,8.3
bert-base-cased_batch2-inf,0,vit_h_14_batch2-train,3,albert-base-v2_batch2-train,10,albert-base-v2_batch2-train,10,210588.1095979778,73.11711703442735,15.196149452714376,63.87781954030234,14134984.63908432,13218.430422937075,183316.888392316,44.95736442315827,46.30171509953436,72.30406066464882,9279376.251384592,6320.710134302391,411285.4853574395,58.4276542042436,34.26425178992512,68.37910891218571,15451966.342910131,11099.815030370692,411285.4853574395,58.4276542042436,34.26425178992512,68.37910891218571,15451966.342910131,11099.815030370692,30.162977377766968,2.1376656690893543,7.378584810491425,7.343941248470013,84.1300191204589,92.5,40.0,1.2,6.908856242645105,97.51923076923076,47.9423,14.3,25.6782694402656,97.0,43.0,2.3,25.6782694402656,97.0,43.0,2.3
bert-base-cased_batch2-inf,0,vit_h_14_batch2-train,3,whisper-large-v2_batch2-inf,11,whisper-large-v2_batch2-inf,11,210588.1095979778,73.11711703442735,15.196149452714376,63.87781954030234,14134984.63908432,13218.430422937075,183316.888392316,44.95736442315827,46.30171509953436,72.30406066464882,9279376.251384592,6320.710134302391,407273.6437354477,71.71888252706013,17.28196639963645,63.66662208308519,15566445.000576952,10410.317650169076,407273.6437354477,71.71888252706013,17.28196639963645,63.66662208308519,15566445.000576952,10410.317650169076,30.35774397894544,1.5324238460100916,1.267580129172451,1.2449977767896845,84.1300191204589,92.5,40.0,1.2,6.908856242645105,97.51923076923076,47.9423,14.3,1.7085028704506966,37.63403263403264,16.834498834498834,8.3,1.7085028704506966,37.63403263403264,16.834498834498834,8.3
bert-base-cased_batch2-inf,0,bert-base-cased_batch2-train,7,bert-base-cased_batch2-train,7,albert-base-v2_batch2-train,10,210588.1095979778,73.11711703442735,15.196149452714376,63.87781954030234,14134984.63908432,13218.430422937075,190287.54368530755,50.355027213149135,39.03476297296079,70.42541520673052,11074376.322716216,8536.651206481605,190287.54368530755,50.355027213149135,39.03476297296079,70.42541520673052,11074376.322716216,8536.651206481605,411285.4853574395,58.4276542042436,34.26425178992512,68.37910891218571,15451966.342910131,11099.815030370692,34.71201623626566,5.545318339159936,5.610098176718092,8.625459753279303,84.1300191204589,92.5,40.0,1.2,23.23807288304677,97.27272727272728,47.76623376623377,3.1,23.23807288304677,97.27272727272728,47.76623376623377,3.1,25.6782694402656,97.0,43.0,2.3
bert-base-cased_batch2-inf,0,bert-base-cased_batch2-train,7,bert-base-cased_batch2-train,7,whisper-large-v2_batch2-inf,11,210588.1095979778,73.11711703442735,15.196149452714376,63.87781954030234,14134984.63908432,13218.430422937075,190287.54368530755,50.355027213149135,39.03476297296079,70.42541520673052,11074376.322716216,8536.651206481605,190287.54368530755,50.355027213149135,39.03476297296079,70.42541520673052,11074376.322716216,8536.651206481605,407273.6437354477,71.71888252706013,17.28196639963645,63.66662208308519,15566445.000576952,10410.317650169076,29.445376155775534,5.319602878843911,5.033342338371415,1.8063841418486917,84.1300191204589,92.5,40.0,1.2,23.23807288304677,97.27272727272728,47.76623376623377,3.1,23.23807288304677,97.27272727272728,47.76623376623377,3.1,1.7085028704506966,37.63403263403264,16.834498834498834,8.3
bert-base-cased_batch2-inf,0,bert-base-cased_batch2-train,7,wav2vec2-base-960h_batch2-inf,9,whisper-large-v2_batch2-inf,11,210588.1095979778,73.11711703442735,15.196149452714376,63.87781954030234,14134984.63908432,13218.430422937075,190287.54368530755,50.355027213149135,39.03476297296079,70.42541520673052,11074376.322716216,8536.651206481605,433609.84467992425,57.0700600941506,17.092804399867166,53.26075574181553,16058013.73841052,15230.693561487396,407273.6437354477,71.71888252706013,17.28196639963645,63.66662208308519,15566445.000576952,10410.317650169076,24.677230776885,4.223567506687315,19.25715637568015,1.5464403583215465,84.1300191204589,92.5,40.0,1.2,23.23807288304677,97.27272727272728,47.76623376623377,3.1,17.806821914492676,17.464285714285715,5.428571428571429,3.9,1.7085028704506966,37.63403263403264,16.834498834498834,8.3
bert-base-cased_batch2-inf,0,bert-base-cased_batch2-train,7,albert-base-v2_batch2-train,10,albert-base-v2_batch2-train,10,210588.1095979778,73.11711703442735,15.196149452714376,63.87781954030234,14134984.63908432,13218.430422937075,190287.54368530755,50.355027213149135,39.03476297296079,70.42541520673052,11074376.322716216,8536.651206481605,411285.4853574395,58.4276542042436,34.26425178992512,68.37910891218571,15451966.342910131,11099.815030370692,411285.4853574395,58.4276542042436,34.26425178992512,68.37910891218571,15451966.342910131,11099.815030370692,32.85965086620955,5.109679099134284,7.893500391542678,7.989723022935203,84.1300191204589,92.5,40.0,1.2,23.23807288304677,97.27272727272728,47.76623376623377,3.1,25.6782694402656,97.0,43.0,2.3,25.6782694402656,97.0,43.0,2.3
bert-base-cased_batch2-inf,0,wav2vec2-base-960h_batch2-inf,9,wav2vec2-base-960h_batch2-inf,9,albert-base-v2_batch2-train,10,210588.1095979778,73.11711703442735,15.196149452714376,63.87781954030234,14134984.63908432,13218.430422937075,433609.84467992425,57.0700600941506,17.092804399867166,53.26075574181553,16058013.73841052,15230.693561487396,433609.84467992425,57.0700600941506,17.092804399867166,53.26075574181553,16058013.73841052,15230.693561487396,411285.4853574395,58.4276542042436,34.26425178992512,68.37910891218571,15451966.342910131,11099.815030370692,24.401943299920053,18.971195879992813,18.950192855944994,5.8871128519660845,84.1300191204589,92.5,40.0,1.2,17.806821914492676,17.464285714285715,5.428571428571429,3.9,17.806821914492676,17.464285714285715,5.428571428571429,3.9,25.6782694402656,97.0,43.0,2.3
bert-base-cased_batch2-inf,0,wav2vec2-base-960h_batch2-inf,9,albert-base-v2_batch2-train,10,albert-base-v2_batch2-train,10,210588.1095979778,73.11711703442735,15.196149452714376,63.87781954030234,14134984.63908432,13218.430422937075,433609.84467992425,57.0700600941506,17.092804399867166,53.26075574181553,16058013.73841052,15230.693561487396,411285.4853574395,58.4276542042436,34.26425178992512,68.37910891218571,15451966.342910131,11099.815030370692,411285.4853574395,58.4276542042436,34.26425178992512,68.37910891218571,15451966.342910131,11099.815030370692,27.295114669748376,21.025387889056397,6.5470734581642,6.5470734581642,84.1300191204589,92.5,40.0,1.2,17.806821914492676,17.464285714285715,5.428571428571429,3.9,25.6782694402656,97.0,43.0,2.3,25.6782694402656,97.0,43.0,2.3
bert-base-cased_batch2-inf,0,wav2vec2-base-960h_batch2-inf,9,whisper-large-v2_batch2-inf,11,whisper-large-v2_batch2-inf,11,210588.1095979778,73.11711703442735,15.196149452714376,63.87781954030234,14134984.63908432,13218.430422937075,433609.84467992425,57.0700600941506,17.092804399867166,53.26075574181553,16058013.73841052,15230.693561487396,407273.6437354477,71.71888252706013,17.28196639963645,63.66662208308519,15566445.000576952,10410.317650169076,407273.6437354477,71.71888252706013,17.28196639963645,63.66662208308519,15566445.000576952,10410.317650169076,24.30151517007386,17.325058442406046,1.1936366816900248,1.1964533703664135,84.1300191204589,92.5,40.0,1.2,17.806821914492676,17.464285714285715,5.428571428571429,3.9,1.7085028704506966,37.63403263403264,16.834498834498834,8.3,1.7085028704506966,37.63403263403264,16.834498834498834,8.3
bert-base-cased_batch2-inf,0,albert-base-v2_batch2-train,10,whisper-large-v2_batch2-inf,11,whisper-large-v2_batch2-inf,11,210588.1095979778,73.11711703442735,15.196149452714376,63.87781954030234,14134984.63908432,13218.430422937075,411285.4853574395,58.4276542042436,34.26425178992512,68.37910891218571,15451966.342910131,11099.815030370692,407273.6437354477,71.71888252706013,17.28196639963645,63.66662208308519,15566445.000576952,10410.317650169076,407273.6437354477,71.71888252706013,17.28196639963645,63.66662208308519,15566445.000576952,10410.317650169076,26.43289189693304,7.24471898116373,1.2784059600167514,1.3152446598631171,84.1300191204589,92.5,40.0,1.2,25.6782694402656,97.0,43.0,2.3,1.7085028704506966,37.63403263403264,16.834498834498834,8.3,1.7085028704506966,37.63403263403264,16.834498834498834,8.3
vit-base-patch16-224_batch2-inf,2,vit-base-patch16-224_batch2-inf,2,vit-base-patch16-224_batch2-inf,2,vit-base-patch16-224_batch2-inf,2,35961.4603913098,67.45085472767737,10.815099777889127,40.24518066467102,3779001.50924272,2914.346235876293,35961.4603913098,67.45085472767737,10.815099777889127,40.24518066467102,3779001.50924272,2914.346235876293,35961.4603913098,67.45085472767737,10.815099777889127,40.24518066467102,3779001.50924272,2914.346235876293,35961.4603913098,67.45085472767737,10.815099777889127,40.24518066467102,3779001.50924272,2914.346235876293,56.25336697950041,56.36363636363636,56.31244323342416,56.20874295265887,63.42342342342342,29.454545454545453,4.181818181818182,1.6,63.42342342342342,29.454545454545453,4.181818181818182,1.6,63.42342342342342,29.454545454545453,4.181818181818182,1.6,63.42342342342342,29.454545454545453,4.181818181818182,1.6
vit-base-patch16-224_batch2-inf,2,vit-base-patch16-224_batch2-inf,2,vit-base-patch16-224_batch2-inf,2,wav2vec2-base-960h_batch2-inf,9,35961.4603913098,67.45085472767737,10.815099777889127,40.24518066467102,3779001.50924272,2914.346235876293,35961.4603913098,67.45085472767737,10.815099777889127,40.24518066467102,3779001.50924272,2914.346235876293,35961.4603913098,67.45085472767737,10.815099777889127,40.24518066467102,3779001.50924272,2914.346235876293,433609.84467992425,57.0700600941506,17.092804399867166,53.26075574181553,16058013.73841052,15230.693561487396,35.97004913247639,36.12132687616065,35.99484751174731,34.84161305066273,63.42342342342342,29.454545454545453,4.181818181818182,1.6,63.42342342342342,29.454545454545453,4.181818181818182,1.6,63.42342342342342,29.454545454545453,4.181818181818182,1.6,17.806821914492676,17.464285714285715,5.428571428571429,3.9
vit-base-patch16-224_batch2-inf,2,vit-base-patch16-224_batch2-inf,2,vit_h_14_batch2-train,3,vit_h_14_batch2-train,3,35961.4603913098,67.45085472767737,10.815099777889127,40.24518066467102,3779001.50924272,2914.346235876293,35961.4603913098,67.45085472767737,10.815099777889127,40.24518066467102,3779001.50924272,2914.346235876293,183316.888392316,44.95736442315827,46.30171509953436,72.30406066464882,9279376.251384592,6320.710134302391,183316.888392316,44.95736442315827,46.30171509953436,72.30406066464882,9279376.251384592,6320.710134302391,31.519079846217394,31.328459315637385,3.0903542318538264,3.091130387743668,63.42342342342342,29.454545454545453,4.181818181818182,1.6,63.42342342342342,29.454545454545453,4.181818181818182,1.6,6.908856242645105,97.51923076923076,47.9423,14.3,6.908856242645105,97.51923076923076,47.9423,14.3
vit-base-patch16-224_batch2-inf,2,vit-base-patch16-224_batch2-inf,2,vit_h_14_batch2-train,3,bert-base-cased_batch2-train,7,35961.4603913098,67.45085472767737,10.815099777889127,40.24518066467102,3779001.50924272,2914.346235876293,35961.4603913098,67.45085472767737,10.815099777889127,40.24518066467102,3779001.50924272,2914.346235876293,183316.888392316,44.95736442315827,46.30171509953436,72.30406066464882,9279376.251384592,6320.710134302391,190287.54368530755,50.355027213149135,39.03476297296079,70.42541520673052,11074376.322716216,8536.651206481605,32.87162833852475,32.98146454991272,3.793192010589328,9.229565897536176,63.42342342342342,29.454545454545453,4.181818181818182,1.6,63.42342342342342,29.454545454545453,4.181818181818182,1.6,6.908856242645105,97.51923076923076,47.9423,14.3,23.23807288304677,97.27272727272728,47.76623376623377,3.1
vit-base-patch16-224_batch2-inf,2,vit-base-patch16-224_batch2-inf,2,vit_h_14_batch2-train,3,albert-base-v2_batch2-train,10,35961.4603913098,67.45085472767737,10.815099777889127,40.24518066467102,3779001.50924272,2914.346235876293,35961.4603913098,67.45085472767737,10.815099777889127,40.24518066467102,3779001.50924272,2914.346235876293,183316.888392316,44.95736442315827,46.30171509953436,72.30406066464882,9279376.251384592,6320.710134302391,411285.4853574395,58.4276542042436,34.26425178992512,68.37910891218571,15451966.342910131,11099.815030370692,31.972668525292896,31.93509963622316,3.530992132028401,11.641720123544786,63.42342342342342,29.454545454545453,4.181818181818182,1.6,63.42342342342342,29.454545454545453,4.181818181818182,1.6,6.908856242645105,97.51923076923076,47.9423,14.3,25.6782694402656,97.0,43.0,2.3
vit-base-patch16-224_batch2-inf,2,vit-base-patch16-224_batch2-inf,2,vit_h_14_batch2-train,3,whisper-large-v2_batch2-inf,11,35961.4603913098,67.45085472767737,10.815099777889127,40.24518066467102,3779001.50924272,2914.346235876293,35961.4603913098,67.45085472767737,10.815099777889127,40.24518066467102,3779001.50924272,2914.346235876293,183316.888392316,44.95736442315827,46.30171509953436,72.30406066464882,9279376.251384592,6320.710134302391,407273.6437354477,71.71888252706013,17.28196639963645,63.66662208308519,15566445.000576952,10410.317650169076,26.901275065537547,27.697118606209514,2.625512295081968,2.1045542554087047,63.42342342342342,29.454545454545453,4.181818181818182,1.6,63.42342342342342,29.454545454545453,4.181818181818182,1.6,6.908856242645105,97.51923076923076,47.9423,14.3,1.7085028704506966,37.63403263403264,16.834498834498834,8.3
vit-base-patch16-224_batch2-inf,2,vit-base-patch16-224_batch2-inf,2,bert-base-cased_batch2-train,7,wav2vec2-base-960h_batch2-inf,9,35961.4603913098,67.45085472767737,10.815099777889127,40.24518066467102,3779001.50924272,2914.346235876293,35961.4603913098,67.45085472767737,10.815099777889127,40.24518066467102,3779001.50924272,2914.346235876293,190287.54368530755,50.355027213149135,39.03476297296079,70.42541520673052,11074376.322716216,8536.651206481605,433609.84467992425,57.0700600941506,17.092804399867166,53.26075574181553,16058013.73841052,15230.693561487396,32.98201283372676,32.88034471329135,8.608901044256589,30.267571573445668,63.42342342342342,29.454545454545453,4.181818181818182,1.6,63.42342342342342,29.454545454545453,4.181818181818182,1.6,23.23807288304677,97.27272727272728,47.76623376623377,3.1,17.806821914492676,17.464285714285715,5.428571428571429,3.9
vit-base-patch16-224_batch2-inf,2,vit-base-patch16-224_batch2-inf,2,bert-base-cased_batch2-train,7,albert-base-v2_batch2-train,10,35961.4603913098,67.45085472767737,10.815099777889127,40.24518066467102,3779001.50924272,2914.346235876293,35961.4603913098,67.45085472767737,10.815099777889127,40.24518066467102,3779001.50924272,2914.346235876293,190287.54368530755,50.355027213149135,39.03476297296079,70.42541520673052,11074376.322716216,8536.651206481605,411285.4853574395,58.4276542042436,34.26425178992512,68.37910891218571,15451966.342910131,11099.815030370692,34.95850439624337,34.95419309372798,9.6839539518108,12.795495985413137,63.42342342342342,29.454545454545453,4.181818181818182,1.6,63.42342342342342,29.454545454545453,4.181818181818182,1.6,23.23807288304677,97.27272727272728,47.76623376623377,3.1,25.6782694402656,97.0,43.0,2.3
vit-base-patch16-224_batch2-inf,2,vit-base-patch16-224_batch2-inf,2,wav2vec2-base-960h_batch2-inf,9,albert-base-v2_batch2-train,10,35961.4603913098,67.45085472767737,10.815099777889127,40.24518066467102,3779001.50924272,2914.346235876293,35961.4603913098,67.45085472767737,10.815099777889127,40.24518066467102,3779001.50924272,2914.346235876293,433609.84467992425,57.0700600941506,17.092804399867166,53.26075574181553,16058013.73841052,15230.693561487396,411285.4853574395,58.4276542042436,34.26425178992512,68.37910891218571,15451966.342910131,11099.815030370692,30.984507746126937,31.18614228677418,28.81074016870619,10.841993883260136,63.42342342342342,29.454545454545453,4.181818181818182,1.6,63.42342342342342,29.454545454545453,4.181818181818182,1.6,17.806821914492676,17.464285714285715,5.428571428571429,3.9,25.6782694402656,97.0,43.0,2.3
vit-base-patch16-224_batch2-inf,2,vit_h_14_batch2-train,3,wav2vec2-base-960h_batch2-inf,9,wav2vec2-base-960h_batch2-inf,9,35961.4603913098,67.45085472767737,10.815099777889127,40.24518066467102,3779001.50924272,2914.346235876293,183316.888392316,44.95736442315827,46.30171509953436,72.30406066464882,9279376.251384592,6320.710134302391,433609.84467992425,57.0700600941506,17.092804399867166,53.26075574181553,16058013.73841052,15230.693561487396,433609.84467992425,57.0700600941506,17.092804399867166,53.26075574181553,16058013.73841052,15230.693561487396,24.284560209552254,2.1685934912889944,21.60566152692506,21.690962099125365,63.42342342342342,29.454545454545453,4.181818181818182,1.6,6.908856242645105,97.51923076923076,47.9423,14.3,17.806821914492676,17.464285714285715,5.428571428571429,3.9,17.806821914492676,17.464285714285715,5.428571428571429,3.9
vit-base-patch16-224_batch2-inf,2,vit_h_14_batch2-train,3,wav2vec2-base-960h_batch2-inf,9,whisper-large-v2_batch2-inf,11,35961.4603913098,67.45085472767737,10.815099777889127,40.24518066467102,3779001.50924272,2914.346235876293,183316.888392316,44.95736442315827,46.30171509953436,72.30406066464882,9279376.251384592,6320.710134302391,433609.84467992425,57.0700600941506,17.092804399867166,53.26075574181553,16058013.73841052,15230.693561487396,407273.6437354477,71.71888252706013,17.28196639963645,63.66662208308519,15566445.000576952,10410.317650169076,22.86609962427679,1.9879175917798315,21.074861957454296,1.67075831969449,63.42342342342342,29.454545454545453,4.181818181818182,1.6,6.908856242645105,97.51923076923076,47.9423,14.3,17.806821914492676,17.464285714285715,5.428571428571429,3.9,1.7085028704506966,37.63403263403264,16.834498834498834,8.3
vit-base-patch16-224_batch2-inf,2,vit_h_14_batch2-train,3,albert-base-v2_batch2-train,10,albert-base-v2_batch2-train,10,35961.4603913098,67.45085472767737,10.815099777889127,40.24518066467102,3779001.50924272,2914.346235876293,183316.888392316,44.95736442315827,46.30171509953436,72.30406066464882,9279376.251384592,6320.710134302391,411285.4853574395,58.4276542042436,34.26425178992512,68.37910891218571,15451966.342910131,11099.815030370692,411285.4853574395,58.4276542042436,34.26425178992512,68.37910891218571,15451966.342910131,11099.815030370692,28.64320157075621,2.782899085121926,9.278350515463918,8.995176302737958,63.42342342342342,29.454545454545453,4.181818181818182,1.6,6.908856242645105,97.51923076923076,47.9423,14.3,25.6782694402656,97.0,43.0,2.3,25.6782694402656,97.0,43.0,2.3
vit-base-patch16-224_batch2-inf,2,bert-base-cased_batch2-train,7,bert-base-cased_batch2-train,7,wav2vec2-base-960h_batch2-inf,9,35961.4603913098,67.45085472767737,10.815099777889127,40.24518066467102,3779001.50924272,2914.346235876293,190287.54368530755,50.355027213149135,39.03476297296079,70.42541520673052,11074376.322716216,8536.651206481605,190287.54368530755,50.355027213149135,39.03476297296079,70.42541520673052,11074376.322716216,8536.651206481605,433609.84467992425,57.0700600941506,17.092804399867166,53.26075574181553,16058013.73841052,15230.693561487396,30.5696368314818,6.589107381859364,6.589107381859364,27.995634776282287,63.42342342342342,29.454545454545453,4.181818181818182,1.6,23.23807288304677,97.27272727272728,47.76623376623377,3.1,23.23807288304677,97.27272727272728,47.76623376623377,3.1,17.806821914492676,17.464285714285715,5.428571428571429,3.9
vit-base-patch16-224_batch2-inf,2,bert-base-cased_batch2-train,7,bert-base-cased_batch2-train,7,albert-base-v2_batch2-train,10,35961.4603913098,67.45085472767737,10.815099777889127,40.24518066467102,3779001.50924272,2914.346235876293,190287.54368530755,50.355027213149135,39.03476297296079,70.42541520673052,11074376.322716216,8536.651206481605,190287.54368530755,50.355027213149135,39.03476297296079,70.42541520673052,11074376.322716216,8536.651206481605,411285.4853574395,58.4276542042436,34.26425178992512,68.37910891218571,15451966.342910131,11099.815030370692,31.82649427315602,8.128101312064295,7.443370652290444,10.539294836039105,63.42342342342342,29.454545454545453,4.181818181818182,1.6,23.23807288304677,97.27272727272728,47.76623376623377,3.1,23.23807288304677,97.27272727272728,47.76623376623377,3.1,25.6782694402656,97.0,43.0,2.3
vit-base-patch16-224_batch2-inf,2,bert-base-cased_batch2-train,7,wav2vec2-base-960h_batch2-inf,9,wav2vec2-base-960h_batch2-inf,9,35961.4603913098,67.45085472767737,10.815099777889127,40.24518066467102,3779001.50924272,2914.346235876293,190287.54368530755,50.355027213149135,39.03476297296079,70.42541520673052,11074376.322716216,8536.651206481605,433609.84467992425,57.0700600941506,17.092804399867166,53.26075574181553,16058013.73841052,15230.693561487396,433609.84467992425,57.0700600941506,17.092804399867166,53.26075574181553,16058013.73841052,15230.693561487396,25.963149078726968,5.6903559551668925,23.367085790586405,23.3858793833057,63.42342342342342,29.454545454545453,4.181818181818182,1.6,23.23807288304677,97.27272727272728,47.76623376623377,3.1,17.806821914492676,17.464285714285715,5.428571428571429,3.9,17.806821914492676,17.464285714285715,5.428571428571429,3.9
vit-base-patch16-224_batch2-inf,2,bert-base-cased_batch2-train,7,wav2vec2-base-960h_batch2-inf,9,albert-base-v2_batch2-train,10,35961.4603913098,67.45085472767737,10.815099777889127,40.24518066467102,3779001.50924272,2914.346235876293,190287.54368530755,50.355027213149135,39.03476297296079,70.42541520673052,11074376.322716216,8536.651206481605,433609.84467992425,57.0700600941506,17.092804399867166,53.26075574181553,16058013.73841052,15230.693561487396,411285.4853574395,58.4276542042436,34.26425178992512,68.37910891218571,15451966.342910131,11099.815030370692,28.68378440897525,6.190129404515154,26.29477683856934,8.910784472083131,63.42342342342342,29.454545454545453,4.181818181818182,1.6,23.23807288304677,97.27272727272728,47.76623376623377,3.1,17.806821914492676,17.464285714285715,5.428571428571429,3.9,25.6782694402656,97.0,43.0,2.3
vit-base-patch16-224_batch2-inf,2,bert-base-cased_batch2-train,7,wav2vec2-base-960h_batch2-inf,9,whisper-large-v2_batch2-inf,11,35961.4603913098,67.45085472767737,10.815099777889127,40.24518066467102,3779001.50924272,2914.346235876293,190287.54368530755,50.355027213149135,39.03476297296079,70.42541520673052,11074376.322716216,8536.651206481605,433609.84467992425,57.0700600941506,17.092804399867166,53.26075574181553,16058013.73841052,15230.693561487396,407273.6437354477,71.71888252706013,17.28196639963645,63.66662208308519,15566445.000576952,10410.317650169076,23.48345860211872,5.761466225105476,21.48047229791099,1.8850464406895844,63.42342342342342,29.454545454545453,4.181818181818182,1.6,23.23807288304677,97.27272727272728,47.76623376623377,3.1,17.806821914492676,17.464285714285715,5.428571428571429,3.9,1.7085028704506966,37.63403263403264,16.834498834498834,8.3
vit-base-patch16-224_batch2-inf,2,bert-base-cased_batch2-train,7,albert-base-v2_batch2-train,10,whisper-large-v2_batch2-inf,11,35961.4603913098,67.45085472767737,10.815099777889127,40.24518066467102,3779001.50924272,2914.346235876293,190287.54368530755,50.355027213149135,39.03476297296079,70.42541520673052,11074376.322716216,8536.651206481605,411285.4853574395,58.4276542042436,34.26425178992512,68.37910891218571,15451966.342910131,11099.815030370692,407273.6437354477,71.71888252706013,17.28196639963645,63.66662208308519,15566445.000576952,10410.317650169076,25.189492528217563,6.445914006732399,8.891984444831389,2.0193490353018926,63.42342342342342,29.454545454545453,4.181818181818182,1.6,23.23807288304677,97.27272727272728,47.76623376623377,3.1,25.6782694402656,97.0,43.0,2.3,1.7085028704506966,37.63403263403264,16.834498834498834,8.3
vit-base-patch16-224_batch2-inf,2,bert-base-cased_batch2-train,7,whisper-large-v2_batch2-inf,11,whisper-large-v2_batch2-inf,11,35961.4603913098,67.45085472767737,10.815099777889127,40.24518066467102,3779001.50924272,2914.346235876293,190287.54368530755,50.355027213149135,39.03476297296079,70.42541520673052,11074376.322716216,8536.651206481605,407273.6437354477,71.71888252706013,17.28196639963645,63.66662208308519,15566445.000576952,10410.317650169076,407273.6437354477,71.71888252706013,17.28196639963645,63.66662208308519,15566445.000576952,10410.317650169076,23.13837541547612,7.002051556507002,1.6065355232349472,1.5559627952007191,63.42342342342342,29.454545454545453,4.181818181818182,1.6,23.23807288304677,97.27272727272728,47.76623376623377,3.1,1.7085028704506966,37.63403263403264,16.834498834498834,8.3,1.7085028704506966,37.63403263403264,16.834498834498834,8.3
vit-base-patch16-224_batch2-inf,2,wav2vec2-base-960h_batch2-inf,9,wav2vec2-base-960h_batch2-inf,9,wav2vec2-base-960h_batch2-inf,9,35961.4603913098,67.45085472767737,10.815099777889127,40.24518066467102,3779001.50924272,2914.346235876293,433609.84467992425,57.0700600941506,17.092804399867166,53.26075574181553,16058013.73841052,15230.693561487396,433609.84467992425,57.0700600941506,17.092804399867166,53.26075574181553,16058013.73841052,15230.693561487396,433609.84467992425,57.0700600941506,17.092804399867166,53.26075574181553,16058013.73841052,15230.693561487396,23.348043542218303,20.01042445668185,19.92890594143204,20.04594801567638,63.42342342342342,29.454545454545453,4.181818181818182,1.6,17.806821914492676,17.464285714285715,5.428571428571429,3.9,17.806821914492676,17.464285714285715,5.428571428571429,3.9,17.806821914492676,17.464285714285715,5.428571428571429,3.9
vit-base-patch16-224_batch2-inf,2,wav2vec2-base-960h_batch2-inf,9,wav2vec2-base-960h_batch2-inf,9,whisper-large-v2_batch2-inf,11,35961.4603913098,67.45085472767737,10.815099777889127,40.24518066467102,3779001.50924272,2914.346235876293,433609.84467992425,57.0700600941506,17.092804399867166,53.26075574181553,16058013.73841052,15230.693561487396,433609.84467992425,57.0700600941506,17.092804399867166,53.26075574181553,16058013.73841052,15230.693561487396,407273.6437354477,71.71888252706013,17.28196639963645,63.66662208308519,15566445.000576952,10410.317650169076,21.44795303936089,18.855737978164846,18.79577824315736,1.617404541418242,63.42342342342342,29.454545454545453,4.181818181818182,1.6,17.806821914492676,17.464285714285715,5.428571428571429,3.9,17.806821914492676,17.464285714285715,5.428571428571429,3.9,1.7085028704506966,37.63403263403264,16.834498834498834,8.3
vit-base-patch16-224_batch2-inf,2,wav2vec2-base-960h_batch2-inf,9,albert-base-v2_batch2-train,10,whisper-large-v2_batch2-inf,11,35961.4603913098,67.45085472767737,10.815099777889127,40.24518066467102,3779001.50924272,2914.346235876293,433609.84467992425,57.0700600941506,17.092804399867166,53.26075574181553,16058013.73841052,15230.693561487396,411285.4853574395,58.4276542042436,34.26425178992512,68.37910891218571,15451966.342910131,11099.815030370692,407273.6437354477,71.71888252706013,17.28196639963645,63.66662208308519,15566445.000576952,10410.317650169076,22.465803061871547,20.50084055629544,7.46949419933676,1.7761707661322297,63.42342342342342,29.454545454545453,4.181818181818182,1.6,17.806821914492676,17.464285714285715,5.428571428571429,3.9,25.6782694402656,97.0,43.0,2.3,1.7085028704506966,37.63403263403264,16.834498834498834,8.3
vit-base-patch16-224_batch2-inf,2,albert-base-v2_batch2-train,10,albert-base-v2_batch2-train,10,whisper-large-v2_batch2-inf,11,35961.4603913098,67.45085472767737,10.815099777889127,40.24518066467102,3779001.50924272,2914.346235876293,411285.4853574395,58.4276542042436,34.26425178992512,68.37910891218571,15451966.342910131,11099.815030370692,411285.4853574395,58.4276542042436,34.26425178992512,68.37910891218571,15451966.342910131,11099.815030370692,407273.6437354477,71.71888252706013,17.28196639963645,63.66662208308519,15566445.000576952,10410.317650169076,24.33191478924196,8.174291736047229,8.107760786008855,1.926107511819296,63.42342342342342,29.454545454545453,4.181818181818182,1.6,25.6782694402656,97.0,43.0,2.3,25.6782694402656,97.0,43.0,2.3,1.7085028704506966,37.63403263403264,16.834498834498834,8.3
vit-base-patch16-224_batch2-inf,2,albert-base-v2_batch2-train,10,whisper-large-v2_batch2-inf,11,whisper-large-v2_batch2-inf,11,35961.4603913098,67.45085472767737,10.815099777889127,40.24518066467102,3779001.50924272,2914.346235876293,411285.4853574395,58.4276542042436,34.26425178992512,68.37910891218571,15451966.342910131,11099.815030370692,407273.6437354477,71.71888252706013,17.28196639963645,63.66662208308519,15566445.000576952,10410.317650169076,407273.6437354477,71.71888252706013,17.28196639963645,63.66662208308519,15566445.000576952,10410.317650169076,21.97704816340999,8.762092421209294,1.5259072513766336,1.4949669446197802,63.42342342342342,29.454545454545453,4.181818181818182,1.6,25.6782694402656,97.0,43.0,2.3,1.7085028704506966,37.63403263403264,16.834498834498834,8.3,1.7085028704506966,37.63403263403264,16.834498834498834,8.3
vit-base-patch16-224_batch2-inf,2,whisper-large-v2_batch2-inf,11,whisper-large-v2_batch2-inf,11,whisper-large-v2_batch2-inf,11,35961.4603913098,67.45085472767737,10.815099777889127,40.24518066467102,3779001.50924272,2914.346235876293,407273.6437354477,71.71888252706013,17.28196639963645,63.66662208308519,15566445.000576952,10410.317650169076,407273.6437354477,71.71888252706013,17.28196639963645,63.66662208308519,15566445.000576952,10410.317650169076,407273.6437354477,71.71888252706013,17.28196639963645,63.66662208308519,15566445.000576952,10410.317650169076,25.62380534173684,1.2342001106524236,1.2293434832974774,1.1416882715315273,63.42342342342342,29.454545454545453,4.181818181818182,1.6,1.7085028704506966,37.63403263403264,16.834498834498834,8.3,1.7085028704506966,37.63403263403264,16.834498834498834,8.3,1.7085028704506966,37.63403263403264,16.834498834498834,8.3
vit_h_14_batch2-train,3,bert-base-cased_batch2-train,7,bert-base-cased_batch2-train,7,bert-base-cased_batch2-train,7,183316.888392316,44.95736442315827,46.30171509953436,72.30406066464882,9279376.251384592,6320.710134302391,190287.54368530755,50.355027213149135,39.03476297296079,70.42541520673052,11074376.322716216,8536.651206481605,190287.54368530755,50.355027213149135,39.03476297296079,70.42541520673052,11074376.322716216,8536.651206481605,190287.54368530755,50.355027213149135,39.03476297296079,70.42541520673052,11074376.322716216,8536.651206481605,2.9327999447352475,5.9496388364481625,5.950176307096549,5.994380646195444,6.908856242645105,97.51923076923076,47.9423,14.3,23.23807288304677,97.27272727272728,47.76623376623377,3.1,23.23807288304677,97.27272727272728,47.76623376623377,3.1,23.23807288304677,97.27272727272728,47.76623376623377,3.1
vit_h_14_batch2-train,3,bert-base-cased_batch2-train,7,bert-base-cased_batch2-train,7,albert-base-v2_batch2-train,10,183316.888392316,44.95736442315827,46.30171509953436,72.30406066464882,9279376.251384592,6320.710134302391,190287.54368530755,50.355027213149135,39.03476297296079,70.42541520673052,11074376.322716216,8536.651206481605,190287.54368530755,50.355027213149135,39.03476297296079,70.42541520673052,11074376.322716216,8536.651206481605,411285.4853574395,58.4276542042436,34.26425178992512,68.37910891218571,15451966.342910131,11099.815030370692,2.7432498066233744,5.6204465930796665,5.58583567487051,8.361634357795262,6.908856242645105,97.51923076923076,47.9423,14.3,23.23807288304677,97.27272727272728,47.76623376623377,3.1,23.23807288304677,97.27272727272728,47.76623376623377,3.1,25.6782694402656,97.0,43.0,2.3
vit_h_14_batch2-train,3,bert-base-cased_batch2-train,7,bert-base-cased_batch2-train,7,whisper-large-v2_batch2-inf,11,183316.888392316,44.95736442315827,46.30171509953436,72.30406066464882,9279376.251384592,6320.710134302391,190287.54368530755,50.355027213149135,39.03476297296079,70.42541520673052,11074376.322716216,8536.651206481605,190287.54368530755,50.355027213149135,39.03476297296079,70.42541520673052,11074376.322716216,8536.651206481605,407273.6437354477,71.71888252706013,17.28196639963645,63.66662208308519,15566445.000576952,10410.317650169076,2.0661860702730315,4.3876252144556975,4.368419544599977,1.7929981248429314,6.908856242645105,97.51923076923076,47.9423,14.3,23.23807288304677,97.27272727272728,47.76623376623377,3.1,23.23807288304677,97.27272727272728,47.76623376623377,3.1,1.7085028704506966,37.63403263403264,16.834498834498834,8.3
vit_h_14_batch2-train,3,wav2vec2-base-960h_batch2-inf,9,albert-base-v2_batch2-train,10,albert-base-v2_batch2-train,10,183316.888392316,44.95736442315827,46.30171509953436,72.30406066464882,9279376.251384592,6320.710134302391,433609.84467992425,57.0700600941506,17.092804399867166,53.26075574181553,16058013.73841052,15230.693561487396,411285.4853574395,58.4276542042436,34.26425178992512,68.37910891218571,15451966.342910131,11099.815030370692,411285.4853574395,58.4276542042436,34.26425178992512,68.37910891218571,15451966.342910131,11099.815030370692,2.0849152520559584,21.430733964793912,6.982325987344535,6.857285346189012,6.908856242645105,97.51923076923076,47.9423,14.3,17.806821914492676,17.464285714285715,5.428571428571429,3.9,25.6782694402656,97.0,43.0,2.3,25.6782694402656,97.0,43.0,2.3
vit_h_14_batch2-train,3,albert-base-v2_batch2-train,10,albert-base-v2_batch2-train,10,whisper-large-v2_batch2-inf,11,183316.888392316,44.95736442315827,46.30171509953436,72.30406066464882,9279376.251384592,6320.710134302391,411285.4853574395,58.4276542042436,34.26425178992512,68.37910891218571,15451966.342910131,11099.815030370692,411285.4853574395,58.4276542042436,34.26425178992512,68.37910891218571,15451966.342910131,11099.815030370692,407273.6437354477,71.71888252706013,17.28196639963645,63.66662208308519,15566445.000576952,10410.317650169076,1.8366562860186104,5.917884132486557,5.954491104314752,1.6152308323734623,6.908856242645105,97.51923076923076,47.9423,14.3,25.6782694402656,97.0,43.0,2.3,25.6782694402656,97.0,43.0,2.3,1.7085028704506966,37.63403263403264,16.834498834498834,8.3
bert-base-cased_batch2-train,7,bert-base-cased_batch2-train,7,bert-base-cased_batch2-train,7,wav2vec2-base-960h_batch2-inf,9,190287.54368530755,50.355027213149135,39.03476297296079,70.42541520673052,11074376.322716216,8536.651206481605,190287.54368530755,50.355027213149135,39.03476297296079,70.42541520673052,11074376.322716216,8536.651206481605,190287.54368530755,50.355027213149135,39.03476297296079,70.42541520673052,11074376.322716216,8536.651206481605,433609.84467992425,57.0700600941506,17.092804399867166,53.26075574181553,16058013.73841052,15230.693561487396,6.36105232842063,5.722208217796823,5.716496711142176,25.324866156421297,23.23807288304677,97.27272727272728,47.76623376623377,3.1,23.23807288304677,97.27272727272728,47.76623376623377,3.1,23.23807288304677,97.27272727272728,47.76623376623377,3.1,17.806821914492676,17.464285714285715,5.428571428571429,3.9
bert-base-cased_batch2-train,7,bert-base-cased_batch2-train,7,whisper-large-v2_batch2-inf,11,whisper-large-v2_batch2-inf,11,190287.54368530755,50.355027213149135,39.03476297296079,70.42541520673052,11074376.322716216,8536.651206481605,190287.54368530755,50.355027213149135,39.03476297296079,70.42541520673052,11074376.322716216,8536.651206481605,407273.6437354477,71.71888252706013,17.28196639963645,63.66662208308519,15566445.000576952,10410.317650169076,407273.6437354477,71.71888252706013,17.28196639963645,63.66662208308519,15566445.000576952,10410.317650169076,3.861899111295567,3.863065816350397,1.586163708574348,1.3293149250910268,23.23807288304677,97.27272727272728,47.76623376623377,3.1,23.23807288304677,97.27272727272728,47.76623376623377,3.1,1.7085028704506966,37.63403263403264,16.834498834498834,8.3,1.7085028704506966,37.63403263403264,16.834498834498834,8.3
bert-base-cased_batch2-train,7,wav2vec2-base-960h_batch2-inf,9,wav2vec2-base-960h_batch2-inf,9,albert-base-v2_batch2-train,10,190287.54368530755,50.355027213149135,39.03476297296079,70.42541520673052,11074376.322716216,8536.651206481605,433609.84467992425,57.0700600941506,17.092804399867166,53.26075574181553,16058013.73841052,15230.693561487396,433609.84467992425,57.0700600941506,17.092804399867166,53.26075574181553,16058013.73841052,15230.693561487396,411285.4853574395,58.4276542042436,34.26425178992512,68.37910891218571,15451966.342910131,11099.815030370692,4.488197311315762,21.275910559592948,21.097232643333182,6.941369118116561,23.23807288304677,97.27272727272728,47.76623376623377,3.1,17.806821914492676,17.464285714285715,5.428571428571429,3.9,17.806821914492676,17.464285714285715,5.428571428571429,3.9,25.6782694402656,97.0,43.0,2.3
bert-base-cased_batch2-train,7,wav2vec2-base-960h_batch2-inf,9,wav2vec2-base-960h_batch2-inf,9,whisper-large-v2_batch2-inf,11,190287.54368530755,50.355027213149135,39.03476297296079,70.42541520673052,11074376.322716216,8536.651206481605,433609.84467992425,57.0700600941506,17.092804399867166,53.26075574181553,16058013.73841052,15230.693561487396,433609.84467992425,57.0700600941506,17.092804399867166,53.26075574181553,16058013.73841052,15230.693561487396,407273.6437354477,71.71888252706013,17.28196639963645,63.66662208308519,15566445.000576952,10410.317650169076,4.023514043109079,17.568585737712183,17.4514845208326,1.5204247686697472,23.23807288304677,97.27272727272728,47.76623376623377,3.1,17.806821914492676,17.464285714285715,5.428571428571429,3.9,17.806821914492676,17.464285714285715,5.428571428571429,3.9,1.7085028704506966,37.63403263403264,16.834498834498834,8.3
bert-base-cased_batch2-train,7,wav2vec2-base-960h_batch2-inf,9,whisper-large-v2_batch2-inf,11,whisper-large-v2_batch2-inf,11,190287.54368530755,50.355027213149135,39.03476297296079,70.42541520673052,11074376.322716216,8536.651206481605,433609.84467992425,57.0700600941506,17.092804399867166,53.26075574181553,16058013.73841052,15230.693561487396,407273.6437354477,71.71888252706013,17.28196639963645,63.66662208308519,15566445.000576952,10410.317650169076,407273.6437354477,71.71888252706013,17.28196639963645,63.66662208308519,15566445.000576952,10410.317650169076,4.474540377603389,17.355364664057234,1.363832129013734,1.2996248252862854,23.23807288304677,97.27272727272728,47.76623376623377,3.1,17.806821914492676,17.464285714285715,5.428571428571429,3.9,1.7085028704506966,37.63403263403264,16.834498834498834,8.3,1.7085028704506966,37.63403263403264,16.834498834498834,8.3
bert-base-cased_batch2-train,7,albert-base-v2_batch2-train,10,whisper-large-v2_batch2-inf,11,whisper-large-v2_batch2-inf,11,190287.54368530755,50.355027213149135,39.03476297296079,70.42541520673052,11074376.322716216,8536.651206481605,411285.4853574395,58.4276542042436,34.26425178992512,68.37910891218571,15451966.342910131,11099.815030370692,407273.6437354477,71.71888252706013,17.28196639963645,63.66662208308519,15566445.000576952,10410.317650169076,407273.6437354477,71.71888252706013,17.28196639963645,63.66662208308519,15566445.000576952,10410.317650169076,3.9767636773503656,5.717236226854856,1.5684033400006347,1.1615913166288463,23.23807288304677,97.27272727272728,47.76623376623377,3.1,25.6782694402656,97.0,43.0,2.3,1.7085028704506966,37.63403263403264,16.834498834498834,8.3,1.7085028704506966,37.63403263403264,16.834498834498834,8.3
wav2vec2-base-960h_batch2-inf,9,wav2vec2-base-960h_batch2-inf,9,wav2vec2-base-960h_batch2-inf,9,wav2vec2-base-960h_batch2-inf,9,433609.84467992425,57.0700600941506,17.092804399867166,53.26075574181553,16058013.73841052,15230.693561487396,433609.84467992425,57.0700600941506,17.092804399867166,53.26075574181553,16058013.73841052,15230.693561487396,433609.84467992425,57.0700600941506,17.092804399867166,53.26075574181553,16058013.73841052,15230.693561487396,433609.84467992425,57.0700600941506,17.092804399867166,53.26075574181553,16058013.73841052,15230.693561487396,16.174574417731645,16.238847058245188,16.191884451052637,16.209099012896946,17.806821914492676,17.464285714285715,5.428571428571429,3.9,17.806821914492676,17.464285714285715,5.428571428571429,3.9,17.806821914492676,17.464285714285715,5.428571428571429,3.9,17.806821914492676,17.464285714285715,5.428571428571429,3.9
wav2vec2-base-960h_batch2-inf,9,wav2vec2-base-960h_batch2-inf,9,wav2vec2-base-960h_batch2-inf,9,albert-base-v2_batch2-train,10,433609.84467992425,57.0700600941506,17.092804399867166,53.26075574181553,16058013.73841052,15230.693561487396,433609.84467992425,57.0700600941506,17.092804399867166,53.26075574181553,16058013.73841052,15230.693561487396,433609.84467992425,57.0700600941506,17.092804399867166,53.26075574181553,16058013.73841052,15230.693561487396,411285.4853574395,58.4276542042436,34.26425178992512,68.37910891218571,15451966.342910131,11099.815030370692,18.10525161915028,18.00525077444381,18.06910383808916,6.0166778086626085,17.806821914492676,17.464285714285715,5.428571428571429,3.9,17.806821914492676,17.464285714285715,5.428571428571429,3.9,17.806821914492676,17.464285714285715,5.428571428571429,3.9,25.6782694402656,97.0,43.0,2.3
wav2vec2-base-960h_batch2-inf,9,wav2vec2-base-960h_batch2-inf,9,wav2vec2-base-960h_batch2-inf,9,whisper-large-v2_batch2-inf,11,433609.84467992425,57.0700600941506,17.092804399867166,53.26075574181553,16058013.73841052,15230.693561487396,433609.84467992425,57.0700600941506,17.092804399867166,53.26075574181553,16058013.73841052,15230.693561487396,433609.84467992425,57.0700600941506,17.092804399867166,53.26075574181553,16058013.73841052,15230.693561487396,407273.6437354477,71.71888252706013,17.28196639963645,63.66662208308519,15566445.000576952,10410.317650169076,15.45744523213464,15.385690221314848,15.451901862492106,1.305645361850286,17.806821914492676,17.464285714285715,5.428571428571429,3.9,17.806821914492676,17.464285714285715,5.428571428571429,3.9,17.806821914492676,17.464285714285715,5.428571428571429,3.9,1.7085028704506966,37.63403263403264,16.834498834498834,8.3
wav2vec2-base-960h_batch2-inf,9,wav2vec2-base-960h_batch2-inf,9,albert-base-v2_batch2-train,10,albert-base-v2_batch2-train,10,433609.84467992425,57.0700600941506,17.092804399867166,53.26075574181553,16058013.73841052,15230.693561487396,433609.84467992425,57.0700600941506,17.092804399867166,53.26075574181553,16058013.73841052,15230.693561487396,411285.4853574395,58.4276542042436,34.26425178992512,68.37910891218571,15451966.342910131,11099.815030370692,411285.4853574395,58.4276542042436,34.26425178992512,68.37910891218571,15451966.342910131,11099.815030370692,19.882829741984672,19.88821658287928,6.47748303516348,6.490067500553678,17.806821914492676,17.464285714285715,5.428571428571429,3.9,17.806821914492676,17.464285714285715,5.428571428571429,3.9,25.6782694402656,97.0,43.0,2.3,25.6782694402656,97.0,43.0,2.3
wav2vec2-base-960h_batch2-inf,9,albert-base-v2_batch2-train,10,albert-base-v2_batch2-train,10,albert-base-v2_batch2-train,10,433609.84467992425,57.0700600941506,17.092804399867166,53.26075574181553,16058013.73841052,15230.693561487396,411285.4853574395,58.4276542042436,34.26425178992512,68.37910891218571,15451966.342910131,11099.815030370692,411285.4853574395,58.4276542042436,34.26425178992512,68.37910891218571,15451966.342910131,11099.815030370692,411285.4853574395,58.4276542042436,34.26425178992512,68.37910891218571,15451966.342910131,11099.815030370692,22.02491415617464,7.046476761619191,7.209681572397219,7.046350766048226,17.806821914492676,17.464285714285715,5.428571428571429,3.9,25.6782694402656,97.0,43.0,2.3,25.6782694402656,97.0,43.0,2.3,25.6782694402656,97.0,43.0,2.3
wav2vec2-base-960h_batch2-inf,9,whisper-large-v2_batch2-inf,11,whisper-large-v2_batch2-inf,11,whisper-large-v2_batch2-inf,11,433609.84467992425,57.0700600941506,17.092804399867166,53.26075574181553,16058013.73841052,15230.693561487396,407273.6437354477,71.71888252706013,17.28196639963645,63.66662208308519,15566445.000576952,10410.317650169076,407273.6437354477,71.71888252706013,17.28196639963645,63.66662208308519,15566445.000576952,10410.317650169076,407273.6437354477,71.71888252706013,17.28196639963645,63.66662208308519,15566445.000576952,10410.317650169076,18.324195889537087,1.047013829307662,1.0371408549404346,1.103331211542542,17.806821914492676,17.464285714285715,5.428571428571429,3.9,1.7085028704506966,37.63403263403264,16.834498834498834,8.3,1.7085028704506966,37.63403263403264,16.834498834498834,8.3,1.7085028704506966,37.63403263403264,16.834498834498834,8.3
albert-base-v2_batch2-train,10,albert-base-v2_batch2-train,10,albert-base-v2_batch2-train,10,albert-base-v2_batch2-train,10,411285.4853574395,58.4276542042436,34.26425178992512,68.37910891218571,15451966.342910131,11099.815030370692,411285.4853574395,58.4276542042436,34.26425178992512,68.37910891218571,15451966.342910131,11099.815030370692,411285.4853574395,58.4276542042436,34.26425178992512,68.37910891218571,15451966.342910131,11099.815030370692,411285.4853574395,58.4276542042436,34.26425178992512,68.37910891218571,15451966.342910131,11099.815030370692,7.90151412465416,7.897830288298699,7.903562185721748,7.901325126373364,25.6782694402656,97.0,43.0,2.3,25.6782694402656,97.0,43.0,2.3,25.6782694402656,97.0,43.0,2.3,25.6782694402656,97.0,43.0,2.3
albert-base-v2_batch2-train,10,albert-base-v2_batch2-train,10,albert-base-v2_batch2-train,10,whisper-large-v2_batch2-inf,11,411285.4853574395,58.4276542042436,34.26425178992512,68.37910891218571,15451966.342910131,11099.815030370692,411285.4853574395,58.4276542042436,34.26425178992512,68.37910891218571,15451966.342910131,11099.815030370692,411285.4853574395,58.4276542042436,34.26425178992512,68.37910891218571,15451966.342910131,11099.815030370692,407273.6437354477,71.71888252706013,17.28196639963645,63.66662208308519,15566445.000576952,10410.317650169076,6.810575693551667,6.810434854537246,6.870755609788227,1.3939950980392155,25.6782694402656,97.0,43.0,2.3,25.6782694402656,97.0,43.0,2.3,25.6782694402656,97.0,43.0,2.3,1.7085028704506966,37.63403263403264,16.834498834498834,8.3
albert-base-v2_batch2-train,10,albert-base-v2_batch2-train,10,whisper-large-v2_batch2-inf,11,whisper-large-v2_batch2-inf,11,411285.4853574395,58.4276542042436,34.26425178992512,68.37910891218571,15451966.342910131,11099.815030370692,411285.4853574395,58.4276542042436,34.26425178992512,68.37910891218571,15451966.342910131,11099.815030370692,407273.6437354477,71.71888252706013,17.28196639963645,63.66662208308519,15566445.000576952,10410.317650169076,407273.6437354477,71.71888252706013,17.28196639963645,63.66662208308519,15566445.000576952,10410.317650169076,4.984608574935114,4.984658719380313,1.3733182323041653,1.3727323937499658,25.6782694402656,97.0,43.0,2.3,25.6782694402656,97.0,43.0,2.3,1.7085028704506966,37.63403263403264,16.834498834498834,8.3,1.7085028704506966,37.63403263403264,16.834498834498834,8.3
albert-base-v2_batch2-train,10,whisper-large-v2_batch2-inf,11,whisper-large-v2_batch2-inf,11,whisper-large-v2_batch2-inf,11,411285.4853574395,58.4276542042436,34.26425178992512,68.37910891218571,15451966.342910131,11099.815030370692,407273.6437354477,71.71888252706013,17.28196639963645,63.66662208308519,15566445.000576952,10410.317650169076,407273.6437354477,71.71888252706013,17.28196639963645,63.66662208308519,15566445.000576952,10410.317650169076,407273.6437354477,71.71888252706013,17.28196639963645,63.66662208308519,15566445.000576952,10410.317650169076,5.163556027969696,1.2096937564753345,1.201923076923077,0.8332079663939453,25.6782694402656,97.0,43.0,2.3,1.7085028704506966,37.63403263403264,16.834498834498834,8.3,1.7085028704506966,37.63403263403264,16.834498834498834,8.3,1.7085028704506966,37.63403263403264,16.834498834498834,8.3
